image_id,codec,effort,threads,bytes,raw_bytes,encode_ns,decode_ns,verified,warmups,repeats,encode_ns_samples,decode_ns_samples
syn_waves_0,original_zpng,0,1,19796,589824,362576,307463,1,1,3,"[360573,362576,362757]","[307463,311810,307343]"
syn_waves_0,png,0,1,83190,589824,24348548,1608893,1,1,3,"[24339955,24365364,24348548]","[1615923,1606859,1608893]"
syn_waves_0,zlpng,1,1,64716,589824,554665,408726,1,1,3,"[555937,546543,554665]","[408726,408815,406863]"
syn_waves_0,zlpng,1,8,64716,589824,271088,335194,1,1,3,"[271088,528566,261544]","[196617,335194,390248]"
syn_waves_0,zlpng,2,1,53280,589824,531450,528697,1,1,3,"[531450,526533,534014]","[528697,527144,531921]"
syn_waves_0,zlpng,2,8,53280,589824,508747,389326,1,1,3,"[508747,249116,531621]","[389326,250126,503568]"
syn_waves_0,zlpng,3,1,50590,589824,557519,503779,1,1,3,"[562417,557519,547164]","[502217,505512,503779]"
syn_waves_0,zlpng,3,8,50590,589824,501385,453183,1,1,3,"[256706,545942,501385]","[453183,240933,488806]"
syn_waves_0,zlpng,4,1,50031,589824,578090,500735,1,1,3,"[576738,585802,578090]","[497289,500735,506633]"
syn_waves_0,zlpng,4,8,50031,589824,275515,245930,1,1,3,"[274003,275515,283146]","[245930,237818,479482]"
syn_waves_0,zlpng,5,1,45128,589824,1327559,495106,1,1,3,"[1334249,1327559,1321740]","[493523,495365,495106]"
syn_waves_0,zlpng,5,8,45128,589824,668887,381645,1,1,3,"[1151935,668887,649819]","[232560,384950,381645]"
syn_waves_0,zlpng,6,1,40928,589824,1726730,478711,1,1,3,"[1730797,1720581,1726730]","[476587,478711,485141]"
syn_waves_0,zlpng,6,8,40928,589824,1076882,440143,1,1,3,"[1267719,1076882,789239]","[452992,238089,440143]"
syn_waves_0,zlpng,7,1,42738,589824,2191060,474374,1,1,3,"[2189938,2198281,2191060]","[474114,474374,476628]"
syn_waves_0,zlpng,7,8,42738,589824,1296923,227102,1,1,3,"[1296923,1495261,987467]","[222275,447153,227102]"
syn_waves_0,zlpng,8,1,43181,589824,7322077,480213,1,1,3,"[7321506,7341025,7322077]","[478691,480213,483307]"
syn_waves_0,zlpng,8,8,43181,589824,3513341,456527,1,1,3,"[3792321,3358938,3513341]","[467865,446332,456527]"
sk_protein_t07_c0,original_zpng,0,1,14723,32940,130236,44968,1,1,3,"[130236,129345,130416]","[44817,44968,45188]"
sk_protein_t07_c0,png,0,1,15513,32940,1146526,195224,1,1,3,"[1153938,1146526,1145615]","[195224,193011,195885]"
sk_protein_t07_c0,zlpng,1,1,16852,32940,92580,56014,1,1,3,"[93300,92580,91458]","[56916,56014,55563]"
sk_protein_t07_c0,zlpng,1,8,16852,32940,87312,54051,1,1,3,"[86951,87312,90116]","[54051,53250,55203]"
sk_protein_t07_c0,zlpng,2,1,16681,32940,78928,64648,1,1,3,"[81543,69385,78928]","[65719,60431,64648]"
sk_protein_t07_c0,zlpng,2,8,16681,32940,81562,65789,1,1,3,"[70186,81562,86180]","[60661,65789,66190]"
sk_protein_t07_c0,zlpng,3,1,16694,32940,89925,67862,1,1,3,"[89925,88984,90106]","[67732,68103,67862]"
sk_protein_t07_c0,zlpng,3,8,16694,32940,89194,67672,1,1,3,"[93521,89135,89194]","[68443,67531,67672]"
sk_protein_t07_c0,zlpng,4,1,16547,32940,117988,63957,1,1,3,"[130336,117988,115744]","[63957,63515,64457]"
sk_protein_t07_c0,zlpng,4,8,16547,32940,121874,64808,1,1,3,"[114252,122584,121874]","[63856,64898,64808]"
sk_protein_t07_c0,zlpng,5,1,16630,32940,132770,65919,1,1,3,"[129695,132770,136576]","[65449,65919,66310]"
sk_protein_t07_c0,zlpng,5,8,16630,32940,134172,66220,1,1,3,"[144257,130937,134172]","[66640,66060,66220]"
sk_protein_t07_c0,zlpng,6,1,16532,32940,242274,69204,1,1,3,"[244067,242274,234703]","[70066,69204,67422]"
sk_protein_t07_c0,zlpng,6,8,16532,32940,236386,68092,1,1,3,"[240602,236386,225459]","[69124,68092,66490]"
sk_protein_t07_c0,zlpng,7,1,16330,32940,313252,64768,1,1,3,"[313252,309606,320072]","[64337,64768,67211]"
sk_protein_t07_c0,zlpng,7,8,16330,32940,322396,65558,1,1,3,"[322396,307783,323347]","[65729,64087,65558]"
sk_protein_t07_c0,zlpng,8,1,15960,32940,930041,119700,1,1,3,"[925143,930041,932995]","[118399,119700,119700]"
sk_protein_t07_c0,zlpng,8,8,15960,32940,931323,118889,1,1,3,"[934087,931323,922949]","[120492,118889,117737]"
cbsd68_0056,original_zpng,0,1,240300,463203,1021077,439312,1,1,3,"[1024783,1018023,1021077]","[439642,439312,436557]"
cbsd68_0056,png,0,1,316509,463203,23506229,2190749,1,1,3,"[23280690,23626491,23506229]","[2192331,2190749,2189277]"
cbsd68_0056,zlpng,1,1,222632,463203,807736,365501,1,1,3,"[807766,807736,801847]","[366712,365501,361134]"
cbsd68_0056,zlpng,1,8,222632,463203,736189,351730,1,1,3,"[745783,731401,736189]","[351730,351720,357498]"
cbsd68_0056,zlpng,2,1,226512,463203,870952,518190,1,1,3,"[865975,874387,870952]","[518190,518361,516047]"
cbsd68_0056,zlpng,2,8,226512,463203,796730,493684,1,1,3,"[789770,802068,796730]","[509437,291619,493684]"
cbsd68_0056,zlpng,3,1,229477,463203,1312566,522376,1,1,3,"[1312566,1318486,1307680]","[518782,523078,522376]"
cbsd68_0056,zlpng,3,8,229477,463203,834557,503308,1,1,3,"[816659,1065054,834557]","[517218,503308,301213]"
cbsd68_0056,zlpng,4,1,236663,463203,1609474,577059,1,1,3,"[1609474,1608232,1613861]","[577059,576378,578000]"
cbsd68_0056,zlpng,4,8,236663,463203,1185595,523218,1,1,3,"[1185595,1133346,1241700]","[552853,336697,523218]"
cbsd68_0056,zlpng,5,1,227653,463203,2545103,530508,1,1,3,"[2519213,2545103,2547457]","[526653,532873,530508]"
cbsd68_0056,zlpng,5,8,227653,463203,1683185,477239,1,1,3,"[1684257,1682153,1683185]","[306051,477239,479081]"
cbsd68_0056,zlpng,6,1,226631,463203,3183444,520173,1,1,3,"[3177425,3183444,3184085]","[515386,521025,520173]"
cbsd68_0056,zlpng,6,8,226631,463203,2069887,460143,1,1,3,"[2077568,2069887,2068215]","[474475,301624,460143]"
cbsd68_0056,zlpng,7,1,225694,463203,3598979,512782,1,1,3,"[3638119,3593572,3598979]","[513974,512782,510680]"
cbsd68_0056,zlpng,7,8,225694,463203,2297510,460504,1,1,3,"[2293514,2300384,2297510]","[300242,461084,460504]"
cbsd68_0056,zlpng,8,1,208236,463203,16318345,1759700,1,1,3,"[16341479,16318345,16294558]","[1761123,1740361,1759700]"
cbsd68_0056,zlpng,8,8,208236,463203,9488809,1288060,1,1,3,"[9489701,9488809,9453005]","[1390354,1043902,1288060]"
cbsd68_0037,original_zpng,0,1,189358,463203,996310,471780,1,1,3,"[1068129,996310,990451]","[512732,471780,467104]"
cbsd68_0037,png,0,1,252721,463203,21983656,2172592,1,1,3,"[22883261,21983656,21958699]","[2180754,2164940,2172592]"
cbsd68_0037,zlpng,1,1,174122,463203,753194,350428,1,1,3,"[794306,753194,742759]","[369807,350428,347814]"
cbsd68_0037,zlpng,1,8,174122,463203,691712,342786,1,1,3,"[642157,691712,693814]","[331479,342786,363107]"
cbsd68_0037,zlpng,2,1,176885,463203,851933,514154,1,1,3,"[914427,836630,851933]","[555927,514154,512461]"
cbsd68_0037,zlpng,2,8,176885,463203,771302,520163,1,1,3,"[771302,474004,804692]","[552883,456687,520163]"
cbsd68_0037,zlpng,3,1,178917,463203,1140808,507034,1,1,3,"[1207198,1140808,1129270]","[542377,507034,499503]"
cbsd68_0037,zlpng,3,8,178917,463203,948759,498831,1,1,3,"[1004303,617019,948759]","[498831,501194,477349]"
cbsd68_0037,zlpng,4,1,182916,463203,1290624,537279,1,1,3,"[1383143,1286488,1290624]","[576448,533934,537279]"
cbsd68_0037,zlpng,4,8,182916,463203,1069040,515046,1,1,3,"[1069040,1227479,1062751]","[515046,535356,509347]"
cbsd68_0037,zlpng,5,1,176633,463203,2367826,505812,1,1,3,"[2589179,2350800,2367826]","[536929,505812,502277]"
cbsd68_0037,zlpng,5,8,176633,463203,1413429,382917,1,1,3,"[1489042,1308741,1413429]","[489017,382917,286090]"
cbsd68_0037,zlpng,6,1,175609,463203,3009282,492142,1,1,3,"[3229644,2999677,3009282]","[527384,492142,491260]"
cbsd68_0037,zlpng,6,8,175609,463203,1843416,479872,1,1,3,"[1843416,1654532,1945280]","[481105,474174,479872]"
cbsd68_0037,zlpng,7,1,174319,463203,3497427,486804,1,1,3,"[3497427,3501803,3493541]","[488836,485972,486804]"
cbsd68_0037,zlpng,7,8,174319,463203,1928334,473423,1,1,3,"[2986628,1921593,1928334]","[464800,478520,473423]"
cbsd68_0037,zlpng,8,1,160190,463203,15770630,1325085,1,1,3,"[16867792,15770630,15738141]","[1411175,1325085,1314229]"
cbsd68_0037,zlpng,8,8,160190,463203,9082488,1097232,1,1,3,"[9755131,9056900,9082488]","[987908,1097232,1350154]"
r3_syn_quadratic_tiles_1,original_zpng,0,1,90049,787456,1131834,850621,1,1,3,"[1131834,1120608,1444595]","[850621,841968,855769]"
r3_syn_quadratic_tiles_1,png,0,1,93771,787456,22052921,2077899,1,1,3,"[22091729,22052921,22003246]","[2077899,2091340,2066502]"
r3_syn_quadratic_tiles_1,zlpng,1,1,94237,787456,920927,762659,1,1,3,"[921378,920927,919535]","[766464,762659,760485]"
r3_syn_quadratic_tiles_1,zlpng,1,8,94237,787456,669348,282596,1,1,3,"[710120,669348,513523]","[543098,282596,279130]"
r3_syn_quadratic_tiles_1,zlpng,2,1,76621,787456,1890026,1225726,1,1,3,"[1890026,1886992,1893761]","[1225726,1227879,1223282]"
r3_syn_quadratic_tiles_1,zlpng,2,8,76621,787456,1355742,815608,1,1,3,"[833055,1355742,1372668]","[763029,815608,818863]"
r3_syn_quadratic_tiles_1,zlpng,3,1,63217,787456,1630095,979826,1,1,3,"[1640019,1630095,1626940]","[982740,969410,979826]"
r3_syn_quadratic_tiles_1,zlpng,3,8,63217,787456,1054027,662167,1,1,3,"[1229341,1054027,925905]","[671031,662167,566833]"
r3_syn_quadratic_tiles_1,zlpng,4,1,63217,787456,1642554,972083,1,1,3,"[1845879,1642554,1623265]","[979164,972083,965745]"
r3_syn_quadratic_tiles_1,zlpng,4,8,63217,787456,1033627,391770,1,1,3,"[1499248,992124,1033627]","[658712,391770,387694]"
r3_syn_quadratic_tiles_1,zlpng,5,1,43459,787456,3353259,832153,1,1,3,"[3359700,3353259,3341743]","[832153,835948,831913]"
r3_syn_quadratic_tiles_1,zlpng,5,8,43459,787456,1895615,661626,1,1,3,"[2516770,1652769,1895615]","[701016,437158,661626]"
r3_syn_quadratic_tiles_1,zlpng,6,1,43459,787456,3341081,831162,1,1,3,"[3341081,3356905,3339590]","[833576,831162,830300]"
r3_syn_quadratic_tiles_1,zlpng,6,8,43459,787456,2185601,676238,1,1,3,"[2024799,2185601,2191000]","[689849,676238,644631]"
r3_syn_quadratic_tiles_1,zlpng,7,1,43459,787456,3351808,831973,1,1,3,"[3365989,3330376,3351808]","[831973,829669,836580]"
r3_syn_quadratic_tiles_1,zlpng,7,8,43459,787456,2051289,698481,1,1,3,"[2051289,2046713,2183438]","[585792,700715,698481]"
r3_syn_quadratic_tiles_1,zlpng,8,1,40524,787456,13571558,991393,1,1,3,"[13571558,13571879,13543877]","[991343,991393,1015109]"
r3_syn_quadratic_tiles_1,zlpng,8,8,40524,787456,6461501,606233,1,1,3,"[6685388,6166016,6461501]","[965184,543759,606233]"
r3_syn_sparse_values16_1,original_zpng,0,1,49542,787456,630119,426843,1,1,3,"[629317,631531,630119]","[426342,426843,428426]"
r3_syn_sparse_values16_1,png,0,1,37780,787456,4930265,946035,1,1,3,"[4938337,4929834,4930265]","[946145,944512,946035]"
r3_syn_sparse_values16_1,zlpng,1,1,81611,787456,639644,726945,1,1,3,"[639644,639082,648717]","[729348,726945,726734]"
r3_syn_sparse_values16_1,zlpng,1,8,81611,787456,485151,514745,1,1,3,"[485151,504069,254774]","[514745,442697,517540]"
r3_syn_sparse_values16_1,zlpng,2,1,60314,787456,1155821,780595,1,1,3,"[1151615,1162972,1155821]","[780595,780535,784151]"
r3_syn_sparse_values16_1,zlpng,2,8,60314,787456,684521,563669,1,1,3,"[684521,501125,883080]","[563669,286782,566323]"
r3_syn_sparse_values16_1,zlpng,3,1,60524,787456,1308971,777541,1,1,3,"[1317354,1308971,1301460]","[778342,777541,776139]"
r3_syn_sparse_values16_1,zlpng,3,8,60524,787456,1004683,286662,1,1,3,"[903771,1004683,1051153]","[518671,283416,286662]"
r3_syn_sparse_values16_1,zlpng,4,1,60524,787456,1329592,776059,1,1,3,"[1327529,1340419,1329592]","[774807,776059,777311]"
r3_syn_sparse_values16_1,zlpng,4,8,60524,787456,648687,288184,1,1,3,"[758973,563348,648687]","[288184,366292,281444]"
r3_syn_sparse_values16_1,zlpng,5,1,60230,787456,2426163,780536,1,1,3,"[2426163,2448697,2418843]","[778082,780536,782919]"
r3_syn_sparse_values16_1,zlpng,5,8,60230,787456,1698348,551240,1,1,3,"[1698348,1034838,1751718]","[568677,281875,551240]"
r3_syn_sparse_values16_1,zlpng,6,1,60230,787456,2465903,780926,1,1,3,"[2465903,2448808,2494336]","[783210,780926,779825]"
r3_syn_sparse_values16_1,zlpng,6,8,60230,787456,1212756,494164,1,1,3,"[1693681,1212756,1045024]","[494164,559413,287203]"
r3_syn_sparse_values16_1,zlpng,7,1,60230,787456,2487897,779413,1,1,3,"[2498402,2475058,2487897]","[781406,779413,778963]"
r3_syn_sparse_values16_1,zlpng,7,8,60230,787456,1666590,544720,1,1,3,"[1348891,1666590,1749935]","[544720,317348,564160]"
r3_syn_sparse_values16_1,zlpng,8,1,60440,787456,4933870,725913,1,1,3,"[4930396,4933870,4955913]","[723089,726504,725913]"
r3_syn_sparse_values16_1,zlpng,8,8,60440,787456,2140774,551451,1,1,3,"[2140774,1821302,2374035]","[547704,551451,554235]"
cbsd68_0065,original_zpng,0,1,236174,463203,1010111,452442,1,1,3,"[1010111,1010221,1009751]","[452442,451130,454605]"
cbsd68_0065,png,0,1,325523,463203,22197398,1927122,1,1,3,"[22188885,22199882,22197398]","[1922606,1932260,1927122]"
cbsd68_0065,zlpng,1,1,215770,463203,808508,355085,1,1,3,"[803100,808508,811702]","[354714,355085,358971]"
cbsd68_0065,zlpng,1,8,215770,463203,662658,338329,1,1,3,"[662658,733084,465151]","[338329,330798,339722]"
cbsd68_0065,zlpng,2,1,220925,463203,880607,529067,1,1,3,"[880607,882669,879224]","[529487,529067,528697]"
cbsd68_0065,zlpng,2,8,220925,463203,684050,491841,1,1,3,"[824152,684050,490959]","[539031,487765,491841]"
cbsd68_0065,zlpng,3,1,221916,463203,1071764,509377,1,1,3,"[1071764,1072545,1070412]","[509137,509598,509377]"
cbsd68_0065,zlpng,3,8,221916,463203,876219,498141,1,1,3,"[876219,873125,937401]","[517139,482647,498141]"
cbsd68_0065,zlpng,4,1,225302,463203,1316272,544540,1,1,3,"[1315792,1316272,1327740]","[549277,543629,544540]"
cbsd68_0065,zlpng,4,8,225302,463203,807126,492031,1,1,3,"[803089,1005555,807126]","[498451,485821,492031]"
cbsd68_0065,zlpng,5,1,219049,463203,2002616,514284,1,1,3,"[2002616,2012000,1995535]","[512151,515156,514284]"
cbsd68_0065,zlpng,5,8,219049,463203,1328230,479863,1,1,3,"[1506509,1265525,1328230]","[472131,489778,479863]"
cbsd68_0065,zlpng,6,1,217922,463203,2726376,502046,1,1,3,"[2728198,2726376,2697752]","[502046,499291,502387]"
cbsd68_0065,zlpng,6,8,217922,463203,1705067,472532,1,1,3,"[1723706,1592528,1705067]","[468996,489998,472532]"
cbsd68_0065,zlpng,7,1,217038,463203,3081771,491871,1,1,3,"[3124966,3075752,3081771]","[495506,491871,491590]"
cbsd68_0065,zlpng,7,8,217038,463203,1973592,479321,1,1,3,"[2082416,1973592,1738398]","[463038,492301,479321]"
cbsd68_0065,zlpng,8,1,208779,463203,18054949,1666239,1,1,3,"[18065556,18026127,18054949]","[1666239,1678097,1662433]"
cbsd68_0065,zlpng,8,8,208779,463203,10051427,1041939,1,1,3,"[10021822,10068593,10051427]","[1041939,965284,1044263]"
openmoji_1f4bb,original_zpng,0,1,8776,1527696,517499,482957,1,1,3,"[517499,515065,526323]","[482957,482076,487985]"
openmoji_1f4bb,png,0,1,11270,1527696,7564792,2937363,1,1,3,"[7564792,7600897,7533295]","[2936713,2940789,2937363]"
openmoji_1f4bb,zlpng,1,1,9084,1527696,286271,673364,1,1,3,"[288564,284739,286271]","[675828,673364,670059]"
openmoji_1f4bb,zlpng,1,8,9084,1527696,163687,313442,1,1,3,"[172470,163687,109294]","[314303,313442,169665]"
openmoji_1f4bb,zlpng,2,1,6119,1527696,267753,621857,1,1,3,"[267753,274243,260132]","[620595,621857,622738]"
openmoji_1f4bb,zlpng,2,8,6119,1527696,136605,254323,1,1,3,"[136605,131488,145399]","[254323,255585,251658]"
openmoji_1f4bb,zlpng,3,1,6244,1527696,268575,605121,1,1,3,"[273312,266662,268575]","[605021,611440,605121]"
openmoji_1f4bb,zlpng,3,8,6244,1527696,149224,246231,1,1,3,"[149224,150837,110627]","[248224,246231,209856]"
openmoji_1f4bb,zlpng,4,1,6298,1527696,306501,610490,1,1,3,"[306501,293011,315385]","[611591,604581,610490]"
openmoji_1f4bb,zlpng,4,8,6298,1527696,127182,255195,1,1,3,"[119089,127182,162975]","[143546,259060,255195]"
openmoji_1f4bb,zlpng,5,1,6096,1527696,514885,613054,1,1,3,"[517259,497228,514885]","[614295,613054,612572]"
openmoji_1f4bb,zlpng,5,8,6096,1527696,248904,249556,1,1,3,"[182685,248904,266121]","[143807,271578,249556]"
openmoji_1f4bb,zlpng,6,1,6083,1527696,541696,609858,1,1,3,"[542277,541696,534825]","[610980,609347,609858]"
openmoji_1f4bb,zlpng,6,8,6083,1527696,274042,253442,1,1,3,"[295925,274042,219160]","[253442,259421,152560]"
openmoji_1f4bb,zlpng,7,1,5918,1527696,732413,609398,1,1,3,"[732413,726865,747355]","[608697,609398,610119]"
openmoji_1f4bb,zlpng,7,8,5918,1527696,251269,148644,1,1,3,"[348435,251269,247523]","[254122,141803,148644]"
openmoji_1f4bb,zlpng,8,1,5125,1527696,12351291,595507,1,1,3,"[12437781,12351291,12286593]","[591711,596198,595507]"
openmoji_1f4bb,zlpng,8,8,5125,1527696,2315246,248313,1,1,3,"[2538173,2295067,2315246]","[251358,243777,248313]"
kodak_20,original_zpng,0,1,477545,1179648,2033572,905243,1,1,3,"[2085811,2033572,2032701]","[907447,904683,905243]"
kodak_20,png,0,1,511723,1179648,59593605,4356471,1,1,3,"[59649710,59581988,59593605]","[4353947,4359245,4356471]"
kodak_20,zlpng,1,1,415808,1179648,1350464,784051,1,1,3,"[1347640,1359427,1350464]","[783339,784051,784992]"
kodak_20,zlpng,1,8,415808,1179648,840206,427123,1,1,3,"[840206,483077,911903]","[356687,427123,448406]"
kodak_20,zlpng,2,1,423476,1179648,1773871,1076641,1,1,3,"[2055275,1773871,1767812]","[1076531,1076641,1077934]"
kodak_20,zlpng,2,8,423476,1179648,866995,554966,1,1,3,"[804432,866995,1035099]","[558060,554966,474144]"
kodak_20,zlpng,3,1,434648,1179648,2859476,1159597,1,1,3,"[2847488,2859476,2865074]","[1156982,1159777,1159597]"
kodak_20,zlpng,3,8,434648,1179648,1285716,512983,1,1,3,"[1390293,1285716,945234]","[393893,602748,512983]"
kodak_20,zlpng,4,1,454659,1179648,3536376,1292296,1,1,3,"[3528303,3536376,3544568]","[1292296,1291134,1293698]"
kodak_20,zlpng,4,8,454659,1179648,1220938,366742,1,1,3,"[1220938,1808394,1145405]","[366361,516988,366742]"
kodak_20,zlpng,5,1,431352,1179648,5515055,1160818,1,1,3,"[5515055,5512972,5523699]","[1160818,1160538,1161229]"
kodak_20,zlpng,5,8,431352,1179648,2260555,632913,1,1,3,"[2260555,2407937,1755434]","[648807,396116,632913]"
kodak_20,zlpng,6,1,430402,1179648,6502332,1150162,1,1,3,"[6479898,6507981,6502332]","[1150162,1151955,1149351]"
kodak_20,zlpng,6,8,430402,1179648,2639755,611961,1,1,3,"[2123949,2768299,2639755]","[428365,611961,632192]"
kodak_20,zlpng,7,1,428898,1179648,7608519,1141889,1,1,3,"[7608519,7595388,7626165]","[1141839,1141889,1143292]"
kodak_20,zlpng,7,8,428898,1179648,2610141,320252,1,1,3,"[3058606,2438231,2610141]","[498841,315846,320252]"
kodak_20,zlpng,8,1,399298,1179648,25769157,2487096,1,1,3,"[25769157,25780915,25706023]","[2484962,2487096,2498202]"
kodak_20,zlpng,8,8,399298,1179648,11824437,1348601,1,1,3,"[11824437,11122941,11826631]","[1348601,1137663,1417254]"
syn_phantom16_1,original_zpng,0,1,4830,785918,232320,227843,1,1,3,"[232380,232320,228234]","[227843,225750,228674]"
syn_phantom16_1,png,0,1,5981,785918,3835175,1217333,1,1,3,"[3817048,3835175,3847304]","[1220178,1214599,1217333]"
syn_phantom16_1,zlpng,1,1,7525,785918,172940,576729,1,1,3,"[172940,172640,173352]","[576729,574655,579272]"
syn_phantom16_1,zlpng,1,8,7525,785918,183366,282506,1,1,3,"[149194,186361,183366]","[216276,399692,282506]"
syn_phantom16_1,zlpng,2,1,5824,785918,306682,588356,1,1,3,"[305400,306682,316587]","[586844,588356,591922]"
syn_phantom16_1,zlpng,2,8,5824,785918,234163,423858,1,1,3,"[234163,193822,234773]","[423858,220592,431911]"
syn_phantom16_1,zlpng,3,1,5370,785918,327624,586393,1,1,3,"[321023,327624,342836]","[582127,586393,586544]"
syn_phantom16_1,zlpng,3,8,5370,785918,361364,425410,1,1,3,"[305279,566162,361364]","[217778,426693,425410]"
syn_phantom16_1,zlpng,4,1,5370,785918,314053,577911,1,1,3,"[313462,314053,320653]","[577249,577911,585582]"
syn_phantom16_1,zlpng,4,8,5370,785918,275225,431570,1,1,3,"[335896,234533,275225]","[219310,431570,442376]"
syn_phantom16_1,zlpng,5,1,4750,785918,1289271,580394,1,1,3,"[1289271,1294669,1257093]","[580815,580394,578241]"
syn_phantom16_1,zlpng,5,8,4750,785918,943611,220863,1,1,3,"[968208,659233,943611]","[220863,219561,426313]"
syn_phantom16_1,zlpng,6,1,4750,785918,1270583,579203,1,1,3,"[1258765,1295170,1270583]","[576248,579203,581465]"
syn_phantom16_1,zlpng,6,8,4750,785918,948448,415756,1,1,3,"[948448,868709,1008670]","[247553,415756,418680]"
syn_phantom16_1,zlpng,7,1,4750,785918,1283313,581596,1,1,3,"[1285365,1282792,1283313]","[581626,581596,576147]"
syn_phantom16_1,zlpng,7,8,4750,785918,1061969,424329,1,1,3,"[1004313,1136372,1061969]","[215975,433593,424329]"
syn_phantom16_1,zlpng,8,1,3334,785918,3899593,564530,1,1,3,"[3899593,3857128,3978241]","[564530,566063,561616]"
syn_phantom16_1,zlpng,8,8,3334,785918,1611006,317208,1,1,3,"[1611006,1362101,1910287]","[317208,211959,410328]"
sk_color,original_zpng,0,1,93289,411810,913505,399281,1,1,3,"[913415,913505,915679]","[401275,399281,397629]"
sk_color,png,0,1,81654,411810,19340105,1456794,1,1,3,"[19355428,19286605,19340105]","[1456794,1455922,1456834]"
sk_color,zlpng,1,1,95890,411810,736820,305039,1,1,3,"[744471,736029,736820]","[309326,305039,302595]"
sk_color,zlpng,1,8,95890,411810,633023,248985,1,1,3,"[633023,652903,626594]","[262185,248985,197938]"
sk_color,zlpng,2,1,97899,411810,781487,442707,1,1,3,"[787336,781487,780475]","[445281,442707,439812]"
sk_color,zlpng,2,8,97899,411810,531230,340462,1,1,3,"[531230,497258,644280]","[358741,340462,285490]"
sk_color,zlpng,3,1,98372,411810,939995,419021,1,1,3,"[939995,940556,939345]","[419833,418911,419021]"
sk_color,zlpng,3,8,98372,411810,586663,332891,1,1,3,"[585782,586834,586663]","[332891,345991,272671]"
sk_color,zlpng,4,1,100139,411810,999305,440493,1,1,3,"[999305,1005454,997433]","[442546,440493,436848]"
sk_color,zlpng,4,8,100139,411810,848067,377148,1,1,3,"[851442,848067,787997]","[377408,377148,343287]"
sk_color,zlpng,5,1,94503,411810,2141315,434284,1,1,3,"[2129667,2143288,2141315]","[435115,434284,432772]"
sk_color,zlpng,5,8,94503,411810,1352938,372732,1,1,3,"[1404715,1352938,1351645]","[383057,279831,372732]"
sk_color,zlpng,6,1,93310,411810,2966928,410938,1,1,3,"[2940048,2987018,2966928]","[410938,410298,411179]"
sk_color,zlpng,6,8,93310,411810,1923727,266331,1,1,3,"[1901383,1923727,1942835]","[266331,265991,320092]"
sk_color,zlpng,7,1,91550,411810,3275663,414224,1,1,3,"[3275663,3269854,3288302]","[414734,414224,413763]"
sk_color,zlpng,7,8,91550,411810,2102777,340623,1,1,3,"[2102777,2098601,2108956]","[340623,326672,353462]"
sk_color,zlpng,8,1,100431,411810,4437693,484159,1,1,3,"[4413566,4454538,4437693]","[484149,487374,484159]"
sk_color,zlpng,8,8,100431,411810,2809631,316456,1,1,3,"[2809631,2781168,2826447]","[394294,316166,316456]"
syn_stripes_0,original_zpng,0,1,562,589824,163556,172379,1,1,3,"[163556,176626,161854]","[172379,184518,171989]"
syn_stripes_0,png,0,1,1802,589824,2848199,976651,1,1,3,"[2688388,2892837,2848199]","[949891,1016971,976651]"
syn_stripes_0,zlpng,1,1,816,589824,91127,327153,1,1,3,"[88653,91127,91228]","[308014,328945,327153]"
syn_stripes_0,zlpng,1,8,816,589824,59750,144968,1,1,3,"[53510,59750,101553]","[144658,277037,144968]"
syn_stripes_0,zlpng,2,1,747,589824,71477,305220,1,1,3,"[71477,75935,69665]","[305220,330017,305160]"
syn_stripes_0,zlpng,2,8,747,589824,70125,262285,1,1,3,"[119310,46720,70125]","[284318,155434,262285]"
syn_stripes_0,zlpng,3,1,723,589824,87232,307363,1,1,3,"[87232,91117,82213]","[307363,329126,305820]"
syn_stripes_0,zlpng,3,8,723,589824,59890,284759,1,1,3,"[96255,59890,49084]","[286742,284759,230037]"
syn_stripes_0,zlpng,4,1,723,589824,83305,308605,1,1,3,"[83305,90426,83085]","[308605,328415,306021]"
syn_stripes_0,zlpng,4,8,723,589824,54993,245129,1,1,3,"[97447,52910,54993]","[283417,157037,245129]"
syn_stripes_0,zlpng,5,1,669,589824,92810,326312,1,1,3,"[95584,92810,88523]","[326312,328224,303106]"
syn_stripes_0,zlpng,5,8,669,589824,85138,277408,1,1,3,"[62905,85138,91087]","[146150,277408,281314]"
syn_stripes_0,zlpng,6,1,665,589824,105319,325780,1,1,3,"[99140,108453,105319]","[304498,326662,325780]"
syn_stripes_0,zlpng,6,8,665,589824,103145,159601,1,1,3,"[112860,103145,94121]","[291540,159601,146691]"
syn_stripes_0,zlpng,7,1,606,589824,163436,329727,1,1,3,"[151798,166050,163436]","[308014,329727,331780]"
syn_stripes_0,zlpng,7,8,606,589824,98798,228304,1,1,3,"[98358,98798,178158]","[146120,285951,228304]"
syn_stripes_0,zlpng,8,1,432,589824,5027842,302085,1,1,3,"[4827630,5138979,5027842]","[302085,326522,301253]"
syn_stripes_0,zlpng,8,8,432,589824,2301296,291279,1,1,3,"[2301296,2336889,2279573]","[291719,291279,288305]"
kodak_24,original_zpng,0,1,607383,1179648,2671313,1067167,1,1,3,"[2671313,2678693,2662700]","[1069791,1067167,1064653]"
kodak_24,png,0,1,710923,1179648,63785137,5829138,1,1,3,"[63483504,63790105,63785137]","[5829138,5833215,5828528]"
kodak_24,zlpng,1,1,566571,1179648,2141435,889529,1,1,3,"[2147944,2138861,2141435]","[890901,883080,889529]"
kodak_24,zlpng,1,8,566571,1179648,970701,429216,1,1,3,"[705943,970701,998394]","[224939,455837,429216]"
kodak_24,zlpng,2,1,574840,1179648,2575358,1269462,1,1,3,"[2588378,2575358,2570160]","[1268640,1269462,1270854]"
kodak_24,zlpng,2,8,574840,1179648,979595,356627,1,1,3,"[979595,669238,1196682]","[595056,311379,356627]"
kodak_24,zlpng,3,1,587503,1179648,3796808,1326628,1,1,3,"[3792832,3807854,3796808]","[1329372,1326628,1324885]"
kodak_24,zlpng,3,8,587503,1179648,1403473,610199,1,1,3,"[912414,1440820,1403473]","[374875,616148,610199]"
kodak_24,zlpng,4,1,606004,1179648,4425875,1466558,1,1,3,"[4443111,4425875,4417132]","[1466558,1467670,1465547]"
kodak_24,zlpng,4,8,606004,1179648,1381410,550129,1,1,3,"[1368311,1381410,1460569]","[703049,534685,550129]"
kodak_24,zlpng,5,1,579348,1179648,7510721,1341710,1,1,3,"[7524702,7506965,7510721]","[1342061,1341710,1340088]"
kodak_24,zlpng,5,8,579348,1179648,2278741,638551,1,1,3,"[2278741,2368256,2002196]","[654426,624221,638551]"
kodak_24,zlpng,6,1,577156,1179648,9266615,1313027,1,1,3,"[9267576,9216169,9266615]","[1316483,1313027,1312076]"
kodak_24,zlpng,6,8,577156,1179648,2348727,608236,1,1,3,"[2348727,2199522,2898345]","[632763,608236,525171]"
kodak_24,zlpng,7,1,575954,1179648,10476908,1311545,1,1,3,"[10511209,10476908,10474675]","[1311545,1311205,1311855]"
kodak_24,zlpng,7,8,575954,1179648,3063403,639373,1,1,3,"[3063403,3075081,2735009]","[558501,639373,644821]"
kodak_24,zlpng,8,1,549197,1179648,35325599,3521013,1,1,3,"[35325599,35266229,35396665]","[3519981,3521013,3539501]"
kodak_24,zlpng,8,8,549197,1179648,13028871,1611457,1,1,3,"[13029322,12996262,13028871]","[1598938,1663685,1611457]"
rgb8_spider_web,original_zpng,0,1,12000384,36363264,104897131,45459750,1,1,3,"[104853825,104932333,104897131]","[45459750,45839482,45277256]"
rgb8_spider_web,png,0,1,10805030,36363264,2638701523,201531467,1,1,3,"[2641277673,2637742720,2638701523]","[201531467,202120304,201036001]"
rgb8_spider_web,zlpng,1,1,10716466,36363264,78385756,31255058,1,1,3,"[78367017,78385756,78438435]","[31255058,30771170,31346707]"
rgb8_spider_web,zlpng,1,8,10716466,36363264,11942725,4681921,1,1,3,"[11815303,11953532,11942725]","[4365304,4751375,4681921]"
rgb8_spider_web,zlpng,2,1,10977614,36363264,82166219,46187376,1,1,3,"[82166219,82189173,82073770]","[46187376,46495320,46092673]"
rgb8_spider_web,zlpng,2,8,10977614,36363264,12412974,6246517,1,1,3,"[12679755,12171219,12412974]","[6190523,6783156,6246517]"
rgb8_spider_web,zlpng,3,1,11088828,36363264,103619957,43476795,1,1,3,"[103619957,108399825,103283961]","[43906551,43398687,43476795]"
rgb8_spider_web,zlpng,3,8,11088828,36363264,15448304,6326798,1,1,3,"[16127367,15448304,14999910]","[6693711,6326798,5781417]"
rgb8_spider_web,zlpng,4,1,11125932,36363264,102259418,43969846,1,1,3,"[102686110,102244946,102259418]","[43969846,44028324,43570005]"
rgb8_spider_web,zlpng,4,8,11125932,36363264,14911376,6330143,1,1,3,"[15120401,14703443,14911376]","[6330143,6363353,5975128]"
rgb8_spider_web,zlpng,5,1,10718312,36363264,222242537,46099253,1,1,3,"[223284807,222242537,222125280]","[47291559,45809347,46099253]"
rgb8_spider_web,zlpng,5,8,10718312,36363264,30398038,6566819,1,1,3,"[30107210,30423666,30398038]","[6566819,6684577,6257173]"
rgb8_spider_web,zlpng,6,1,10556978,36363264,341185951,42512792,1,1,3,"[339479211,344262263,341185951]","[42391570,42673114,42512792]"
rgb8_spider_web,zlpng,6,8,10556978,36363264,45771249,6308450,1,1,3,"[45602285,45771249,45896177]","[6070782,6308450,6353668]"
rgb8_spider_web,zlpng,7,1,10518776,36363264,360281698,44131560,1,1,3,"[360083889,360323911,360281698]","[43680801,44131560,44227245]"
rgb8_spider_web,zlpng,7,8,10518776,36363264,48198405,6086175,1,1,3,"[48198405,48517315,47963110]","[5976630,6253868,6086175]"
rgb8_spider_web,zlpng,8,1,9085585,36363264,998617692,96262026,1,1,3,"[1001520064,998617692,998429939]","[96170879,96262026,96325932]"
rgb8_spider_web,zlpng,8,8,9085585,36363264,131798322,13217976,1,1,3,"[132253338,131798322,131363067]","[13217976,13255913,12888179]"
cbsd68_0063,original_zpng,0,1,155154,463203,1064754,468796,1,1,3,"[1065875,1061439,1064754]","[468766,469827,468796]"
cbsd68_0063,png,0,1,182475,463203,20091747,1865830,1,1,3,"[20101111,20073380,20091747]","[1869305,1865830,1864788]"
cbsd68_0063,zlpng,1,1,138374,463203,758302,353913,1,1,3,"[765493,757941,758302]","[357208,353372,353913]"
cbsd68_0063,zlpng,1,8,138374,463203,502477,340372,1,1,3,"[502477,706634,476287]","[340372,212410,351570]"
cbsd68_0063,zlpng,2,1,138586,463203,849810,507564,1,1,3,"[848809,850110,849810]","[507564,508386,504830]"
cbsd68_0063,zlpng,2,8,138586,463203,641446,455476,1,1,3,"[715618,641446,583438]","[455476,522667,293072]"
cbsd68_0063,zlpng,3,1,141779,463203,1121479,501365,1,1,3,"[1121479,1115139,1122260]","[505081,501365,498531]"
cbsd68_0063,zlpng,3,8,141779,463203,957372,453133,1,1,3,"[674655,966125,957372]","[453002,466202,453133]"
cbsd68_0063,zlpng,4,1,146910,463203,1236422,533363,1,1,3,"[1236422,1232597,1242361]","[536968,533363,528646]"
cbsd68_0063,zlpng,4,8,146910,463203,736489,312721,1,1,3,"[735709,940517,736489]","[311188,314984,312721]"
cbsd68_0063,zlpng,5,1,139469,463203,2422879,501115,1,1,3,"[2422879,2430450,2409639]","[501115,505341,499843]"
cbsd68_0063,zlpng,5,8,139469,463203,1517675,316627,1,1,3,"[1719830,1517675,1420459]","[300993,491039,316627]"
cbsd68_0063,zlpng,6,1,138275,463203,3083634,488125,1,1,3,"[3091806,3083444,3083634]","[488376,488125,486072]"
cbsd68_0063,zlpng,6,8,138275,463203,1858990,442287,1,1,3,"[1902785,1858990,1844758]","[442287,288384,451510]"
cbsd68_0063,zlpng,7,1,136817,463203,3493792,478841,1,1,3,"[3482975,3493792,3498279]","[480975,478050,478841]"
cbsd68_0063,zlpng,7,8,136817,463203,2094875,455546,1,1,3,"[2079611,2094875,2096468]","[459461,455546,432391]"
cbsd68_0063,zlpng,8,1,125123,463203,14314548,1257283,1,1,3,"[14334908,14297251,14314548]","[1257283,1257003,1258114]"
cbsd68_0063,zlpng,8,8,125123,463203,9067175,724461,1,1,3,"[9067175,9049928,9088837]","[719954,724461,1016802]"
r3_cp_examplespeckles_0,original_zpng,0,1,1515981,2400000,2383569,1588783,1,1,3,"[2387195,2383569,2382088]","[1581932,1588783,1593400]"
r3_cp_examplespeckles_0,png,0,1,1506101,2400000,266759087,9426977,1,1,3,"[267232951,266759087,266727239]","[9800118,9424953,9426977]"
r3_cp_examplespeckles_0,zlpng,1,1,1515148,2400000,2025670,1973922,1,1,3,"[2045850,2025670,2014433]","[1987192,1973492,1973922]"
r3_cp_examplespeckles_0,zlpng,1,8,1515148,2400000,536758,482076,1,1,3,"[536758,521816,662347]","[482076,474404,577500]"
r3_cp_examplespeckles_0,zlpng,2,1,1269304,2400000,10476367,3174070,1,1,3,"[10476367,10568215,10467924]","[3174070,3182143,3171557]"
r3_cp_examplespeckles_0,zlpng,2,8,1269304,2400000,2425844,763189,1,1,3,"[2431392,2419373,2425844]","[763189,763540,745733]"
r3_cp_examplespeckles_0,zlpng,3,1,1269350,2400000,13253149,3176113,1,1,3,"[13332368,13193319,13253149]","[3177425,3171867,3176113]"
r3_cp_examplespeckles_0,zlpng,3,8,1269350,2400000,3038896,767336,1,1,3,"[3038896,2999867,3049323]","[767336,761888,769489]"
r3_cp_examplespeckles_0,zlpng,4,1,1269350,2400000,13158336,3178777,1,1,3,"[13088741,13158336,13206458]","[3175222,3178777,3187991]"
r3_cp_examplespeckles_0,zlpng,4,8,1269350,2400000,2983183,758572,1,1,3,"[3176624,2980478,2983183]","[753986,758572,787906]"
r3_cp_examplespeckles_0,zlpng,5,1,1250809,2400000,21378064,3242953,1,1,3,"[21378064,21411525,21329261]","[3251427,3240110,3242953]"
r3_cp_examplespeckles_0,zlpng,5,8,1250809,2400000,4913089,833635,1,1,3,"[4913089,5468395,4912969]","[828007,907227,833635]"
r3_cp_examplespeckles_0,zlpng,6,1,1250290,2400000,22346804,3274281,1,1,3,"[22346804,22392281,22274815]","[3272258,3274281,3276214]"
r3_cp_examplespeckles_0,zlpng,6,8,1250290,2400000,5272580,832834,1,1,3,"[5272580,5208985,5593584]","[832834,856089,828708]"
r3_cp_examplespeckles_0,zlpng,7,1,1249125,2400000,24496110,3302443,1,1,3,"[24458193,24496110,24507247]","[3295993,3302443,3303575]"
r3_cp_examplespeckles_0,zlpng,7,8,1249125,2400000,5559252,902599,1,1,3,"[5636549,5559252,5528917]","[902599,839033,914988]"
r3_cp_examplespeckles_0,zlpng,8,1,1084525,2400000,32405321,2687667,1,1,3,"[32344179,32405321,32484270]","[2703491,2687667,2682139]"
r3_cp_examplespeckles_0,zlpng,8,8,1084525,2400000,7223438,706534,1,1,3,"[7223438,7168325,7412643]","[706534,679373,736940]"
cbsd68_0027,original_zpng,0,1,260744,463203,987567,417579,1,1,3,"[985715,987567,994057]","[421254,414554,417579]"
cbsd68_0027,png,0,1,321659,463203,20559591,2620627,1,1,3,"[20399812,20559591,20569256]","[2617391,2624473,2620627]"
cbsd68_0027,zlpng,1,1,231100,463203,746314,347243,1,1,3,"[742448,747535,746314]","[343387,347243,351079]"
cbsd68_0027,zlpng,1,8,231100,463203,679533,340102,1,1,3,"[761557,679533,642448]","[340102,204218,348695]"
cbsd68_0027,zlpng,2,1,237074,463203,865543,502427,1,1,3,"[865173,865543,868928]","[502427,500554,502617]"
cbsd68_0027,zlpng,2,8,237074,463203,656409,478250,1,1,3,"[831723,503979,656409]","[507494,478250,471249]"
cbsd68_0027,zlpng,3,1,241329,463203,1229191,514936,1,1,3,"[1228480,1229191,1232846]","[513663,514936,517800]"
cbsd68_0027,zlpng,3,8,241329,463203,805964,482597,1,1,3,"[801086,819804,805964]","[482597,289596,512152]"
cbsd68_0027,zlpng,4,1,248532,463203,1665879,575677,1,1,3,"[1667401,1665879,1657516]","[575096,576418,575677]"
cbsd68_0027,zlpng,4,8,248532,463203,1062250,544079,1,1,3,"[1463965,1062250,928729]","[523989,544079,555096]"
cbsd68_0027,zlpng,5,1,237984,463203,2295767,512662,1,1,3,"[2292923,2301075,2295767]","[511170,516798,512662]"
cbsd68_0027,zlpng,5,8,237984,463203,1214489,453403,1,1,3,"[1214489,1716204,1197884]","[288244,453403,512412]"
cbsd68_0027,zlpng,6,1,237311,463203,2890012,502326,1,1,3,"[2890012,2889111,2892787]","[501626,505341,502326]"
cbsd68_0027,zlpng,6,8,237311,463203,1684457,355285,1,1,3,"[1561341,1684457,1988424]","[484119,284298,355285]"
cbsd68_0027,zlpng,7,1,236611,463203,3328863,501095,1,1,3,"[3328863,3326209,3330496]","[500744,504189,501095]"
cbsd68_0027,zlpng,7,8,236611,463203,2078851,505731,1,1,3,"[2224760,2078851,1971469]","[500143,506783,505731]"
cbsd68_0027,zlpng,8,1,220425,463203,15898072,1735484,1,1,3,"[15862097,15898072,15899193]","[1728203,1750736,1735484]"
cbsd68_0027,zlpng,8,8,220425,463203,8895987,1252717,1,1,3,"[8895987,8899022,8861785]","[1409122,984262,1252717]"
r3_imagej_threeband16,original_zpng,0,1,2420222,3007584,3028340,1878008,1,1,3,"[3028340,2686085,3042672]","[1843657,1917627,1878008]"
r3_imagej_threeband16,png,0,1,2391123,3007584,153456568,12543310,1,1,3,"[153468787,153394304,153456568]","[12526885,12543310,12563610]"
r3_imagej_threeband16,zlpng,1,1,2415324,3007584,2790803,1572518,1,1,3,"[2748779,2806407,2790803]","[1555363,1573960,1572518]"
r3_imagej_threeband16,zlpng,1,8,2415324,3007584,1081289,274363,1,1,3,"[1167658,659383,1081289]","[404319,269095,274363]"
r3_imagej_threeband16,zlpng,2,1,2154477,3007584,13351227,2138731,1,1,3,"[13411117,13351227,13290284]","[2136467,2138731,2167174]"
r3_imagej_threeband16,zlpng,2,8,2154477,3007584,3179569,490409,1,1,3,"[2886297,3179569,3252528]","[457880,690780,490409]"
r3_imagej_threeband16,zlpng,3,1,2163266,3007584,17770572,2097579,1,1,3,"[17072811,17916912,17770572]","[2097579,2095817,2125181]"
r3_imagej_threeband16,zlpng,3,8,2163266,3007584,4043098,478270,1,1,3,"[4062228,3884981,4043098]","[480503,478270,468475]"
r3_imagej_threeband16,zlpng,4,1,2158064,3007584,19255327,2112421,1,1,3,"[19311492,19213174,19255327]","[2078140,2112421,2113263]"
r3_imagej_threeband16,zlpng,4,8,2158064,3007584,4150631,499442,1,1,3,"[4150631,4338494,3838971]","[499442,474134,543228]"
r3_imagej_threeband16,zlpng,5,1,2159460,3007584,21116731,2099392,1,1,3,"[21116731,20370467,21212355]","[2092030,2104379,2099392]"
r3_imagej_threeband16,zlpng,5,8,2159460,3007584,5033100,722879,1,1,3,"[5145769,5033100,4938166]","[731482,722879,708296]"
r3_imagej_threeband16,zlpng,6,1,2159550,3007584,24430491,2108526,1,1,3,"[24430491,24293775,25049714]","[2108856,2108526,2104510]"
r3_imagej_threeband16,zlpng,6,8,2159550,3007584,5644069,719103,1,1,3,"[6030271,5644069,5429016]","[777400,719103,595377]"
r3_imagej_threeband16,zlpng,7,1,2158688,3007584,28563756,2128946,1,1,3,"[28584056,27545573,28563756]","[2143077,2128215,2128946]"
r3_imagej_threeband16,zlpng,7,8,2158688,3007584,6941513,707907,1,1,3,"[6145124,7004168,6941513]","[713083,679383,707907]"
r3_imagej_threeband16,zlpng,8,1,2134869,3007584,48755814,2463139,1,1,3,"[48722294,48755814,48844628]","[2508557,2458142,2463139]"
r3_imagej_threeband16,zlpng,8,8,2134869,3007584,10261233,810400,1,1,3,"[9616172,10461525,10261233]","[817141,742628,810400]"
rgb8_leaves_iso_200,original_zpng,0,1,9720486,18048000,38407970,17000171,1,1,3,"[38005164,38407970,38480360]","[16940672,17000171,17077538]"
rgb8_leaves_iso_200,png,0,1,10173425,18048000,1145658728,109333311,1,1,3,"[1150780021,1145658728,1143854021]","[110309431,109333311,109058236]"
rgb8_leaves_iso_200,zlpng,1,1,8957815,18048000,32751192,13827804,1,1,3,"[32751192,32629759,34872547]","[13827804,13817378,14483241]"
rgb8_leaves_iso_200,zlpng,1,8,8957815,18048000,4829032,1978018,1,1,3,"[4715962,4829032,6181219]","[1977999,1978018,2391712]"
rgb8_leaves_iso_200,zlpng,2,1,9046939,18048000,37596098,19119514,1,1,3,"[37596098,37565061,38895025]","[19127466,19119514,19068015]"
rgb8_leaves_iso_200,zlpng,2,8,9046939,18048000,5540143,2657422,1,1,3,"[6291074,5303818,5540143]","[2657422,2599595,2665954]"
rgb8_leaves_iso_200,zlpng,3,1,9341376,18048000,61159423,19937214,1,1,3,"[61159423,62285289,60579680]","[19992308,19920179,19937214]"
rgb8_leaves_iso_200,zlpng,3,8,9341376,18048000,9133795,2769421,1,1,3,"[8377507,10689388,9133795]","[2732445,2959868,2769421]"
rgb8_leaves_iso_200,zlpng,4,1,9803108,18048000,77656377,22734066,1,1,3,"[78143451,77656377,77574023]","[22734066,22738854,22604722]"
rgb8_leaves_iso_200,zlpng,4,8,9803108,18048000,11186847,3256274,1,1,3,"[10797911,11186847,11607770]","[3256274,3126228,3326119]"
rgb8_leaves_iso_200,zlpng,5,1,9269233,18048000,123069758,20146390,1,1,3,"[123432934,120716384,123069758]","[20166190,20146390,19958256]"
rgb8_leaves_iso_200,zlpng,5,8,9269233,18048000,16893421,2945897,1,1,3,"[16529633,17712945,16893421]","[2744513,3296284,2945897]"
rgb8_leaves_iso_200,zlpng,6,1,9250999,18048000,145546666,19761190,1,1,3,"[146576467,144497797,145546666]","[19837514,19761190,19713587]"
rgb8_leaves_iso_200,zlpng,6,8,9250999,18048000,21034957,3161501,1,1,3,"[21046666,19837354,21034957]","[3161501,2911695,3233890]"
rgb8_leaves_iso_200,zlpng,7,1,9226871,18048000,167203331,19661570,1,1,3,"[167853299,167203331,164639099]","[19751345,19611804,19661570]"
rgb8_leaves_iso_200,zlpng,7,8,9226871,18048000,23176072,2743942,1,1,3,"[23176072,22922871,24382078]","[2743942,2712245,3381683]"
rgb8_leaves_iso_200,zlpng,8,1,8925664,18048000,300210703,23401822,1,1,3,"[300729484,296040583,300210703]","[23401822,22874428,24779597]"
rgb8_leaves_iso_200,zlpng,8,8,8925664,18048000,41813990,3938281,1,1,3,"[41548420,41813990,44040633]","[4461078,3414642,3938281]"
r3_rgb16_flower_foveon,original_zpng,0,1,15097445,20575296,22373122,13822296,1,1,3,"[22373122,22285371,22663650]","[13687763,13905431,13822296]"
r3_rgb16_flower_foveon,png,0,1,15003006,20575296,1130849786,97197235,1,1,3,"[1130492719,1131322858,1130849786]","[95948434,97197235,97286709]"
r3_rgb16_flower_foveon,zlpng,1,1,14411402,20575296,17619845,9000013,1,1,3,"[17536319,17619845,17727797]","[9000013,9064531,8842136]"
r3_rgb16_flower_foveon,zlpng,1,8,14411402,20575296,3089933,1308831,1,1,3,"[3153429,2779505,3089933]","[1310413,1308831,1299948]"
r3_rgb16_flower_foveon,zlpng,2,1,12550191,20575296,83265274,13163174,1,1,3,"[83174437,83265274,83463702]","[12949762,13163174,13214311]"
r3_rgb16_flower_foveon,zlpng,2,8,12550191,20575296,11327369,1872600,1,1,3,"[11934483,11327369,11300468]","[2002556,1872390,1872600]"
r3_rgb16_flower_foveon,zlpng,3,1,12553239,20575296,110345896,13038025,1,1,3,"[110252856,110345896,110464264]","[13038025,13090193,12970574]"
r3_rgb16_flower_foveon,zlpng,3,8,12553239,20575296,15127552,1884818,1,1,3,"[14969784,15127552,15334683]","[1883897,1884818,1885419]"
r3_rgb16_flower_foveon,zlpng,4,1,12553239,20575296,120520048,13195051,1,1,3,"[120520048,122701432,117185446]","[15451980,13195051,13189513]"
r3_rgb16_flower_foveon,zlpng,4,8,12553239,20575296,15822187,1883456,1,1,3,"[15822187,15777420,15907716]","[1896456,1883456,1881253]"
r3_rgb16_flower_foveon,zlpng,5,1,12564242,20575296,121667376,13012727,1,1,3,"[121727966,121667376,121603589]","[12928630,13012727,13030203]"
r3_rgb16_flower_foveon,zlpng,5,8,12564242,20575296,18040789,1884127,1,1,3,"[18179197,17975280,18040789]","[1884127,1890818,1880862]"
r3_rgb16_flower_foveon,zlpng,6,1,12564242,20575296,149642063,13046557,1,1,3,"[150309860,149642063,148890992]","[13074800,13046557,12870012]"
r3_rgb16_flower_foveon,zlpng,6,8,12564242,20575296,21364244,1878849,1,1,3,"[21364244,22289236,21250552]","[1873892,2321135,1878849]"
r3_rgb16_flower_foveon,zlpng,7,1,12564242,20575296,182723353,13028691,1,1,3,"[182723353,182858997,182496291]","[13072046,13028691,13027319]"
r3_rgb16_flower_foveon,zlpng,7,8,12564242,20575296,25567223,1881453,1,1,3,"[25158878,25567223,26425205]","[1881453,1861964,2322698]"
r3_rgb16_flower_foveon,zlpng,8,1,12553747,20575296,369820542,22000712,1,1,3,"[369820542,370246434,369816586]","[22135915,22000712,21949475]"
r3_rgb16_flower_foveon,zlpng,8,8,12553747,20575296,51347757,3425469,1,1,3,"[51352725,51347757,51100045]","[3425469,3467572,3346499]"
syn_waves_1,original_zpng,0,1,84087,1178877,1097814,895168,1,1,3,"[1097814,1103442,1089721]","[900286,894277,895168]"
syn_waves_1,png,0,1,149157,1178877,43780882,3165938,1,1,3,"[43200648,43780882,43790777]","[3168061,3165938,3160229]"
syn_waves_1,zlpng,1,1,124857,1178877,1031314,826454,1,1,3,"[1042410,1031314,1017392]","[826454,832213,817241]"
syn_waves_1,zlpng,1,8,124857,1178877,280562,214192,1,1,3,"[503589,280562,261704]","[229606,210406,214192]"
syn_waves_1,zlpng,2,1,108180,1178877,1085424,1103262,1,1,3,"[1076191,1085424,1089571]","[1103672,1102060,1103262]"
syn_waves_1,zlpng,2,8,108180,1178877,522978,358209,1,1,3,"[273862,532833,522978]","[273722,358209,526353]"
syn_waves_1,zlpng,3,1,95386,1178877,1029260,998774,1,1,3,"[1025013,1029701,1029260]","[998774,998744,998794]"
syn_waves_1,zlpng,3,8,95386,1178877,487464,474815,1,1,3,"[503599,485351,487464]","[420763,474815,492682]"
syn_waves_1,zlpng,4,1,96167,1178877,1103572,998834,1,1,3,"[1076331,1119316,1103572]","[998834,1002670,996772]"
syn_waves_1,zlpng,4,8,96167,1178877,517339,474184,1,1,3,"[538511,517339,271639]","[474184,476948,464629]"
syn_waves_1,zlpng,5,1,88095,1178877,2930744,1003912,1,1,3,"[2930744,2935130,2923203]","[1003501,1004783,1003912]"
syn_waves_1,zlpng,5,8,88095,1178877,872214,478901,1,1,3,"[872214,922629,698431]","[480293,478901,245350]"
syn_waves_1,zlpng,6,1,72589,1178877,3589095,940496,1,1,3,"[3589095,3583937,3593331]","[943231,940496,936480]"
syn_waves_1,zlpng,6,8,72589,1178877,1180007,439682,1,1,3,"[1180007,845273,1284224]","[486082,236716,439682]"
syn_waves_1,zlpng,7,1,79946,1178877,4324102,954698,1,1,3,"[4350411,4324102,4301188]","[953797,957882,954698]"
syn_waves_1,zlpng,7,8,79946,1178877,1442923,447745,1,1,3,"[1442923,1288080,1658538]","[447745,446983,466783]"
syn_waves_1,zlpng,8,1,82598,1178877,14750904,956951,1,1,3,"[14750904,14788962,14684945]","[957071,956951,955649]"
syn_waves_1,zlpng,8,8,82598,1178877,3334952,455687,1,1,3,"[3334952,3532850,3306469]","[455687,493012,447364]"
openmoji_1f52c,original_zpng,0,1,24591,1527696,704040,590759,1,1,3,"[704040,702227,706884]","[589798,594305,590759]"
openmoji_1f52c,png,0,1,25612,1527696,7995561,2535649,1,1,3,"[7995561,7969822,8002191]","[2542539,2535649,2535508]"
openmoji_1f52c,zlpng,1,1,30306,1527696,409948,722327,1,1,3,"[423979,409948,409667]","[724391,722327,721617]"
openmoji_1f52c,zlpng,1,8,30306,1527696,276426,313632,1,1,3,"[289827,276426,242415]","[316907,313632,279190]"
openmoji_1f52c,zlpng,2,1,22763,1527696,413794,686123,1,1,3,"[414915,410158,413794]","[686123,688416,685472]"
openmoji_1f52c,zlpng,2,8,22763,1527696,139980,304419,1,1,3,"[267703,139591,139980]","[304419,308765,167643]"
openmoji_1f52c,zlpng,3,1,22612,1527696,440603,693574,1,1,3,"[456928,440514,440603]","[693574,693795,690100]"
openmoji_1f52c,zlpng,3,8,22612,1527696,275435,318930,1,1,3,"[266031,275435,282997]","[319571,318450,318930]"
openmoji_1f52c,zlpng,4,1,22708,1527696,492792,693024,1,1,3,"[492792,484039,500794]","[692342,694056,693024]"
openmoji_1f52c,zlpng,4,8,22708,1527696,274634,312240,1,1,3,"[219501,274634,292310]","[222825,312240,320162]"
openmoji_1f52c,zlpng,5,1,22366,1527696,1250433,691181,1,1,3,"[1239677,1250433,1259587]","[691181,692924,689789]"
openmoji_1f52c,zlpng,5,8,22366,1527696,673093,309135,1,1,3,"[673093,461175,895388]","[172360,313161,309135]"
openmoji_1f52c,zlpng,6,1,22253,1527696,1326147,685893,1,1,3,"[1326147,1342402,1316542]","[685893,686644,683360]"
openmoji_1f52c,zlpng,6,8,22253,1527696,473623,167021,1,1,3,"[473623,936240,470679]","[167643,167021,165709]"
openmoji_1f52c,zlpng,7,1,22181,1527696,1829425,675327,1,1,3,"[1818158,1829425,1829675]","[684581,675327,672602]"
openmoji_1f52c,zlpng,7,8,22181,1527696,877421,162214,1,1,3,"[1026617,669618,877421]","[162214,161914,163146]"
openmoji_1f52c,zlpng,8,1,17740,1527696,13761394,678421,1,1,3,"[13761394,13781674,13628164]","[679864,675747,678421]"
openmoji_1f52c,zlpng,8,8,17740,1527696,2941060,189145,1,1,3,"[2941060,2697032,3264907]","[331208,189145,180191]"
syn_document_1,original_zpng,0,1,15123,1178877,463819,420072,1,1,3,"[463278,465571,463819]","[419562,420072,420193]"
syn_document_1,png,0,1,78868,1178877,7234445,2219272,1,1,3,"[7239031,7234445,7211370]","[2222538,2219272,2213213]"
syn_document_1,zlpng,1,1,85194,1178877,713735,715748,1,1,3,"[710851,733595,713735]","[712333,719974,715748]"
syn_document_1,zlpng,1,8,85194,1178877,405521,368425,1,1,3,"[405521,336026,415156]","[368425,187913,371379]"
syn_document_1,zlpng,2,1,71108,1178877,640664,815819,1,1,3,"[642137,640664,636849]","[821387,814526,815819]"
syn_document_1,zlpng,2,8,71108,1178877,325330,389446,1,1,3,"[327483,325330,171358]","[392731,389446,199851]"
syn_document_1,zlpng,3,1,70224,1178877,741697,804542,1,1,3,"[758512,739954,741697]","[809589,801778,804542]"
syn_document_1,zlpng,3,8,70224,1178877,202275,206862,1,1,3,"[202275,196717,414624]","[206862,201433,428756]"
syn_document_1,zlpng,4,1,70849,1178877,787105,814316,1,1,3,"[787105,768297,794867]","[814316,812864,816399]"
syn_document_1,zlpng,4,8,70849,1178877,205640,208413,1,1,3,"[404159,198058,205640]","[405811,205048,208413]"
syn_document_1,zlpng,5,1,67401,1178877,1779961,784251,1,1,3,"[1789785,1779961,1765608]","[782849,785032,784251]"
syn_document_1,zlpng,5,8,67401,1178877,476558,201343,1,1,3,"[609278,476558,435296]","[378811,201343,197387]"
syn_document_1,zlpng,6,1,66773,1178877,1987152,779715,1,1,3,"[1987152,2008805,1984308]","[776870,783660,779715]"
syn_document_1,zlpng,6,8,66773,1178877,490098,197988,1,1,3,"[518140,471650,490098]","[197988,195284,249205]"
syn_document_1,zlpng,7,1,65825,1178877,2398782,766524,1,1,3,"[2393224,2398782,2399043]","[768678,764982,766524]"
syn_document_1,zlpng,7,8,65825,1178877,769308,250317,1,1,3,"[769308,1116511,765212]","[195664,359612,250317]"
syn_document_1,zlpng,8,1,70851,1178877,18244826,1136962,1,1,3,"[18244826,18364116,18113278]","[1136962,1137573,1135319]"
syn_document_1,zlpng,8,8,70851,1178877,4284422,547084,1,1,3,"[4549271,4284422,4160836]","[421444,547084,605111]"
kodak_07,original_zpng,0,1,516766,1179648,3022232,1156332,1,1,3,"[3078726,3014990,3022232]","[1169031,1156332,1153186]"
kodak_07,png,0,1,573961,1179648,78467378,6529303,1,1,3,"[78497143,78467378,78424193]","[6536734,6525687,6529303]"
kodak_07,zlpng,1,1,497465,1179648,2438011,903010,1,1,3,"[2438011,2430410,2438472]","[903631,899404,903010]"
kodak_07,zlpng,1,8,497465,1179648,591070,232219,1,1,3,"[591070,920746,582868]","[232219,452531,230828]"
kodak_07,zlpng,2,1,506759,1179648,2831835,1284895,1,1,3,"[2839417,2825495,2831835]","[1291625,1282762,1284895]"
kodak_07,zlpng,2,8,506759,1179648,1091885,625632,1,1,3,"[1207368,1091885,956170]","[622758,625632,626373]"
kodak_07,zlpng,3,1,521838,1179648,4008146,1330223,1,1,3,"[4000745,4008146,4023789]","[1329773,1330223,1338376]"
kodak_07,zlpng,3,8,521838,1179648,1276191,613854,1,1,3,"[1405867,1124504,1276191]","[613854,641396,572442]"
kodak_07,zlpng,4,1,538795,1179648,4452275,1489944,1,1,3,"[4465825,4452275,4443873]","[1486589,1489944,1490164]"
kodak_07,zlpng,4,8,538795,1179648,1308831,697060,1,1,3,"[1308831,1174138,1710867]","[697060,703770,635758]"
kodak_07,zlpng,5,1,511299,1179648,7582889,1363644,1,1,3,"[7580565,7599905,7582889]","[1362862,1363644,1367139]"
kodak_07,zlpng,5,8,511299,1179648,2045621,645962,1,1,3,"[2045621,2033813,2444031]","[645962,633194,673654]"
kodak_07,zlpng,6,1,508566,1179648,9775011,1324754,1,1,3,"[9749442,9793078,9775011]","[1324754,1322121,1330303]"
kodak_07,zlpng,6,8,508566,1179648,2274155,622087,1,1,3,"[2274155,2243649,2766215]","[322776,629107,622087]"
kodak_07,zlpng,7,1,506644,1179648,11206196,1320289,1,1,3,"[11224244,11206196,11197472]","[1317093,1320289,1326048]"
kodak_07,zlpng,7,8,506644,1179648,2656270,627535,1,1,3,"[2841419,2656270,2645394]","[631080,626614,627535]"
kodak_07,zlpng,8,1,461204,1179648,38244204,3767213,1,1,3,"[38803446,38244204,38164534]","[3769586,3765421,3767213]"
kodak_07,zlpng,8,8,461204,1179648,11131774,1342061,1,1,3,"[11189190,11131323,11131774]","[1330854,1342061,1372527]"
sk_microaneurysms,original_zpng,0,1,4492,10404,50115,14763,1,1,3,"[51277,50065,50115]","[15413,14763,14653]"
sk_microaneurysms,png,0,1,4327,10404,480664,80441,1,1,3,"[479512,480664,482767]","[80111,80441,81492]"
sk_microaneurysms,zlpng,1,1,4367,10404,38378,19870,1,1,3,"[38698,37496,38378]","[20181,19870,19850]"
sk_microaneurysms,zlpng,1,8,4367,10404,37126,19509,1,1,3,"[37667,36064,37126]","[19630,19119,19509]"
sk_microaneurysms,zlpng,2,1,4502,10404,42003,21382,1,1,3,"[42323,42003,41803]","[21503,21382,21242]"
sk_microaneurysms,zlpng,2,8,4502,10404,42855,21592,1,1,3,"[42855,43395,41061]","[21592,24017,21022]"
sk_microaneurysms,zlpng,3,1,4760,10404,48574,23265,1,1,3,"[48574,49154,48073]","[23265,23305,23115]"
sk_microaneurysms,zlpng,3,8,4760,10404,50326,23355,1,1,3,"[49545,51067,50326]","[23355,23175,23706]"
sk_microaneurysms,zlpng,4,1,4784,10404,56274,23446,1,1,3,"[57757,56274,53771]","[23636,23446,22884]"
sk_microaneurysms,zlpng,4,8,4784,10404,56254,23535,1,1,3,"[56254,56315,54592]","[23606,23535,23085]"
sk_microaneurysms,zlpng,5,1,4700,10404,93100,22785,1,1,3,"[93711,92449,93100]","[23024,22704,22785]"
sk_microaneurysms,zlpng,5,8,4700,10404,91948,22714,1,1,3,"[89926,91948,92589]","[22584,22865,22714]"
sk_microaneurysms,zlpng,6,1,4655,10404,123195,22915,1,1,3,"[123977,123195,109775]","[23225,22915,22824]"
sk_microaneurysms,zlpng,6,8,4655,10404,123066,23054,1,1,3,"[123066,107953,123456]","[23054,22524,23135]"
sk_microaneurysms,zlpng,7,1,4641,10404,169796,22544,1,1,3,"[172279,162805,169796]","[22544,22083,24747]"
sk_microaneurysms,zlpng,7,8,4641,10404,164768,22274,1,1,3,"[164347,168905,164768]","[22244,22434,22274]"
sk_microaneurysms,zlpng,8,1,4022,10404,164618,21653,1,1,3,"[169946,151589,164618]","[21893,21202,21653]"
sk_microaneurysms,zlpng,8,8,4022,10404,153361,21222,1,1,3,"[153361,153591,151989]","[21222,21272,20951]"
r3_coco_632,original_zpng,0,1,551685,927360,1836055,886015,1,1,3,"[1836055,1834072,1849325]","[886015,884522,889289]"
r3_coco_632,png,0,1,631717,927360,41114496,4872678,1,1,3,"[41192043,41114496,41097191]","[4898978,4869924,4872678]"
r3_coco_632,zlpng,1,1,511393,927360,1449033,714516,1,1,3,"[1449033,1443143,1455141]","[715577,706074,714516]"
r3_coco_632,zlpng,1,8,511393,927360,895358,280943,1,1,3,"[900727,668266,895358]","[467023,260913,280943]"
r3_coco_632,zlpng,2,1,511357,927360,1602453,997132,1,1,3,"[1598598,1602453,1606449]","[994117,997132,997512]"
r3_coco_632,zlpng,2,8,511357,927360,659554,441194,1,1,3,"[976201,659554,574545]","[441194,592392,306932]"
r3_coco_632,zlpng,3,1,517060,927360,2656000,1026266,1,1,3,"[2656000,2654127,2663622]","[1026266,1024613,1027447]"
r3_coco_632,zlpng,3,8,517060,927360,1355170,601907,1,1,3,"[1365476,1355170,1201279]","[599553,617821,601907]"
r3_coco_632,zlpng,4,1,531318,927360,3472289,1158965,1,1,3,"[3494132,3472289,3472219]","[1158965,1154709,1160197]"
r3_coco_632,zlpng,4,8,531318,927360,1628532,685482,1,1,3,"[1514921,1636995,1628532]","[693694,685482,571942]"
r3_coco_632,zlpng,5,1,514095,927360,5933906,1057142,1,1,3,"[5919715,5933906,5982980]","[1054138,1057142,1061238]"
r3_coco_632,zlpng,5,8,514095,927360,2090718,629027,1,1,3,"[1740091,2390150,2090718]","[629027,618351,629889]"
r3_coco_632,zlpng,6,1,512652,927360,7012591,1039185,1,1,3,"[7025780,7012591,7005741]","[1039185,1039295,1038233]"
r3_coco_632,zlpng,6,8,512652,927360,2426915,521115,1,1,3,"[2426915,2479494,2407926]","[476057,651622,521115]"
r3_coco_632,zlpng,7,1,511086,927360,7717252,1029861,1,1,3,"[7717252,7748058,7717002]","[1028699,1031453,1029861]"
r3_coco_632,zlpng,7,8,511086,927360,2559995,611441,1,1,3,"[2371862,2559995,2874179]","[611441,649869,497539]"
r3_coco_632,zlpng,8,1,503669,927360,23387591,2147374,1,1,3,"[23466459,23387591,23322883]","[2147374,2157789,2143047]"
r3_coco_632,zlpng,8,8,503669,927360,9268718,1607991,1,1,3,"[9746208,9268718,9257972]","[1614852,1422272,1607991]"
rgb8_deer,original_zpng,0,1,24214732,32032689,32029385,22033211,1,1,3,"[32515026,32011748,32029385]","[26642612,22013101,22033211]"
rgb8_deer,png,0,1,21252108,32032689,858750827,107979442,1,1,3,"[858571208,871109970,858750827]","[107504476,107979442,108100495]"
rgb8_deer,zlpng,1,1,23977077,32032689,28209432,22112761,1,1,3,"[28209432,28148730,28300850]","[22140031,22112761,21956345]"
rgb8_deer,zlpng,1,8,23977077,32032689,4984626,3082822,1,1,3,"[5024777,4875813,4984626]","[3082822,3074440,3087349]"
rgb8_deer,zlpng,2,1,24020198,32032689,22443589,29098701,1,1,3,"[26783625,22419683,22443589]","[33586409,29098471,29098701]"
rgb8_deer,zlpng,2,8,24020198,32032689,3731780,3866773,1,1,3,"[4112884,3731780,3711369]","[3866773,3861885,3873713]"
rgb8_deer,zlpng,3,1,24010701,32032689,27154203,29144991,1,1,3,"[27259882,27085019,27154203]","[29223950,29125161,29144991]"
rgb8_deer,zlpng,3,8,24010701,32032689,4667008,3899112,1,1,3,"[4667008,4912518,4365384]","[3895897,3900994,3899112]"
rgb8_deer,zlpng,4,1,24104263,32032689,63026205,31726298,1,1,3,"[63313116,63025233,63026205]","[31678847,31726298,31730044]"
rgb8_deer,zlpng,4,8,24104263,32032689,9054365,4218473,1,1,3,"[9054365,8964671,9429640]","[4218473,4215708,4227657]"
rgb8_deer,zlpng,5,1,24010018,32032689,54952155,29182507,1,1,3,"[54952155,55205387,54924293]","[29204751,29179674,29182507]"
rgb8_deer,zlpng,5,8,24010018,32032689,8376324,3903448,1,1,3,"[8376324,8496906,8216333]","[3904780,3901686,3903448]"
rgb8_deer,zlpng,6,1,24008190,32032689,58814992,29248427,1,1,3,"[58892129,58814992,58749864]","[29248427,29219824,29258923]"
rgb8_deer,zlpng,6,8,24008190,32032689,9008206,3912552,1,1,3,"[9008206,9058512,9006033]","[3907285,3912552,3917409]"
rgb8_deer,zlpng,7,1,24003593,32032689,57631620,29210380,1,1,3,"[57752372,57631620,57602046]","[29210380,29356259,29168086]"
rgb8_deer,zlpng,7,8,24003593,32032689,9508330,3898952,1,1,3,"[9518184,9508330,9397002]","[3894605,3902257,3898952]"
rgb8_deer,zlpng,8,1,23977822,32032689,354129382,36452896,1,1,3,"[359031133,353755459,354129382]","[36500078,36452896,36415079]"
rgb8_deer,zlpng,8,8,23977822,32032689,46006633,4875733,1,1,3,"[46140505,46006633,45904520]","[4910334,4849583,4875733]"
syn_voronoi_2,original_zpng,0,1,33411,2359296,1362231,1164183,1,1,3,"[1315762,1362231,1371906]","[1126587,1169751,1164183]"
syn_voronoi_2,png,0,1,14271,2359296,11097292,4200165,1,1,3,"[11088338,11097292,11111424]","[4198954,4229018,4200165]"
syn_voronoi_2,zlpng,1,1,36748,2359296,505311,1229461,1,1,3,"[496658,524089,505311]","[1225916,1229742,1229461]"
syn_voronoi_2,zlpng,1,8,36748,2359296,225439,348234,1,1,3,"[200993,225439,230667]","[335005,407945,348234]"
syn_voronoi_2,zlpng,2,1,25331,2359296,562457,1319847,1,1,3,"[556378,562457,562518]","[1316352,1354430,1319847]"
syn_voronoi_2,zlpng,2,8,25331,2359296,207613,366061,1,1,3,"[211087,136185,207613]","[371649,309206,366061]"
syn_voronoi_2,zlpng,3,1,27947,2359296,593955,1327138,1,1,3,"[577079,593955,596077]","[1327138,1326868,1359146]"
syn_voronoi_2,zlpng,3,8,27947,2359296,197457,313302,1,1,3,"[197457,221113,166811]","[313302,368515,310808]"
syn_voronoi_2,zlpng,4,1,28009,2359296,616478,1328381,1,1,3,"[602537,621536,616478]","[1327670,1330133,1328381]"
syn_voronoi_2,zlpng,4,8,28009,2359296,167462,312000,1,1,3,"[152159,168494,167462]","[312000,382306,311669]"
syn_voronoi_2,zlpng,5,1,27444,2359296,2288837,1332687,1,1,3,"[2329378,2288837,2286323]","[1332687,1336343,1325947]"
syn_voronoi_2,zlpng,5,8,27444,2359296,631241,370247,1,1,3,"[865865,631241,567345]","[370247,345390,375745]"
syn_voronoi_2,zlpng,6,1,27508,2359296,2468327,1327369,1,1,3,"[2490721,2464101,2468327]","[1327930,1320839,1327369]"
syn_voronoi_2,zlpng,6,8,27508,2359296,697901,313642,1,1,3,"[568927,697901,886595]","[312611,314544,313642]"
syn_voronoi_2,zlpng,7,1,26278,2359296,3727894,1292747,1,1,3,"[3727894,3677418,3748204]","[1292747,1293558,1292497]"
syn_voronoi_2,zlpng,7,8,26278,2359296,1497285,319902,1,1,3,"[1819410,1259136,1497285]","[321684,308845,319902]"
syn_voronoi_2,zlpng,8,1,9536,2359296,20374773,1252216,1,1,3,"[20398559,20374773,20193180]","[1252216,1256322,1250954]"
syn_voronoi_2,zlpng,8,8,9536,2359296,4452144,395356,1,1,3,"[4452144,4440898,4550864]","[353273,395356,401154]"
sk_nickel_z00_c0,original_zpng,0,1,216839,393216,372781,218379,1,1,3,"[388916,372781,370958]","[256647,218379,216886]"
sk_nickel_z00_c0,png,0,1,227168,393216,81682800,1737998,1,1,3,"[81715400,81682800,81393244]","[1738688,1737998,1732259]"
sk_nickel_z00_c0,zlpng,1,1,214497,393216,314303,316066,1,1,3,"[338549,314303,309736]","[313802,319011,316066]"
sk_nickel_z00_c0,zlpng,1,8,214497,393216,285009,247723,1,1,3,"[298049,211989,285009]","[219461,258829,247723]"
sk_nickel_z00_c0,zlpng,2,1,193277,393216,1433509,546843,1,1,3,"[1417134,1661733,1433509]","[543970,546843,546873]"
sk_nickel_z00_c0,zlpng,2,8,193277,393216,1187669,417118,1,1,3,"[1187669,1184925,1213428]","[432792,417118,363016]"
sk_nickel_z00_c0,zlpng,3,1,193248,393216,1831117,546874,1,1,3,"[1822345,2285011,1831117]","[545532,546874,549197]"
sk_nickel_z00_c0,zlpng,3,8,193248,393216,1598057,379772,1,1,3,"[1595252,1598057,1621112]","[364299,379772,413402]"
sk_nickel_z00_c0,zlpng,4,1,193248,393216,2374716,548256,1,1,3,"[2374716,2378121,2371431]","[550939,546724,548256]"
sk_nickel_z00_c0,zlpng,4,8,193248,393216,1234299,434554,1,1,3,"[1231925,1423103,1234299]","[437008,365601,434554]"
sk_nickel_z00_c0,zlpng,5,1,191646,393216,4180435,536558,1,1,3,"[4180435,3841255,4276460]","[540914,536558,535807]"
sk_nickel_z00_c0,zlpng,5,8,191646,393216,2599674,388294,1,1,3,"[2592494,2599674,2954359]","[394153,388294,362226]"
sk_nickel_z00_c0,zlpng,6,1,191646,393216,3943779,535817,1,1,3,"[3942407,3984501,3943779]","[535807,541045,535817]"
sk_nickel_z00_c0,zlpng,6,8,191646,393216,3107049,389857,1,1,3,"[3107049,2887158,3131035]","[404419,365721,389857]"
sk_nickel_z00_c0,zlpng,7,1,191646,393216,4454838,537580,1,1,3,"[4454838,4524223,4219855]","[537158,537580,537920]"
sk_nickel_z00_c0,zlpng,7,8,191646,393216,2746837,405361,1,1,3,"[2746837,2924404,2734147]","[370518,405361,406833]"
sk_nickel_z00_c0,zlpng,8,1,169278,393216,5468675,443218,1,1,3,"[5465771,5468675,5513713]","[443218,441485,448696]"
sk_nickel_z00_c0,zlpng,8,8,169278,393216,3766452,319862,1,1,3,"[3766452,3795687,3735015]","[319862,310297,320452]"
r3_coco_872,original_zpng,0,1,712827,1192320,2175126,994587,1,1,3,"[2175126,2169057,2180463]","[994818,989029,994587]"
r3_coco_872,png,0,1,832985,1192320,52089394,5312881,1,1,3,"[52412771,52089394,52059930]","[5298780,5316267,5312881]"
r3_coco_872,zlpng,1,1,665742,1192320,1431606,834888,1,1,3,"[1431606,1440078,1425276]","[836780,834888,831843]"
r3_coco_872,zlpng,1,8,665742,1192320,557089,360893,1,1,3,"[584340,557089,451670]","[360893,382445,222305]"
r3_coco_872,zlpng,2,1,677008,1192320,1928434,1287299,1,1,3,"[1923807,1929376,1928434]","[1288120,1286968,1287299]"
r3_coco_872,zlpng,2,8,677008,1192320,753565,590018,1,1,3,"[737171,753565,760094]","[597189,590018,334494]"
r3_coco_872,zlpng,3,1,686678,1192320,3138737,1335011,1,1,3,"[3138737,3138617,3147350]","[1335011,1333207,1336213]"
r3_coco_872,zlpng,3,8,686678,1192320,1187138,626363,1,1,3,"[1187138,1096031,1274089]","[627965,605802,626363]"
r3_coco_872,zlpng,4,1,705561,1192320,4211211,1471746,1,1,3,"[4213626,4203180,4211211]","[1471746,1470995,1471916]"
r3_coco_872,zlpng,4,8,705561,1192320,1315731,678502,1,1,3,"[1315731,1072926,1399297]","[716179,355265,678502]"
r3_coco_872,zlpng,5,1,682540,1192320,6713631,1352036,1,1,3,"[6704817,6721132,6713631]","[1352036,1353027,1350233]"
r3_coco_872,zlpng,5,8,682540,1192320,1894183,609558,1,1,3,"[1894183,2028595,1708793]","[609558,345570,633795]"
r3_coco_872,zlpng,6,1,681654,1192320,7809861,1337605,1,1,3,"[7793456,7809861,7822861]","[1334740,1337805,1337605]"
r3_coco_872,zlpng,6,8,681654,1192320,2164390,518541,1,1,3,"[2137599,2515649,2164390]","[508586,518541,616589]"
r3_coco_872,zlpng,7,1,679908,1192320,8763627,1331395,1,1,3,"[8741634,8766511,8763627]","[1331395,1333267,1330224]"
r3_coco_872,zlpng,7,8,679908,1192320,2553145,604671,1,1,3,"[2553145,2735029,2366033]","[610950,604671,379050]"
r3_coco_872,zlpng,8,1,651388,1192320,17892025,1828563,1,1,3,"[17885134,17892025,17896531]","[1829515,1828563,1823176]"
r3_coco_872,zlpng,8,8,651388,1192320,5870611,689248,1,1,3,"[5604640,5978754,5870611]","[689248,1119897,679633]"
r3_syn_cfa_mosaic_1,original_zpng,0,1,689501,787456,797981,596969,1,1,3,"[802458,796600,797981]","[599542,596779,596969]"
r3_syn_cfa_mosaic_1,png,0,1,672636,787456,20265559,2830122,1,1,3,"[20265559,20208072,20373661]","[2836262,2824694,2830122]"
r3_syn_cfa_mosaic_1,zlpng,1,1,684380,787456,726754,663969,1,1,3,"[723369,727385,726754]","[663969,664361,662959]"
r3_syn_cfa_mosaic_1,zlpng,1,8,684380,787456,519603,243997,1,1,3,"[580825,519603,274843]","[477970,243997,241254]"
r3_syn_cfa_mosaic_1,zlpng,2,1,444082,787456,3468954,1001308,1,1,3,"[3463155,3483917,3468954]","[1006396,1000747,1001308]"
r3_syn_cfa_mosaic_1,zlpng,2,8,444082,787456,1829145,709458,1,1,3,"[1875525,1612088,1829145]","[601856,727305,709458]"
r3_syn_cfa_mosaic_1,zlpng,3,1,444527,787456,4479116,1004903,1,1,3,"[4478594,4479116,4486757]","[1004133,1004903,1007097]"
r3_syn_cfa_mosaic_1,zlpng,3,8,444527,787456,1956236,701636,1,1,3,"[2104419,1776926,1956236]","[617170,744892,701636]"
r3_syn_cfa_mosaic_1,zlpng,4,1,444140,787456,4533777,990591,1,1,3,"[4533777,4540738,4533067]","[990591,989461,999826]"
r3_syn_cfa_mosaic_1,zlpng,4,8,444140,787456,1794423,690720,1,1,3,"[1562804,1794423,1803987]","[639683,690720,705192]"
r3_syn_cfa_mosaic_1,zlpng,5,1,445934,787456,5363317,998053,1,1,3,"[5355004,5372340,5363317]","[993196,998053,1003181]"
r3_syn_cfa_mosaic_1,zlpng,5,8,445934,787456,2642840,679113,1,1,3,"[2832656,2246183,2642840]","[600063,748097,679113]"
r3_syn_cfa_mosaic_1,zlpng,6,1,444705,787456,6315781,1014127,1,1,3,"[6315781,6322411,6304795]","[1013045,1015850,1014127]"
r3_syn_cfa_mosaic_1,zlpng,6,8,444705,787456,2629630,601186,1,1,3,"[2468317,2629630,2853767]","[518781,691581,601186]"
r3_syn_cfa_mosaic_1,zlpng,7,1,443378,787456,7112451,996521,1,1,3,"[7125701,7107944,7112451]","[998384,994798,996521]"
r3_syn_cfa_mosaic_1,zlpng,7,8,443378,787456,3177555,707816,1,1,3,"[3209463,3177555,3053919]","[723951,636158,707816]"
r3_syn_cfa_mosaic_1,zlpng,8,1,754114,787456,5012248,843520,1,1,3,"[5115163,4998748,5012248]","[843520,845553,842439]"
r3_syn_cfa_mosaic_1,zlpng,8,8,754114,787456,2240555,655537,1,1,3,"[2230739,2240555,2848009]","[702017,503428,655537]"
cbsd68_0067,original_zpng,0,1,220345,463203,1055990,460092,1,1,3,"[1056030,1055990,1053646]","[460173,460092,456358]"
cbsd68_0067,png,0,1,291899,463203,17541256,1974644,1,1,3,"[17543089,17541256,17515237]","[1969326,1974644,1974764]"
cbsd68_0067,zlpng,1,1,207052,463203,765383,358900,1,1,3,"[767156,765383,747355]","[358900,364549,355195]"
cbsd68_0067,zlpng,1,8,207052,463203,671020,267412,1,1,3,"[736999,659172,671020]","[267412,218600,354374]"
cbsd68_0067,zlpng,2,1,214527,463203,866485,551250,1,1,3,"[866485,871312,863190]","[551250,551951,551049]"
cbsd68_0067,zlpng,2,8,214527,463203,777420,316316,1,1,3,"[792543,777420,665142]","[511420,316316,316246]"
cbsd68_0067,zlpng,3,1,217628,463203,1222191,544941,1,1,3,"[1224133,1216462,1222191]","[543839,544941,546432]"
cbsd68_0067,zlpng,3,8,217628,463203,864091,313542,1,1,3,"[830921,1153097,864091]","[313542,534144,308505]"
cbsd68_0067,zlpng,4,1,221364,463203,1432598,574785,1,1,3,"[1432598,1444796,1432457]","[574785,572612,577150]"
cbsd68_0067,zlpng,4,8,221364,463203,1130182,555917,1,1,3,"[1061839,1382071,1130182]","[555917,559172,351569]"
cbsd68_0067,zlpng,5,1,215012,463203,2506454,545702,1,1,3,"[2506454,2505774,2513264]","[547575,544850,545702]"
cbsd68_0067,zlpng,5,8,215012,463203,1491266,342236,1,1,3,"[1493939,1471576,1491266]","[308464,342236,415806]"
cbsd68_0067,zlpng,6,1,213989,463203,3167730,533894,1,1,3,"[3174791,3143114,3167730]","[533894,530369,534195]"
cbsd68_0067,zlpng,6,8,213989,463203,1924879,515657,1,1,3,"[1928575,1916837,1924879]","[534915,515657,299291]"
cbsd68_0067,zlpng,7,1,212988,463203,3585099,528536,1,1,3,"[3590638,3585099,3581053]","[529157,526964,528536]"
cbsd68_0067,zlpng,7,8,212988,463203,2130228,504400,1,1,3,"[2130228,2128595,2183679]","[294944,504400,509357]"
cbsd68_0067,zlpng,8,1,195327,463203,10390087,1090132,1,1,3,"[10451159,10388625,10390087]","[1090132,1101849,1088749]"
cbsd68_0067,zlpng,8,8,195327,463203,7937954,866435,1,1,3,"[7937954,7943312,7915070]","[866435,877922,865694]"
r3_syn_vector_edges_0,original_zpng,0,1,731,395780,122284,116545,1,1,3,"[123856,122284,120932]","[116545,117848,114843]"
r3_syn_vector_edges_0,png,0,1,1340,395780,1837527,639483,1,1,3,"[1837527,1846341,1837347]","[639483,637760,640615]"
r3_syn_vector_edges_0,zlpng,1,1,783,395780,65149,171608,1,1,3,"[65749,58808,65149]","[171969,169956,171608]"
r3_syn_vector_edges_0,zlpng,1,8,783,395780,45929,147232,1,1,3,"[45929,45017,64998]","[147232,153741,145669]"
r3_syn_vector_edges_0,zlpng,2,1,759,395780,66300,170587,1,1,3,"[65278,66300,67521]","[170507,170587,170677]"
r3_syn_vector_edges_0,zlpng,2,8,759,395780,70616,139961,1,1,3,"[50746,83997,70616]","[120301,139961,140532]"
r3_syn_vector_edges_0,zlpng,3,1,625,395780,65910,161743,1,1,3,"[63606,67192,65910]","[160561,161903,161743]"
r3_syn_vector_edges_0,zlpng,3,8,625,395780,71378,133130,1,1,3,"[71378,69845,77407]","[149044,128734,133130]"
r3_syn_vector_edges_0,zlpng,4,1,625,395780,76775,162304,1,1,3,"[81853,76775,76084]","[162304,161744,164708]"
r3_syn_vector_edges_0,zlpng,4,8,625,395780,81413,130837,1,1,3,"[102294,55944,81413]","[133671,113721,130837]"
r3_syn_vector_edges_0,zlpng,5,1,581,395780,66901,158358,1,1,3,"[63817,70796,66901]","[157096,159330,158358]"
r3_syn_vector_edges_0,zlpng,5,8,581,395780,81874,128373,1,1,3,"[76385,82164,81874]","[109655,136836,128373]"
r3_syn_vector_edges_0,zlpng,6,1,581,395780,73701,157728,1,1,3,"[72890,75764,73701]","[157728,158318,157698]"
r3_syn_vector_edges_0,zlpng,6,8,581,395780,99940,110076,1,1,3,"[164087,94773,99940]","[109675,127773,110076]"
r3_syn_vector_edges_0,zlpng,7,1,433,395780,102394,157708,1,1,3,"[98619,107061,102394]","[156505,158228,157708]"
r3_syn_vector_edges_0,zlpng,7,8,433,395780,121203,122514,1,1,3,"[491681,121203,118379]","[114622,122514,127552]"
r3_syn_vector_edges_0,zlpng,8,1,378,395780,3139137,149805,1,1,3,"[3139137,3132287,3186689]","[149245,150086,149805]"
r3_syn_vector_edges_0,zlpng,8,8,378,395780,2087214,125699,1,1,3,"[2070438,2087214,2092872]","[127562,121463,125699]"
cbsd68_0039,original_zpng,0,1,163859,463203,649999,448236,1,1,3,"[651982,649869,649999]","[447875,449306,448236]"
cbsd68_0039,png,0,1,262847,463203,25959514,1740161,1,1,3,"[25986204,25959514,25954045]","[1731939,1741222,1740161]"
cbsd68_0039,zlpng,1,1,159165,463203,488115,340503,1,1,3,"[481395,490809,488115]","[335235,340503,340883]"
cbsd68_0039,zlpng,1,8,159165,463203,277588,334033,1,1,3,"[276266,485351,277588]","[354684,334033,329055]"
cbsd68_0039,zlpng,2,1,156842,463203,540404,502667,1,1,3,"[535907,540404,540814]","[504430,501946,502667]"
cbsd68_0039,zlpng,2,8,156842,463203,544720,373884,1,1,3,"[594445,544720,311649]","[351319,373884,491330]"
cbsd68_0039,zlpng,3,1,156591,463203,603498,484470,1,1,3,"[599773,603498,605212]","[483468,486282,484470]"
cbsd68_0039,zlpng,3,8,156591,463203,352331,457799,1,1,3,"[346592,352331,506834]","[457799,455255,460083]"
cbsd68_0039,zlpng,4,1,158839,463203,800877,507675,1,1,3,"[801747,798632,800877]","[507675,510920,507644]"
cbsd68_0039,zlpng,4,8,158839,463203,573744,483899,1,1,3,"[576067,537690,573744]","[483899,484660,300803]"
cbsd68_0039,zlpng,5,1,155258,463203,1555543,476007,1,1,3,"[1555543,1568603,1554070]","[476007,482857,475066]"
cbsd68_0039,zlpng,5,8,155258,463203,1300539,438801,1,1,3,"[1300539,947687,1327219]","[444109,438801,438560]"
cbsd68_0039,zlpng,6,1,154337,463203,1898058,467754,1,1,3,"[1898058,1877658,1957148]","[467754,467654,467764]"
cbsd68_0039,zlpng,6,8,154337,463203,1362101,439522,1,1,3,"[1313619,1429883,1362101]","[439522,432111,442196]"
cbsd68_0039,zlpng,7,1,153210,463203,2274836,446983,1,1,3,"[2271111,2274836,2284300]","[446983,445181,448846]"
cbsd68_0039,zlpng,7,8,153210,463203,1487670,410989,1,1,3,"[1487670,1628032,1439628]","[408886,410989,415486]"
cbsd68_0039,zlpng,8,1,154872,463203,7123608,468526,1,1,3,"[7123608,7110869,7148274]","[468526,468625,466993]"
cbsd68_0039,zlpng,8,8,154872,463203,4181097,403207,1,1,3,"[4181097,4181217,4175188]","[417319,280602,403207]"
sk_lily_z00_c2,original_zpng,0,1,1062282,1700168,4026484,1467080,1,1,3,"[4035237,4014586,4026484]","[1467080,1464466,1469063]"
sk_lily_z00_c2,png,0,1,1046590,1700168,113342929,9292003,1,1,3,"[113371552,113339964,113342929]","[9284292,9292974,9292003]"
sk_lily_z00_c2,zlpng,1,1,1068525,1700168,3096743,1637366,1,1,3,"[3096743,3082983,3126428]","[1644025,1637366,1630646]"
sk_lily_z00_c2,zlpng,1,8,1068525,1700168,1082880,556588,1,1,3,"[1091344,649628,1082880]","[560043,313943,556588]"
sk_lily_z00_c2,zlpng,2,1,937237,1700168,7058470,2172782,1,1,3,"[7029677,7058470,7063717]","[2171220,2178581,2172782]"
sk_lily_z00_c2,zlpng,2,8,937237,1700168,1357905,428726,1,1,3,"[1925510,1357905,1186376]","[428726,436027,392701]"
sk_lily_z00_c2,zlpng,3,1,931286,1700168,9043239,2073413,1,1,3,"[9015717,9043239,9050980]","[2073413,2065982,2080273]"
sk_lily_z00_c2,zlpng,3,8,931286,1700168,1998620,712012,1,1,3,"[2018240,1998620,1783967]","[625021,712803,712012]"
sk_lily_z00_c2,zlpng,4,1,931286,1700168,9352163,2078981,1,1,3,"[9343190,9430011,9352163]","[2076838,2083247,2078981]"
sk_lily_z00_c2,zlpng,4,8,931286,1700168,1834743,686493,1,1,3,"[1828674,1834743,2301426]","[716469,391880,686493]"
sk_lily_z00_c2,zlpng,5,1,922022,1700168,13411057,2044619,1,1,3,"[13430336,13411057,13367991]","[2044619,2044228,2047594]"
sk_lily_z00_c2,zlpng,5,8,922022,1700168,3146919,710340,1,1,3,"[2981370,3146919,3167821]","[715688,667365,710340]"
sk_lily_z00_c2,zlpng,6,1,922022,1700168,14608650,2035395,1,1,3,"[14594448,14608650,14640598]","[2037208,2035325,2035395]"
sk_lily_z00_c2,zlpng,6,8,922022,1700168,2973017,555447,1,1,3,"[2973017,2822370,3136394]","[555447,716208,419492]"
sk_lily_z00_c2,zlpng,7,1,922022,1700168,16125014,2046392,1,1,3,"[16125014,16085714,16133516]","[2046392,2047463,2042145]"
sk_lily_z00_c2,zlpng,7,8,922022,1700168,3149613,707956,1,1,3,"[2950083,3149613,3699601]","[696068,709789,707956]"
sk_lily_z00_c2,zlpng,8,1,885164,1700168,26268489,2567667,1,1,3,"[26268489,26404634,26240357]","[2582680,2567667,2559364]"
sk_lily_z00_c2,zlpng,8,8,885164,1700168,4624084,887026,1,1,3,"[4705336,4624084,4473607]","[896169,875418,887026]"
openmoji_1f40b,original_zpng,0,1,37529,1527696,836399,659393,1,1,3,"[836399,823400,836800]","[662939,659033,659393]"
openmoji_1f40b,png,0,1,31441,1527696,8327841,2546195,1,1,3,"[8327841,8315733,8460131]","[2546195,2549169,2545844]"
openmoji_1f40b,zlpng,1,1,45539,1527696,482907,740986,1,1,3,"[482907,510750,475226]","[740986,794236,739414]"
openmoji_1f40b,zlpng,1,8,45539,1527696,312801,292631,1,1,3,"[161944,332621,312801]","[164868,294503,292631]"
openmoji_1f40b,zlpng,2,1,35401,1527696,498781,725192,1,1,3,"[501986,488646,498781]","[725192,722688,725613]"
openmoji_1f40b,zlpng,2,8,35401,1527696,308694,334885,1,1,3,"[334704,165970,308694]","[342566,334885,333392]"
openmoji_1f40b,zlpng,3,1,35896,1527696,524600,733084,1,1,3,"[524600,523048,529327]","[733335,731712,733084]"
openmoji_1f40b,zlpng,3,8,35896,1527696,309095,227092,1,1,3,"[180382,313272,309095]","[174593,227092,340333]"
openmoji_1f40b,zlpng,4,1,35975,1527696,599723,739664,1,1,3,"[599723,633374,590039]","[739664,790160,736259]"
openmoji_1f40b,zlpng,4,8,35975,1527696,359751,333052,1,1,3,"[359751,204828,382026]","[333052,228845,345550]"
openmoji_1f40b,zlpng,5,1,35316,1527696,1960983,732874,1,1,3,"[1960983,1974473,1958410]","[732874,734136,731371]"
openmoji_1f40b,zlpng,5,8,35316,1527696,1049581,279921,1,1,3,"[1049581,1227509,724341]","[297027,246952,279921]"
openmoji_1f40b,zlpng,6,1,35196,1527696,2060924,726363,1,1,3,"[2060924,2066241,2048465]","[726554,726363,721737]"
openmoji_1f40b,zlpng,6,8,35196,1527696,887046,185970,1,1,3,"[740926,890511,887046]","[177958,289827,185970]"
openmoji_1f40b,zlpng,7,1,34789,1527696,2572875,707876,1,1,3,"[2566625,2576820,2572875]","[708316,707776,707876]"
openmoji_1f40b,zlpng,7,8,34789,1527696,986405,273893,1,1,3,"[1467140,936029,986405]","[281163,173391,273893]"
openmoji_1f40b,zlpng,8,1,26878,1527696,14298994,712403,1,1,3,"[14298994,14390361,14234457]","[707916,712403,712413]"
openmoji_1f40b,zlpng,8,8,26878,1527696,3029663,217077,1,1,3,"[2838835,3029663,3325859]","[217227,216626,217077]"
syn_interference16_0,original_zpng,0,1,341288,393216,544350,313371,1,1,3,"[548856,541886,544350]","[313371,312491,324309]"
syn_interference16_0,png,0,1,314746,393216,14188998,2610231,1,1,3,"[14188998,14355769,14149058]","[2615439,2610231,2606545]"
syn_interference16_0,zlpng,1,1,288739,393216,688286,367143,1,1,3,"[687996,688286,706174]","[367143,366382,375495]"
syn_interference16_0,zlpng,1,8,288739,393216,508636,276617,1,1,3,"[508636,506683,509918]","[276617,295785,275575]"
syn_interference16_0,zlpng,2,1,217173,393216,1616254,513533,1,1,3,"[1607100,1877908,1616254]","[512282,513533,514284]"
syn_interference16_0,zlpng,2,8,217173,393216,1298125,366191,1,1,3,"[1177754,1298125,1303443]","[366191,384859,362606]"
syn_interference16_0,zlpng,3,1,215262,393216,2150538,466793,1,1,3,"[2083397,2150538,2420185]","[466793,467324,465932]"
syn_interference16_0,zlpng,3,8,215262,393216,1429593,359482,1,1,3,"[1429593,1426948,1435091]","[392662,343398,359482]"
syn_interference16_0,zlpng,4,1,215262,393216,2009797,465020,1,1,3,"[2009797,1955044,2473515]","[470158,462977,465020]"
syn_interference16_0,zlpng,4,8,215262,393216,1462813,340923,1,1,3,"[1672318,1462813,1455031]","[316758,398751,340923]"
syn_interference16_0,zlpng,5,1,212647,393216,3554012,481275,1,1,3,"[3543726,3554012,3846723]","[476768,481275,485120]"
syn_interference16_0,zlpng,5,8,212647,393216,2516499,331560,1,1,3,"[2728779,2360064,2516499]","[329066,331560,358791]"
syn_interference16_0,zlpng,6,1,212647,393216,4073404,482868,1,1,3,"[3957540,4115607,4073404]","[479823,482868,487133]"
syn_interference16_0,zlpng,6,8,212647,393216,2577512,332241,1,1,3,"[2547656,2727077,2577512]","[332241,330718,333042]"
syn_interference16_0,zlpng,7,1,212647,393216,4538915,479111,1,1,3,"[4699818,4538915,4391002]","[479111,476168,479573]"
syn_interference16_0,zlpng,7,8,212647,393216,2872946,333582,1,1,3,"[2994059,2872946,2863352]","[333582,332040,344308]"
syn_interference16_0,zlpng,8,1,166053,393216,13824960,1080377,1,1,3,"[13842877,13698099,13824960]","[1080207,1083341,1080377]"
syn_interference16_0,zlpng,8,8,166053,393216,11090692,925384,1,1,3,"[11090692,11087568,11188179]","[926806,917071,925384]"
r3_dicom_693_uncr_f0,original_zpng,0,1,168202,524288,1216201,446613,1,1,3,"[1215681,1216201,1218044]","[446613,447624,444599]"
r3_dicom_693_uncr_f0,png,0,1,150588,524288,25508264,2259963,1,1,3,"[25508264,25493983,25516547]","[2259773,2259963,2264170]"
r3_dicom_693_uncr_f0,zlpng,1,1,144706,524288,853686,459111,1,1,3,"[853686,854367,852404]","[458861,461535,459111]"
r3_dicom_693_uncr_f0,zlpng,1,8,144706,524288,756028,492221,1,1,3,"[484650,936380,756028]","[492221,501185,486954]"
r3_dicom_693_uncr_f0,zlpng,2,1,138541,524288,1651447,807707,1,1,3,"[1661993,1651447,1646349]","[807846,807707,803340]"
r3_dicom_693_uncr_f0,zlpng,2,8,138541,524288,1347399,836510,1,1,3,"[1484295,1347399,882039]","[836510,828437,845012]"
r3_dicom_693_uncr_f0,zlpng,3,1,130356,524288,1473379,582638,1,1,3,"[1473379,1471857,1475512]","[580785,585481,582638]"
r3_dicom_693_uncr_f0,zlpng,3,8,130356,524288,1609905,642738,1,1,3,"[1011433,1609905,1963456]","[540043,658131,642738]"
r3_dicom_693_uncr_f0,zlpng,4,1,130356,524288,1481771,581726,1,1,3,"[2039151,1481771,1465076]","[581175,581726,585842]"
r3_dicom_693_uncr_f0,zlpng,4,8,130356,524288,1648152,392501,1,1,3,"[1967313,1648152,1466929]","[313131,655908,392501]"
r3_dicom_693_uncr_f0,zlpng,5,1,126038,524288,3964741,573965,1,1,3,"[3965201,3957309,3964741]","[573173,575267,573965]"
r3_dicom_693_uncr_f0,zlpng,5,8,126038,524288,2957574,652152,1,1,3,"[2957574,3542935,2753076]","[652152,633283,656308]"
r3_dicom_693_uncr_f0,zlpng,6,1,125992,524288,4031552,575647,1,1,3,"[4032723,4031552,4011651]","[575647,576147,572533]"
r3_dicom_693_uncr_f0,zlpng,6,8,125992,524288,2716340,621946,1,1,3,"[2618323,2825775,2716340]","[621946,637851,613084]"
r3_dicom_693_uncr_f0,zlpng,7,1,125786,524288,4281117,576068,1,1,3,"[4272675,4281117,4285674]","[571871,578001,576068]"
r3_dicom_693_uncr_f0,zlpng,7,8,125786,524288,3219178,642588,1,1,3,"[2952556,3219178,3340651]","[652142,331459,642588]"
r3_dicom_693_uncr_f0,zlpng,8,1,112341,524288,15126960,1483575,1,1,3,"[15126960,15137486,15121913]","[1483575,1491997,1481811]"
r3_dicom_693_uncr_f0,zlpng,8,8,112341,524288,8380591,1049030,1,1,3,"[8380591,8436815,7769591]","[1049030,1115740,786755]"
cbsd68_0034,original_zpng,0,1,226221,463203,1020927,430529,1,1,3,"[1023501,1018534,1020927]","[430529,431250,429847]"
cbsd68_0034,png,0,1,263949,463203,29911174,2509569,1,1,3,"[29911174,29938216,29893358]","[2510832,2509569,2501728]"
cbsd68_0034,zlpng,1,1,198317,463203,817722,339461,1,1,3,"[817722,812574,819063]","[338850,339461,341344]"
cbsd68_0034,zlpng,1,8,198317,463203,517139,336266,1,1,3,"[493894,517139,631161]","[336266,341464,335485]"
cbsd68_0034,zlpng,2,1,204160,463203,1016671,504370,1,1,3,"[1016671,999625,1024643]","[505331,501926,504370]"
cbsd68_0034,zlpng,2,8,204160,463203,728968,479793,1,1,3,"[864051,728968,622337]","[480123,478841,479793]"
cbsd68_0034,zlpng,3,1,209152,463203,1469353,522527,1,1,3,"[1469353,1477535,1457825]","[522527,522787,521616]"
cbsd68_0034,zlpng,3,8,209152,463203,1047197,496548,1,1,3,"[903471,1245776,1047197]","[479001,496548,497639]"
cbsd68_0034,zlpng,4,1,216602,463203,1705338,584731,1,1,3,"[1697155,1705338,1721913]","[584731,583208,585912]"
cbsd68_0034,zlpng,4,8,216602,463203,1387028,532822,1,1,3,"[1387028,1490825,1329643]","[338780,556788,532822]"
cbsd68_0034,zlpng,5,1,206904,463203,2911926,535637,1,1,3,"[2908851,2918535,2911926]","[534925,535637,536988]"
cbsd68_0034,zlpng,5,8,206904,463203,1674592,314955,1,1,3,"[1665057,1674592,1705759]","[314955,484810,314724]"
cbsd68_0034,zlpng,6,1,205633,463203,3711319,524060,1,1,3,"[3704318,3711319,3719621]","[524060,524620,519933]"
cbsd68_0034,zlpng,6,8,205633,463203,2156828,478771,1,1,3,"[2295497,2144499,2156828]","[478771,487915,305070]"
cbsd68_0034,zlpng,7,1,204994,463203,4218543,516758,1,1,3,"[4191172,4236310,4218543]","[516187,518942,516758]"
cbsd68_0034,zlpng,7,8,204994,463203,2445232,461044,1,1,3,"[2454366,2444321,2445232]","[460143,468466,461044]"
cbsd68_0034,zlpng,8,1,183297,463203,17229116,1911388,1,1,3,"[17229116,17281626,17179812]","[1911388,1912870,1909296]"
cbsd68_0034,zlpng,8,8,183297,463203,10197307,1275761,1,1,3,"[10197307,10162064,10197798]","[1162921,1436263,1275761]"
syn_terminal_2,original_zpng,0,1,12272,2359296,730580,790290,1,1,3,"[753736,729989,730580]","[794166,790290,786385]"
syn_terminal_2,png,0,1,116772,2359296,13655996,4756212,1,1,3,"[13620482,13655996,13664128]","[4752537,4756212,4775722]"
syn_terminal_2,zlpng,1,1,99070,2359296,829159,1388621,1,1,3,"[829159,806354,832464]","[1399888,1378346,1388621]"
syn_terminal_2,zlpng,1,8,99070,2359296,232209,340083,1,1,3,"[230457,232209,258790]","[338510,340083,381475]"
syn_terminal_2,zlpng,2,1,85304,2359296,847146,1465397,1,1,3,"[851362,836650,847146]","[1465397,1464785,1471306]"
syn_terminal_2,zlpng,2,8,85304,2359296,227543,350959,1,1,3,"[227512,305190,227543]","[350959,391810,349596]"
syn_terminal_2,zlpng,3,1,83240,2359296,965384,1492878,1,1,3,"[965384,976901,960106]","[1492878,1491466,1493599]"
syn_terminal_2,zlpng,3,8,83240,2359296,325280,387874,1,1,3,"[250597,325280,346412]","[355135,408094,387874]"
syn_terminal_2,zlpng,4,1,83501,2359296,999936,1511987,1,1,3,"[1008188,999936,987397]","[1514571,1511987,1507650]"
syn_terminal_2,zlpng,4,8,83501,2359296,322145,373021,1,1,3,"[322145,374895,318700]","[358099,394885,373021]"
syn_terminal_2,zlpng,5,1,79956,2359296,2048605,1436263,1,1,3,"[2048605,2062115,2048195]","[1437455,1436263,1436153]"
syn_terminal_2,zlpng,5,8,79956,2359296,519963,355645,1,1,3,"[590419,496608,519963]","[390828,354724,355645]"
syn_terminal_2,zlpng,6,1,79215,2359296,2362648,1420760,1,1,3,"[2347014,2850372,2362648]","[1420058,1420760,1425476]"
syn_terminal_2,zlpng,6,8,79215,2359296,697240,351129,1,1,3,"[677440,726073,697240]","[351129,372401,350227]"
syn_terminal_2,zlpng,7,1,77983,2359296,2936142,1427249,1,1,3,"[2917414,2968941,2936142]","[1427249,1426919,1428782]"
syn_terminal_2,zlpng,7,8,77983,2359296,842960,360322,1,1,3,"[759303,842960,1474110]","[354574,360322,364258]"
syn_terminal_2,zlpng,8,1,82948,2359296,28412318,1737918,1,1,3,"[28588322,28412318,28316423]","[1737918,1707942,1746280]"
syn_terminal_2,zlpng,8,8,82948,2359296,6442161,554465,1,1,3,"[6473930,6442161,6266006]","[568777,527174,554465]"
r3_syn_alpha_sparse_0,original_zpng,0,1,4205,395780,147892,138649,1,1,3,"[151979,147892,147162]","[138649,139140,136796]"
r3_syn_alpha_sparse_0,png,0,1,3182,395780,2111870,622107,1,1,3,"[2111870,2113633,2096688]","[625702,622107,618712]"
r3_syn_alpha_sparse_0,zlpng,1,1,3927,395780,92830,166841,1,1,3,"[92830,97797,91227]","[164628,166841,167743]"
r3_syn_alpha_sparse_0,zlpng,1,8,3927,395780,106070,120181,1,1,3,"[77857,106070,108563]","[120181,117286,137998]"
r3_syn_alpha_sparse_0,zlpng,2,1,2924,395780,89314,181013,1,1,3,"[87251,89345,89314]","[179531,181834,181013]"
r3_syn_alpha_sparse_0,zlpng,2,8,2924,395780,109555,150316,1,1,3,"[140902,100321,109555]","[150316,152129,149195]"
r3_syn_alpha_sparse_0,zlpng,3,1,3578,395780,110817,180782,1,1,3,"[112009,99640,110817]","[180782,177668,183206]"
r3_syn_alpha_sparse_0,zlpng,3,8,3578,395780,99480,124558,1,1,3,"[69044,111958,99480]","[124558,123837,136015]"
r3_syn_alpha_sparse_0,zlpng,4,1,3580,395780,114653,179440,1,1,3,"[109184,123225,114653]","[175074,179440,179711]"
r3_syn_alpha_sparse_0,zlpng,4,8,3580,395780,79109,126891,1,1,3,"[107412,79109,78488]","[148554,126891,124537]"
r3_syn_alpha_sparse_0,zlpng,5,1,2558,395780,193932,169705,1,1,3,"[191989,204358,193932]","[169705,173110,168874]"
r3_syn_alpha_sparse_0,zlpng,5,8,2558,395780,191679,136646,1,1,3,"[205610,191679,114533]","[136646,119550,139280]"
r3_syn_alpha_sparse_0,zlpng,6,1,2546,395780,214192,170447,1,1,3,"[214192,216937,212310]","[170447,170958,169575]"
r3_syn_alpha_sparse_0,zlpng,6,8,2546,395780,202735,137047,1,1,3,"[202735,129365,232270]","[118639,144247,137047]"
r3_syn_alpha_sparse_0,zlpng,7,1,2501,395780,304839,172721,1,1,3,"[304218,307153,304839]","[171649,173311,172721]"
r3_syn_alpha_sparse_0,zlpng,7,8,2501,395780,178398,132539,1,1,3,"[408365,178398,176446]","[132539,118649,134993]"
r3_syn_alpha_sparse_0,zlpng,8,1,2690,395780,4526416,217568,1,1,3,"[4507498,4526416,4533918]","[217848,217217,217568]"
r3_syn_alpha_sparse_0,zlpng,8,8,2690,395780,2393034,231979,1,1,3,"[2562359,2370269,2393034]","[235895,223146,231979]"
cbsd68_0012,original_zpng,0,1,224946,463203,1062720,438911,1,1,3,"[1062720,1064814,1062260]","[438170,438911,442877]"
cbsd68_0012,png,0,1,287216,463203,18820452,2117649,1,1,3,"[18820452,18821084,18806963]","[2119322,2116417,2117649]"
cbsd68_0012,zlpng,1,1,205855,463203,798563,349226,1,1,3,"[798302,799253,798563]","[349096,349226,351259]"
cbsd68_0012,zlpng,1,8,205855,463203,568546,214213,1,1,3,"[505922,568546,625752]","[214213,208044,380574]"
cbsd68_0012,zlpng,2,1,213362,463203,929129,512191,1,1,3,"[933886,921587,929129]","[512191,509106,512302]"
cbsd68_0012,zlpng,2,8,213362,463203,842829,502006,1,1,3,"[842829,713915,874347]","[502006,284939,524570]"
cbsd68_0012,zlpng,3,1,216663,463203,1327339,520193,1,1,3,"[1327339,1324655,1328721]","[523088,520193,519472]"
cbsd68_0012,zlpng,3,8,216663,463203,989220,463098,1,1,3,"[989220,750811,1047327]","[529167,463098,288965]"
cbsd68_0012,zlpng,4,1,222142,463203,1521020,563078,1,1,3,"[1519408,1521571,1521020]","[563078,560705,563088]"
cbsd68_0012,zlpng,4,8,222142,463203,999785,551310,1,1,3,"[835287,1133778,999785]","[551310,556879,550378]"
cbsd68_0012,zlpng,5,1,214162,463203,2655328,523158,1,1,3,"[2655328,2709801,2639676]","[520815,524320,523158]"
cbsd68_0012,zlpng,5,8,214162,463203,1540250,317558,1,1,3,"[1541181,1540250,1536684]","[293512,317558,366391]"
cbsd68_0012,zlpng,6,1,213452,463203,3280129,514775,1,1,3,"[3245999,3314792,3280129]","[515216,511771,514775]"
cbsd68_0012,zlpng,6,8,213452,463203,2092351,491750,1,1,3,"[2118541,1901444,2092351]","[387033,491750,515686]"
cbsd68_0012,zlpng,7,1,212474,463203,3771740,508907,1,1,3,"[3703437,3787854,3771740]","[508045,508907,512062]"
cbsd68_0012,zlpng,7,8,212474,463203,2193413,432511,1,1,3,"[2193823,2193413,2167444]","[283917,488866,432511]"
cbsd68_0012,zlpng,8,1,193946,463203,16617675,1640781,1,1,3,"[16602833,16701712,16617675]","[1643896,1636655,1640781]"
cbsd68_0012,zlpng,8,8,193946,463203,8700432,1006256,1,1,3,"[8700432,8550337,8846162]","[1455322,936130,1006256]"
r3_cp_stack_examplecolocalization,original_zpng,0,1,2413812,5790720,6422161,3862657,1,1,3,"[6002079,6422161,6429262]","[3862657,3851140,3868045]"
r3_cp_stack_examplecolocalization,png,0,1,2104174,5790720,436560589,22962300,1,1,3,"[442311880,436509432,436560589]","[22950783,22962300,22964984]"
r3_cp_stack_examplecolocalization,zlpng,1,1,2059411,5790720,12260233,3130685,1,1,3,"[12294676,12260233,12140603]","[3132547,3130685,3120790]"
r3_cp_stack_examplecolocalization,zlpng,1,8,2059411,5790720,2613846,519032,1,1,3,"[2613846,2424822,2641868]","[519032,515416,527294]"
r3_cp_stack_examplecolocalization,zlpng,2,1,2016288,5790720,20299109,7553445,1,1,3,"[20299109,20294583,21181608]","[7553445,7530731,7988911]"
r3_cp_stack_examplecolocalization,zlpng,2,8,2016288,5790720,3604899,1166016,1,1,3,"[3681083,3604899,3023153]","[1259767,1166016,1136512]"
r3_cp_stack_examplecolocalization,zlpng,3,1,1949575,5790720,20430116,6496434,1,1,3,"[20420862,20449396,20430116]","[6507610,6479238,6496434]"
r3_cp_stack_examplecolocalization,zlpng,3,8,1949575,5790720,3643006,1012875,1,1,3,"[3643006,3118716,3773122]","[1012875,1005464,1013316]"
r3_cp_stack_examplecolocalization,zlpng,4,1,1949575,5790720,20525821,6495432,1,1,3,"[20552491,20465920,20525821]","[6497354,6495432,6491927]"
r3_cp_stack_examplecolocalization,zlpng,4,8,1949575,5790720,3672100,1023742,1,1,3,"[3710428,3056914,3672100]","[1014437,1023742,1024853]"
r3_cp_stack_examplecolocalization,zlpng,5,1,1905414,5790720,47633153,6758268,1,1,3,"[47633153,47616128,48323372]","[6733690,6758268,6961333]"
r3_cp_stack_examplecolocalization,zlpng,5,8,1905414,5790720,7270339,1162511,1,1,3,"[6998440,7270339,7324350]","[1063121,1220588,1162511]"
r3_cp_stack_examplecolocalization,zlpng,6,1,1905414,5790720,47690049,6755554,1,1,3,"[47690049,47808007,47630780]","[6756455,6736304,6755554]"
r3_cp_stack_examplecolocalization,zlpng,6,8,1905414,5790720,7056446,1177073,1,1,3,"[7068605,7053422,7056446]","[1048379,1177073,1217093]"
r3_cp_stack_examplecolocalization,zlpng,7,1,1905304,5790720,48311065,6769334,1,1,3,"[48311065,48395411,48107417]","[6769334,6689885,6776345]"
r3_cp_stack_examplecolocalization,zlpng,7,8,1905304,5790720,7150087,1082891,1,1,3,"[7142777,7197579,7150087]","[1300899,1082891,1041548]"
r3_cp_stack_examplecolocalization,zlpng,8,1,1577677,5790720,77283515,4459366,1,1,3,"[77444588,77168452,77283515]","[4460337,4455179,4459366]"
r3_cp_stack_examplecolocalization,zlpng,8,8,1577677,5790720,11363273,726624,1,1,3,"[11363273,11226166,11701602]","[713495,820265,726624]"
cbsd68_0025,original_zpng,0,1,226827,463203,1082139,456237,1,1,3,"[1086616,1079786,1082139]","[458240,456237,453102]"
cbsd68_0025,png,0,1,267704,463203,25885031,2055245,1,1,3,"[25817240,25984151,25885031]","[2047573,2055245,2060684]"
cbsd68_0025,zlpng,1,1,210255,463203,853536,363167,1,1,3,"[858133,853536,847947]","[367393,363167,361995]"
cbsd68_0025,zlpng,1,8,210255,463203,497439,359712,1,1,3,"[798172,497439,488035]","[359712,360674,345310]"
cbsd68_0025,zlpng,2,1,214509,463203,964423,538040,1,1,3,"[957142,964423,966705]","[538040,537369,538200]"
cbsd68_0025,zlpng,2,8,214509,463203,798071,492782,1,1,3,"[798071,768728,877261]","[506784,492782,485020]"
cbsd68_0025,zlpng,3,1,218529,463203,1436864,544210,1,1,3,"[1442782,1435331,1436864]","[545070,544210,541986]"
cbsd68_0025,zlpng,3,8,218529,463203,1217083,500944,1,1,3,"[1217083,1279407,1022770]","[529167,493313,500944]"
cbsd68_0025,zlpng,4,1,225394,463203,1681582,591792,1,1,3,"[1681582,1679049,1687311]","[591792,590349,592983]"
cbsd68_0025,zlpng,4,8,225394,463203,1018534,534195,1,1,3,"[904032,1018534,1042479]","[567825,512832,534195]"
cbsd68_0025,zlpng,5,1,216558,463203,2880478,548046,1,1,3,"[2887778,2875741,2880478]","[548046,546543,549517]"
cbsd68_0025,zlpng,5,8,216558,463203,1606620,531300,1,1,3,"[1606620,1712058,1605718]","[511780,544150,531300]"
cbsd68_0025,zlpng,6,1,215515,463203,3533992,535086,1,1,3,"[3534553,3525499,3533992]","[534465,536678,535086]"
cbsd68_0025,zlpng,6,8,215515,463203,2008925,492852,1,1,3,"[2145131,2008925,2008784]","[491510,518251,492852]"
cbsd68_0025,zlpng,7,1,214547,463203,4041396,532502,1,1,3,"[4041396,4044490,4039924]","[532502,529888,532652]"
cbsd68_0025,zlpng,7,8,214547,463203,2295146,493383,1,1,3,"[2276358,2295146,2441617]","[306392,502457,493383]"
cbsd68_0025,zlpng,8,1,196887,463203,15597750,1707452,1,1,3,"[15594044,15608766,15597750]","[1712729,1707452,1701542]"
cbsd68_0025,zlpng,8,8,196887,463203,8729156,1331996,1,1,3,"[8729156,8662916,8741664]","[970171,1423544,1331996]"
syn_poisson16_2,original_zpng,0,1,1165198,1572864,1361811,900857,1,1,3,"[1361811,1337264,1591677]","[900857,896360,906575]"
syn_poisson16_2,png,0,1,1168860,1572864,72349354,6912100,1,1,3,"[72177687,72349354,72357687]","[6913060,6912100,6905520]"
syn_poisson16_2,zlpng,1,1,1166848,1572864,1164233,1272326,1,1,3,"[1168870,1161669,1164233]","[1272326,1270163,1275882]"
syn_poisson16_2,zlpng,1,8,1166848,1572864,544600,475156,1,1,3,"[500033,557389,544600]","[474575,475156,494785]"
syn_poisson16_2,zlpng,2,1,1001820,1572864,6567260,1683195,1,1,3,"[6567260,6598968,6551216]","[1683195,1683385,1682845]"
syn_poisson16_2,zlpng,2,8,1001820,1572864,1442893,381104,1,1,3,"[1442893,1685008,1363404]","[359662,652963,381104]"
syn_poisson16_2,zlpng,3,1,1001820,1572864,8321582,1685258,1,1,3,"[8310466,8469405,8321582]","[1685258,1685779,1682754]"
syn_poisson16_2,zlpng,3,8,1001820,1572864,1952229,641175,1,1,3,"[1630135,1952229,2117539]","[641175,656028,619673]"
syn_poisson16_2,zlpng,4,1,1001820,1572864,8689206,1679489,1,1,3,"[8691358,8680273,8689206]","[1689895,1675643,1679489]"
syn_poisson16_2,zlpng,4,8,1001820,1572864,2130499,627645,1,1,3,"[2376219,2130499,2099362]","[668246,580845,627645]"
syn_poisson16_2,zlpng,5,1,1002613,1572864,9938477,1699860,1,1,3,"[9938477,9971667,9924616]","[1699860,1704817,1698478]"
syn_poisson16_2,zlpng,5,8,1002613,1572864,3536616,577530,1,1,3,"[3536616,3783448,3281201]","[516748,577530,625462]"
syn_poisson16_2,zlpng,6,1,1002613,1572864,12151099,1701252,1,1,3,"[12181264,12151099,12122165]","[1701623,1701252,1693701]"
syn_poisson16_2,zlpng,6,8,1002613,1572864,4153054,633584,1,1,3,"[4153054,4165263,3542676]","[633584,468856,642548]"
syn_poisson16_2,zlpng,7,1,1002613,1572864,14922753,1698418,1,1,3,"[14962734,14922753,14918747]","[1695663,1698418,1702754]"
syn_poisson16_2,zlpng,7,8,1002613,1572864,4097210,754586,1,1,3,"[4107345,4097210,4036238]","[754586,811472,517219]"
syn_poisson16_2,zlpng,8,1,977455,1572864,22445432,2037969,1,1,3,"[22513644,22445432,22437520]","[2037969,2040353,2026792]"
syn_poisson16_2,zlpng,8,8,977455,1572864,4457093,752813,1,1,3,"[4556291,4223820,4457093]","[746995,752813,784341]"
r3_syn_outlier_ramp16_1,original_zpng,0,1,12523,787456,351249,278149,1,1,3,"[351249,354354,343688]","[283497,278149,276526]"
r3_syn_outlier_ramp16_1,png,0,1,20463,787456,5621075,775618,1,1,3,"[5639433,5476017,5621075]","[774296,775618,782939]"
r3_syn_outlier_ramp16_1,zlpng,1,1,19824,787456,243356,577580,1,1,3,"[243356,245370,237518]","[577420,586713,577580]"
r3_syn_outlier_ramp16_1,zlpng,1,8,19824,787456,205970,411029,1,1,3,"[250077,205970,185510]","[411029,410178,418079]"
r3_syn_outlier_ramp16_1,zlpng,2,1,14899,787456,399572,609128,1,1,3,"[396517,399572,403017]","[608046,609908,609128]"
r3_syn_outlier_ramp16_1,zlpng,2,8,14899,787456,417218,432452,1,1,3,"[260402,417218,442937]","[233572,432452,447334]"
r3_syn_outlier_ramp16_1,zlpng,3,1,14933,787456,437299,609417,1,1,3,"[451019,435887,437299]","[611421,609417,606864]"
r3_syn_outlier_ramp16_1,zlpng,3,8,14933,787456,534104,318850,1,1,3,"[652292,534104,533925]","[248985,441595,318850]"
r3_syn_outlier_ramp16_1,zlpng,4,1,14933,787456,437478,606533,1,1,3,"[437478,432512,445411]","[609087,606533,606533]"
r3_syn_outlier_ramp16_1,zlpng,4,8,14933,787456,492932,444059,1,1,3,"[168023,492932,582858]","[226251,449958,444059]"
r3_syn_outlier_ramp16_1,zlpng,5,1,14357,787456,1248660,602567,1,1,3,"[1248660,1238295,1252567]","[603549,599613,602567]"
r3_syn_outlier_ramp16_1,zlpng,5,8,14357,787456,863520,226280,1,1,3,"[863520,1197904,839715]","[227693,223527,226280]"
r3_syn_outlier_ramp16_1,zlpng,6,1,14357,787456,1239436,602447,1,1,3,"[1254980,1239436,1235380]","[602447,601677,602828]"
r3_syn_outlier_ramp16_1,zlpng,6,8,14357,787456,832764,423578,1,1,3,"[798743,970622,832764]","[423578,439272,223036]"
r3_syn_outlier_ramp16_1,zlpng,7,1,14357,787456,1252106,605752,1,1,3,"[1245295,1252106,1269001]","[605001,606453,605752]"
r3_syn_outlier_ramp16_1,zlpng,7,8,14357,787456,1114699,230147,1,1,3,"[1114699,673965,1170012]","[460474,226081,230147]"
r3_syn_outlier_ramp16_1,zlpng,8,1,12550,787456,9103890,710720,1,1,3,"[9090049,9103890,9110520]","[725583,710720,700935]"
r3_syn_outlier_ramp16_1,zlpng,8,8,12550,787456,3535444,500514,1,1,3,"[3911591,3535444,3313360]","[462086,505822,500514]"
r3_syn_sparse_values16_0,original_zpng,0,1,12768,197890,163166,109405,1,1,3,"[164628,162254,163166]","[110156,109385,109405]"
r3_syn_sparse_values16_0,png,0,1,9715,197890,1304765,257628,1,1,3,"[1316693,1304765,1301290]","[255705,257988,257628]"
r3_syn_sparse_values16_0,zlpng,1,1,20934,197890,176236,183927,1,1,3,"[181533,176236,174332]","[184178,183927,183717]"
r3_syn_sparse_values16_0,zlpng,1,8,20934,197890,180993,185249,1,1,3,"[184198,177938,180993]","[185249,184448,186811]"
r3_syn_sparse_values16_0,zlpng,2,1,15496,197890,392081,197517,1,1,3,"[388715,392081,392872]","[196526,197517,197998]"
r3_syn_sparse_values16_0,zlpng,2,8,15496,197890,304228,198539,1,1,3,"[304228,395345,300312]","[201203,197788,198539]"
r3_syn_sparse_values16_0,zlpng,3,1,15537,197890,412441,196627,1,1,3,"[411639,496417,412441]","[196627,195114,196696]"
r3_syn_sparse_values16_0,zlpng,3,8,15537,197890,497169,194874,1,1,3,"[498000,497169,331790]","[196446,194874,189385]"
r3_syn_sparse_values16_0,zlpng,4,1,15537,197890,352330,193872,1,1,3,"[349307,514094,352330]","[193872,196326,193462]"
r3_syn_sparse_values16_0,zlpng,4,8,15537,197890,365781,197317,1,1,3,"[517189,365781,338750]","[197317,198639,187392]"
r3_syn_sparse_values16_0,zlpng,5,1,15425,197890,950792,223296,1,1,3,"[957692,950792,949189]","[234954,222505,223296]"
r3_syn_sparse_values16_0,zlpng,5,8,15425,197890,877101,225229,1,1,3,"[809890,879935,877101]","[224939,231068,225229]"
r3_syn_sparse_values16_0,zlpng,6,1,15425,197890,956681,228214,1,1,3,"[890491,956681,978774]","[228985,221884,228214]"
r3_syn_sparse_values16_0,zlpng,6,8,15425,197890,821217,224949,1,1,3,"[821217,811532,948508]","[225289,224539,224949]"
r3_syn_sparse_values16_0,zlpng,7,1,15425,197890,822389,228504,1,1,3,"[815348,831262,822389]","[228864,228504,227082]"
r3_syn_sparse_values16_0,zlpng,7,8,15425,197890,967667,223937,1,1,3,"[970992,823771,967667]","[228264,223877,223937]"
r3_syn_sparse_values16_0,zlpng,8,1,15368,197890,1241941,194713,1,1,3,"[1244424,1233918,1241941]","[194433,194713,196566]"
r3_syn_sparse_values16_0,zlpng,8,8,15368,197890,1241991,194453,1,1,3,"[1252286,1234519,1241991]","[194453,190968,195094]"
cbsd68_0024,original_zpng,0,1,226141,463203,1129331,475216,1,1,3,"[1122841,1129531,1129331]","[474084,476818,475216]"
cbsd68_0024,png,0,1,285056,463203,26040205,2309488,1,1,3,"[26006794,26040205,26160026]","[2311491,2305522,2309488]"
cbsd68_0024,zlpng,1,1,207796,463203,914237,371019,1,1,3,"[908948,914237,918934]","[368485,371019,376477]"
cbsd68_0024,zlpng,1,8,207796,463203,753554,223367,1,1,3,"[810781,753554,540143]","[367854,223367,213302]"
cbsd68_0024,zlpng,2,1,210672,463203,996100,534375,1,1,3,"[996100,993476,1001808]","[533734,534375,538932]"
cbsd68_0024,zlpng,2,8,210672,463203,612743,536918,1,1,3,"[612743,851222,603729]","[536999,422556,536918]"
cbsd68_0024,zlpng,3,1,214152,463203,1391325,536648,1,1,3,"[1391325,1386758,1393419]","[536648,536729,535306]"
cbsd68_0024,zlpng,3,8,214152,463203,847516,524389,1,1,3,"[847516,842389,1171544]","[524389,529477,311008]"
cbsd68_0024,zlpng,4,1,219990,463203,1597906,571972,1,1,3,"[1587671,1597906,1606029]","[571972,569798,572222]"
cbsd68_0024,zlpng,4,8,219990,463203,1068339,522567,1,1,3,"[1092465,960347,1068339]","[522567,523087,495847]"
cbsd68_0024,zlpng,5,1,211926,463203,2847158,543599,1,1,3,"[2847158,2841369,2847438]","[540494,543599,545331]"
cbsd68_0024,zlpng,5,8,211926,463203,1664307,502327,1,1,3,"[1658567,1664307,1732600]","[502327,494524,521755]"
cbsd68_0024,zlpng,6,1,210793,463203,3547022,528556,1,1,3,"[3538969,3571378,3547022]","[528556,527885,530789]"
cbsd68_0024,zlpng,6,8,210793,463203,2204129,312651,1,1,3,"[2118620,2204129,2215096]","[502988,307983,312651]"
cbsd68_0024,zlpng,7,1,209576,463203,4009087,524300,1,1,3,"[4014857,4009087,3987555]","[521645,524300,524329]"
cbsd68_0024,zlpng,7,8,209576,463203,2388437,394935,1,1,3,"[2399614,2388437,2385182]","[502207,394935,311138]"
cbsd68_0024,zlpng,8,1,194688,463203,17589679,1655172,1,1,3,"[17589679,17590340,17582729]","[1655172,1669905,1654562]"
cbsd68_0024,zlpng,8,8,194688,463203,9360687,1422412,1,1,3,"[9312374,9360687,9363311]","[1255681,1454090,1422412]"
sk_kidney_z08_c1,original_zpng,0,1,379457,524288,506873,333652,1,1,3,"[506873,508166,504260]","[332351,333732,333652]"
sk_kidney_z08_c1,png,0,1,377356,524288,34291912,3005866,1,1,3,"[34308588,34291912,34255196]","[3005866,3007059,3004956]"
sk_kidney_z08_c1,zlpng,1,1,376014,524288,424289,431820,1,1,3,"[590860,421765,424289]","[433783,431750,431820]"
sk_kidney_z08_c1,zlpng,1,8,376014,524288,248924,469727,1,1,3,"[484680,248924,244899]","[469727,471790,460363]"
sk_kidney_z08_c1,zlpng,2,1,325615,524288,2304260,607836,1,1,3,"[2304260,2303008,2314436]","[607836,604330,609698]"
sk_kidney_z08_c1,zlpng,2,8,325615,524288,1409452,628627,1,1,3,"[1409452,1373859,1745879]","[638422,628627,568626]"
sk_kidney_z08_c1,zlpng,3,1,325637,524288,2878265,605182,1,1,3,"[2878265,2874148,3235933]","[606584,600404,605182]"
sk_kidney_z08_c1,zlpng,3,8,325637,524288,2303088,622578,1,1,3,"[2233073,2472513,2303088]","[622578,600825,631271]"
sk_kidney_z08_c1,zlpng,4,1,325637,524288,3006257,602698,1,1,3,"[3000639,3006257,3009371]","[597910,608316,602698]"
sk_kidney_z08_c1,zlpng,4,8,325637,524288,2500866,571401,1,1,3,"[2218020,2500866,2514998]","[571401,534395,648056]"
sk_kidney_z08_c1,zlpng,5,1,324330,524288,3931240,619233,1,1,3,"[3929738,3941475,3931240]","[617851,619764,619233]"
sk_kidney_z08_c1,zlpng,5,8,324330,524288,2891715,658502,1,1,3,"[3093980,2697703,2891715]","[665312,658502,506793]"
sk_kidney_z08_c1,zlpng,6,1,324330,524288,4473967,618041,1,1,3,"[4460026,4490062,4473967]","[615497,620294,618041]"
sk_kidney_z08_c1,zlpng,6,8,324330,524288,3129153,609919,1,1,3,"[3042452,3129153,3490116]","[626984,331429,609919]"
sk_kidney_z08_c1,zlpng,7,1,324330,524288,5116756,613814,1,1,3,"[5116756,5103756,5124507]","[613814,612352,623610]"
sk_kidney_z08_c1,zlpng,7,8,324330,524288,3963589,638251,1,1,3,"[4326555,3893493,3963589]","[666393,558601,638251]"
sk_kidney_z08_c1,zlpng,8,1,312046,524288,7985256,807606,1,1,3,"[7981309,8011876,7985256]","[808248,807606,805933]"
sk_kidney_z08_c1,zlpng,8,8,312046,524288,4127475,666154,1,1,3,"[4038212,4802363,4127475]","[427233,733594,666154]"
syn_ui_dark_0,original_zpng,0,1,9852,589824,256006,221313,1,1,3,"[256687,254613,256006]","[222054,221313,221243]"
syn_ui_dark_0,png,0,1,16937,589824,3147560,1111834,1,1,3,"[3147560,3133049,3151727]","[1119146,1110622,1111834]"
syn_ui_dark_0,zlpng,1,1,14365,589824,156676,327313,1,1,3,"[152881,156676,159760]","[325540,327313,331470]"
syn_ui_dark_0,zlpng,1,8,14365,589824,104608,152740,1,1,3,"[90146,105669,104608]","[152740,157968,151909]"
syn_ui_dark_0,zlpng,2,1,10483,589824,154582,340482,1,1,3,"[154582,150897,154873]","[339992,340482,341094]"
syn_ui_dark_0,zlpng,2,8,10483,589824,115303,168954,1,1,3,"[115303,163497,71157]","[168954,172530,164498]"
syn_ui_dark_0,zlpng,3,1,10654,589824,165118,341214,1,1,3,"[163507,165118,177868]","[341164,341214,345009]"
syn_ui_dark_0,zlpng,3,8,10654,589824,189876,211959,1,1,3,"[158879,198869,189876]","[179911,211959,322866]"
syn_ui_dark_0,zlpng,4,1,10735,589824,177087,344339,1,1,3,"[183866,177087,175905]","[344339,345981,343127]"
syn_ui_dark_0,zlpng,4,8,10735,589824,206361,178940,1,1,3,"[112099,206361,206811]","[168314,178940,335616]"
syn_ui_dark_0,zlpng,5,1,10320,589824,410869,333011,1,1,3,"[410869,408565,415946]","[333282,333011,331860]"
syn_ui_dark_0,zlpng,5,8,10320,589824,258079,312671,1,1,3,"[497359,258079,253361]","[312671,323778,168714]"
syn_ui_dark_0,zlpng,6,1,10271,589824,430548,333191,1,1,3,"[459832,421484,430548]","[330398,333191,333502]"
syn_ui_dark_0,zlpng,6,8,10271,589824,265270,312741,1,1,3,"[265270,551811,260513]","[319751,312741,163566]"
syn_ui_dark_0,zlpng,7,1,9975,589824,528035,335195,1,1,3,"[528035,527494,528506]","[334634,338971,335195]"
syn_ui_dark_0,zlpng,7,8,9975,589824,305690,317668,1,1,3,"[305690,498211,303507]","[159369,317668,320833]"
syn_ui_dark_0,zlpng,8,1,10228,589824,5815978,375416,1,1,3,"[5892484,5812543,5815978]","[373102,376407,375416]"
syn_ui_dark_0,zlpng,8,8,10228,589824,2920728,401605,1,1,3,"[2999367,2920728,2729741]","[401605,388716,462406]"
r3_tesseract_eurotext,original_zpng,0,1,33749,819200,615307,498491,1,1,3,"[615447,615307,611240]","[498491,499592,491200]"
r3_tesseract_eurotext,png,0,1,22753,819200,6495962,1750315,1,1,3,"[6510485,6495962,6490254]","[1752329,1750315,1746640]"
r3_tesseract_eurotext,zlpng,1,1,29811,819200,347674,1191314,1,1,3,"[347674,339351,352421]","[1191314,1191244,1193437]"
r3_tesseract_eurotext,zlpng,1,8,29811,819200,256686,397679,1,1,3,"[300152,256686,246832]","[776970,397679,394124]"
r3_tesseract_eurotext,zlpng,2,1,23625,819200,419182,1206617,1,1,3,"[421224,411660,419182]","[1207889,1206617,1206367]"
r3_tesseract_eurotext,zlpng,2,8,23625,819200,317198,420673,1,1,3,"[358530,183997,317198]","[615016,419372,420673]"
r3_tesseract_eurotext,zlpng,3,1,24668,819200,426453,1221689,1,1,3,"[426362,426453,428275]","[1224043,1221689,1221299]"
r3_tesseract_eurotext,zlpng,3,8,24668,819200,348946,426452,1,1,3,"[348946,361034,180933]","[842058,426452,421745]"
r3_tesseract_eurotext,zlpng,4,1,24715,819200,439703,1218134,1,1,3,"[439703,433363,456217]","[1218134,1217714,1227168]"
r3_tesseract_eurotext,zlpng,4,8,24715,819200,329686,812493,1,1,3,"[329686,379291,181924]","[795328,812493,818823]"
r3_tesseract_eurotext,zlpng,5,1,23236,819200,1236983,1195110,1,1,3,"[1236983,1236822,1250002]","[1195100,1195110,1199126]"
r3_tesseract_eurotext,zlpng,5,8,23236,819200,803060,826845,1,1,3,"[803060,837822,705752]","[826845,830721,702437]"
r3_tesseract_eurotext,zlpng,6,1,22313,819200,1502353,1188159,1,1,3,"[1513109,1502353,1498927]","[1187769,1188159,1192676]"
r3_tesseract_eurotext,zlpng,6,8,22313,819200,1077132,417619,1,1,3,"[1015189,1077132,1263313]","[417619,414234,813335]"
r3_tesseract_eurotext,zlpng,7,1,22076,819200,1896736,1180408,1,1,3,"[1898579,1896736,1891348]","[1180408,1180608,1180017]"
r3_tesseract_eurotext,zlpng,7,8,22076,819200,1170683,634666,1,1,3,"[1043041,1270493,1170683]","[631521,634666,806294]"
r3_tesseract_eurotext,zlpng,8,1,14514,819200,8295833,1121349,1,1,3,"[8286089,8295833,8335563]","[1121268,1121349,1121830]"
r3_tesseract_eurotext,zlpng,8,8,14514,819200,3263054,658812,1,1,3,"[3662966,3263054,2852015]","[680595,658812,395906]"
sk_lily_z00_c0,original_zpng,0,1,1183157,1700168,3122512,1207519,1,1,3,"[3399089,3122512,3116303]","[1364885,1203002,1207519]"
sk_lily_z00_c0,png,0,1,1166542,1700168,117686380,9350842,1,1,3,"[117686380,117436353,117705679]","[9342430,9350842,9353265]"
sk_lily_z00_c0,zlpng,1,1,1197281,1700168,1879360,1639750,1,1,3,"[1924147,1879360,1693180]","[1669585,1639750,1459779]"
sk_lily_z00_c0,zlpng,1,8,1197281,1700168,864161,281965,1,1,3,"[461125,864161,899986]","[277838,281965,571300]"
sk_lily_z00_c0,zlpng,2,1,1041160,1700168,7165802,2063427,1,1,3,"[7153353,7203288,7165802]","[2059381,2066572,2063427]"
sk_lily_z00_c0,zlpng,2,8,1041160,1700168,1973742,720335,1,1,3,"[2118961,1973742,1759700]","[731161,708367,720335]"
sk_lily_z00_c0,zlpng,3,1,1040901,1700168,9661720,2064439,1,1,3,"[9659617,9751415,9661720]","[2064439,2106673,2063267]"
sk_lily_z00_c0,zlpng,3,8,1040901,1700168,2089236,666644,1,1,3,"[1706299,2556700,2089236]","[699524,666644,646333]"
sk_lily_z00_c0,zlpng,4,1,1040901,1700168,10333862,2069436,1,1,3,"[10751712,10333862,10187803]","[2118180,2060633,2069436]"
sk_lily_z00_c0,zlpng,4,8,1040901,1700168,1925820,712443,1,1,3,"[1726159,1925820,2198611]","[714987,406542,712443]"
sk_lily_z00_c0,zlpng,5,1,1033162,1700168,13604077,2059512,1,1,3,"[13604077,14186684,13515884]","[2059512,2098020,2057818]"
sk_lily_z00_c0,zlpng,5,8,1033162,1700168,2868760,682678,1,1,3,"[2987068,2623551,2868760]","[635096,723840,682678]"
sk_lily_z00_c0,zlpng,6,1,1033162,1700168,15132398,2055726,1,1,3,"[15637039,15132398,15059168]","[2075525,2054054,2055726]"
sk_lily_z00_c0,zlpng,6,8,1033162,1700168,3299899,723400,1,1,3,"[3348853,3058856,3299899]","[712513,737291,723400]"
sk_lily_z00_c0,zlpng,7,1,1033162,1700168,17220593,2085300,1,1,3,"[16609443,17220593,17303818]","[2057248,2085300,2091851]"
sk_lily_z00_c0,zlpng,7,8,1033162,1700168,3181231,728527,1,1,3,"[3421203,3181231,3015832]","[758141,728527,709638]"
sk_lily_z00_c0,zlpng,8,1,1011323,1700168,28257715,3042742,1,1,3,"[27900546,28257715,28299337]","[2933407,3048151,3042742]"
sk_lily_z00_c0,zlpng,8,8,1011323,1700168,5216485,965063,1,1,3,"[5350297,5216485,4719627]","[844412,996420,965063]"
r3_dicom_ect_supplemental_f1,original_zpng,0,1,54647,524288,580845,313442,1,1,3,"[581896,580845,579983]","[313442,311549,316176]"
r3_dicom_ect_supplemental_f1,png,0,1,48986,524288,10544469,1652519,1,1,3,"[10544469,10535596,10594174]","[1643375,1662123,1652519]"
r3_dicom_ect_supplemental_f1,zlpng,1,1,48160,524288,421865,461796,1,1,3,"[421865,837391,417088]","[461796,472772,459762]"
r3_dicom_ect_supplemental_f1,zlpng,1,8,48160,524288,460223,448455,1,1,3,"[262145,487254,460223]","[448455,268194,533393]"
r3_dicom_ect_supplemental_f1,zlpng,2,1,47181,524288,923561,589458,1,1,3,"[928358,917752,923561]","[589037,589458,589518]"
r3_dicom_ect_supplemental_f1,zlpng,2,8,47181,524288,865203,611851,1,1,3,"[597770,865203,1085104]","[611851,331319,650440]"
r3_dicom_ect_supplemental_f1,zlpng,3,1,44277,524288,767306,486052,1,1,3,"[767306,762578,770530]","[486052,483679,486352]"
r3_dicom_ect_supplemental_f1,zlpng,3,8,44277,524288,1181258,543259,1,1,3,"[1209872,1181258,1071193]","[568977,543259,515196]"
r3_dicom_ect_supplemental_f1,zlpng,4,1,44277,524288,769719,485070,1,1,3,"[783731,768718,769719]","[492001,485070,483428]"
r3_dicom_ect_supplemental_f1,zlpng,4,8,44277,524288,1327779,529648,1,1,3,"[890431,1350003,1327779]","[285319,529648,531921]"
r3_dicom_ect_supplemental_f1,zlpng,5,1,41568,524288,2142937,467905,1,1,3,"[2158049,2142937,2132030]","[466964,467905,468556]"
r3_dicom_ect_supplemental_f1,zlpng,5,8,41568,524288,1830617,487525,1,1,3,"[1939340,1830617,1767491]","[259922,514054,487525]"
r3_dicom_ect_supplemental_f1,zlpng,6,1,41568,524288,2167905,468215,1,1,3,"[2172822,2156978,2167905]","[468215,469157,467654]"
r3_dicom_ect_supplemental_f1,zlpng,6,8,41568,524288,2200343,260872,1,1,3,"[2200343,2640937,2061955]","[260872,273452,247733]"
r3_dicom_ect_supplemental_f1,zlpng,7,1,41568,524288,2161224,464660,1,1,3,"[2161224,2132742,2162416]","[464660,464039,465942]"
r3_dicom_ect_supplemental_f1,zlpng,7,8,41568,524288,1963507,459993,1,1,3,"[1587931,2290199,1963507]","[563318,348555,459993]"
r3_dicom_ect_supplemental_f1,zlpng,8,1,32807,524288,7340304,744651,1,1,3,"[7356249,7340304,7333614]","[744651,740144,748097]"
r3_dicom_ect_supplemental_f1,zlpng,8,8,32807,524288,4500157,657751,1,1,3,"[4615411,4044330,4500157]","[657751,632773,822018]"
r3_raw_241,original_zpng,0,1,6010322,8388608,11593349,6701633,1,1,3,"[11562903,11671146,11593349]","[6704236,6624596,6701633]"
r3_raw_241,png,0,1,5905360,8388608,554843278,33739130,1,1,3,"[554843278,554727713,560308267]","[33734051,33739130,33794923]"
r3_raw_241,zlpng,1,1,6033564,8388608,8470907,7091459,1,1,3,"[9399125,8470907,8414773]","[8063954,7091459,7074904]"
r3_raw_241,zlpng,1,8,6033564,8388608,1456423,994628,1,1,3,"[2009016,1404095,1456423]","[990412,1002570,994628]"
r3_raw_241,zlpng,2,1,4586171,8388608,33052646,11356833,1,1,3,"[33318316,33031634,33052646]","[11392667,11302100,11356833]"
r3_raw_241,zlpng,2,8,4586171,8388608,5085178,1589534,1,1,3,"[5085178,4799658,5188474]","[1581451,1593519,1589534]"
r3_raw_241,zlpng,3,1,4588474,8388608,41555972,11433458,1,1,3,"[41424863,41555972,43030351]","[11433458,11425416,12179071]"
r3_raw_241,zlpng,3,8,4588474,8388608,6781092,1614842,1,1,3,"[6781092,6809685,6288099]","[1616114,1614842,1599178]"
r3_raw_241,zlpng,4,1,4578248,8388608,42093150,11230262,1,1,3,"[42093150,41832668,43357725]","[11230262,11215050,11931969]"
r3_raw_241,zlpng,4,8,4578248,8388608,6326307,1574932,1,1,3,"[6326307,6328680,6246347]","[1574932,1566990,1583785]"
r3_raw_241,zlpng,5,1,4560718,8388608,67168983,11146807,1,1,3,"[69220864,66974250,67168983]","[11462061,11140918,11146807]"
r3_raw_241,zlpng,5,8,4560718,8388608,14340125,1597266,1,1,3,"[14340125,13916007,14565856]","[1574511,1608091,1597266]"
r3_raw_241,zlpng,6,1,4553185,8388608,74596359,11265445,1,1,3,"[74596359,76364862,74500724]","[11232165,11531586,11265445]"
r3_raw_241,zlpng,6,8,4553185,8388608,15032618,1588933,1,1,3,"[15032618,15076484,14787860]","[1582984,1588933,1592819]"
r3_raw_241,zlpng,7,1,4542480,8388608,82471168,11112265,1,1,3,"[82378138,83864115,82471168]","[11074127,11394370,11112265]"
r3_raw_241,zlpng,7,8,4542480,8388608,15802617,1568342,1,1,3,"[15742548,15802617,15904531]","[1568342,1565918,1576444]"
r3_raw_241,zlpng,8,1,4999524,8388608,90345497,18707943,1,1,3,"[90221769,90448151,90345497]","[18738930,18683837,18707943]"
r3_raw_241,zlpng,8,8,4999524,8388608,12550140,2670442,1,1,3,"[12530881,13132147,12550140]","[2670442,2769281,2661177]"
syn_diagram_2,original_zpng,0,1,9953,2359296,1103221,986636,1,1,3,"[1014729,1103221,1106256]","[986636,974397,996160]"
syn_diagram_2,png,0,1,15729,2359296,10510528,3735486,1,1,3,"[10460723,10510528,10570659]","[3735486,3737679,3712530]"
syn_diagram_2,zlpng,1,1,29573,2359296,450809,1252446,1,1,3,"[460443,439973,450809]","[1253828,1248250,1252446]"
syn_diagram_2,zlpng,1,8,29573,2359296,184127,322596,1,1,3,"[234873,184127,180031]","[305389,322596,332471]"
syn_diagram_2,zlpng,2,1,19703,2359296,444920,1312006,1,1,3,"[444029,444920,453203]","[1312006,1309913,1315381]"
syn_diagram_2,zlpng,2,8,19703,2359296,176235,422666,1,1,3,"[174433,210117,176235]","[422666,431920,328044]"
syn_diagram_2,zlpng,3,1,18976,2359296,457869,1285667,1,1,3,"[503378,457869,452221]","[1492688,1285667,1283493]"
syn_diagram_2,zlpng,3,8,18976,2359296,188464,301694,1,1,3,"[193742,188464,117487]","[404980,295966,301694]"
syn_diagram_2,zlpng,4,1,19364,2359296,472391,1299867,1,1,3,"[470819,472391,487394]","[1298375,1299867,1305717]"
syn_diagram_2,zlpng,4,8,19364,2359296,203246,437700,1,1,3,"[217578,200192,203246]","[437700,441975,435255]"
syn_diagram_2,zlpng,5,1,15473,2359296,1174229,1283432,1,1,3,"[1174229,1187448,1172727]","[1283432,1285135,1277664]"
syn_diagram_2,zlpng,5,8,15473,2359296,433983,303607,1,1,3,"[248485,433983,625653]","[300112,386573,303607]"
syn_diagram_2,zlpng,6,1,15431,2359296,1422852,1372647,1,1,3,"[1423213,1230123,1422852]","[1372647,1273157,1374159]"
syn_diagram_2,zlpng,6,8,15431,2359296,393222,316687,1,1,3,"[352331,393222,406983]","[304098,330748,316687]"
syn_diagram_2,zlpng,7,1,15187,2359296,1584827,1255170,1,1,3,"[1584827,1607681,1536994]","[1255170,1256823,1255121]"
syn_diagram_2,zlpng,7,8,15187,2359296,475506,303847,1,1,3,"[475506,392331,971163]","[372510,303847,301564]"
syn_diagram_2,zlpng,8,1,10500,2359296,20556647,1263143,1,1,3,"[20613523,20553513,20556647]","[1266207,1258545,1263143]"
syn_diagram_2,zlpng,8,8,10500,2359296,4299275,390688,1,1,3,"[4339955,4299275,4295790]","[390688,392881,308574]"
rgb8_big_building,original_zpng,0,1,61605538,117158976,205955719,114291678,1,1,3,"[205621686,205955719,206388961]","[114490267,113363851,114291678]"
rgb8_big_building,png,0,1,62415780,117158976,8414199227,745469490,1,1,3,"[8419794264,8413863807,8414199227]","[745469490,744764678,752178352]"
rgb8_big_building,zlpng,1,1,56584222,117158976,195976521,105610824,1,1,3,"[195976521,195627826,201956806]","[105398866,105610824,106322246]"
rgb8_big_building,zlpng,1,8,56584222,117158976,31267367,14505485,1,1,3,"[31271353,31243792,31267367]","[14573628,14505485,14401098]"
rgb8_big_building,zlpng,2,1,57167632,117158976,235763088,133978575,1,1,3,"[235763088,234399554,235833964]","[133856371,133978575,134005735]"
rgb8_big_building,zlpng,2,8,57167632,117158976,36347267,17913918,1,1,3,"[36303001,36557273,36347267]","[17913918,17776130,17940818]"
rgb8_big_building,zlpng,3,1,59314274,117158976,400644992,143501776,1,1,3,"[400644992,400485762,401070312]","[143501776,143372632,144020738]"
rgb8_big_building,zlpng,3,8,59314274,117158976,57189925,19279895,1,1,3,"[57189925,57187772,57561555]","[19279895,19418203,19189879]"
rgb8_big_building,zlpng,4,1,62677335,117158976,532654621,168333242,1,1,3,"[530920200,532654621,533076617]","[168348684,168333242,167849773]"
rgb8_big_building,zlpng,4,8,62677335,117158976,73853569,22308626,1,1,3,"[73873599,73853569,73745888]","[22474004,22126792,22308626]"
rgb8_big_building,zlpng,5,1,58995529,117158976,777512285,146218638,1,1,3,"[787047495,777512285,774456392]","[146829057,146218638,145831685]"
rgb8_big_building,zlpng,5,8,58995529,117158976,104496987,19760418,1,1,3,"[104496987,104610439,104435575]","[19782031,19616321,19760418]"
rgb8_big_building,zlpng,6,1,58962633,117158976,903064440,144708584,1,1,3,"[904694394,902452128,903064440]","[144708584,143879074,144882556]"
rgb8_big_building,zlpng,6,8,58962633,117158976,121160422,19288717,1,1,3,"[122162961,121127282,121160422]","[19167696,19493707,19288717]"
rgb8_big_building,zlpng,7,1,58816564,117158976,1098274896,144185686,1,1,3,"[1065337205,1101614847,1098274896]","[144568463,144185686,144154009]"
rgb8_big_building,zlpng,7,8,58816564,117158976,142662292,19479715,1,1,3,"[143260804,142532246,142662292]","[19479715,19380036,19600177]"
rgb8_big_building,zlpng,8,1,54859169,117158976,1437126460,150537792,1,1,3,"[1440787005,1437126460,1435613111]","[150537792,151514293,150333985]"
rgb8_big_building,zlpng,8,8,54859169,117158976,187270690,20061822,1,1,3,"[187270690,187646807,187065050]","[19865817,20256956,20061822]"
kodak_10,original_zpng,0,1,534135,1179648,2511201,1049480,1,1,3,"[2511201,2516480,2510160]","[1047287,1050522,1049480]"
kodak_10,png,0,1,598489,1179648,83771086,5776949,1,1,3,"[83858196,83719137,83771086]","[5790330,5776949,5776138]"
kodak_10,zlpng,1,1,508093,1179648,1955285,840766,1,1,3,"[1955285,1953532,1955615]","[840766,837471,841457]"
kodak_10,zlpng,1,8,508093,1179648,965433,406011,1,1,3,"[999816,965433,955830]","[406011,402887,442336]"
kodak_10,zlpng,2,1,518365,1179648,2651433,1192877,1,1,3,"[2651433,2643681,2659885]","[1192817,1192877,1194700]"
kodak_10,zlpng,2,8,518365,1179648,974006,586543,1,1,3,"[974006,1323904,930952]","[586543,363858,588646]"
kodak_10,zlpng,3,1,536097,1179648,3885772,1313088,1,1,3,"[3883338,3886593,3885772]","[1313088,1315231,1313057]"
kodak_10,zlpng,3,8,536097,1179648,1235571,483628,1,1,3,"[1235571,1240328,914226]","[483628,522947,387454]"
kodak_10,zlpng,4,1,560323,1179648,4630233,1495241,1,1,3,"[4630233,4622932,4636002]","[1494932,1499268,1495241]"
kodak_10,zlpng,4,8,560323,1179648,1533820,553013,1,1,3,"[1533820,1726610,1076531]","[553013,623299,412862]"
kodak_10,zlpng,5,1,529134,1179648,7488097,1343964,1,1,3,"[7512754,7488097,7486825]","[1344845,1343964,1342832]"
kodak_10,zlpng,5,8,529134,1179648,2002416,631871,1,1,3,"[2181805,2002416,1745378]","[633864,631871,624921]"
kodak_10,zlpng,6,1,526678,1179648,9456060,1312727,1,1,3,"[9418544,9492205,9456060]","[1312546,1312727,1313859]"
kodak_10,zlpng,6,8,526678,1179648,2464471,615868,1,1,3,"[2561978,2464471,2200834]","[644952,615868,615447]"
kodak_10,zlpng,7,1,525474,1179648,10829980,1312737,1,1,3,"[10799334,10831682,10829980]","[1312737,1311445,1313097]"
kodak_10,zlpng,7,8,525474,1179648,3067490,638010,1,1,3,"[3364407,3067490,3035151]","[622828,638010,650179]"
kodak_10,zlpng,8,1,482409,1179648,34187875,3363565,1,1,3,"[34166243,34522499,34187875]","[3362323,3363565,3372029]"
kodak_10,zlpng,8,8,482409,1179648,13044144,1428191,1,1,3,"[12786025,13044144,13456414]","[1612168,1423062,1428191]"
r3_raw_997,original_zpng,0,1,5885067,8388608,8717428,6061057,1,1,3,"[8717428,8702676,8731809]","[6125956,6031994,6061057]"
r3_raw_997,png,0,1,5920681,8388608,594175829,31083410,1,1,3,"[594019443,597362688,594175829]","[30939593,31083410,31133685]"
r3_raw_997,zlpng,1,1,5968092,8388608,6964719,6870176,1,1,3,"[6837938,7893788,6964719]","[6861914,7905756,6870176]"
r3_raw_997,zlpng,1,8,5968092,8388608,1868054,1144824,1,1,3,"[2019811,1868054,1189331]","[1144824,1153707,960827]"
r3_raw_997,zlpng,2,1,4738164,8388608,35009333,10946304,1,1,3,"[35012236,34873047,35009333]","[10946304,10922709,10986124]"
r3_raw_997,zlpng,2,8,4738164,8388608,4920159,1554962,1,1,3,"[4906278,5508957,4920159]","[1554962,1570816,1554611]"
r3_raw_997,zlpng,3,1,4742073,8388608,43387399,11083542,1,1,3,"[43387399,43227808,43546589]","[11083542,11049880,11099055]"
r3_raw_997,zlpng,3,8,4742073,8388608,6705098,1689485,1,1,3,"[6705098,6662293,7131971]","[1595082,1689485,1721242]"
r3_raw_997,zlpng,4,1,4732006,8388608,44008765,10814827,1,1,3,"[45239959,44008765,43690646]","[11463323,10788767,10814827]"
r3_raw_997,zlpng,4,8,4732006,8388608,6415701,1554461,1,1,3,"[6387519,6715583,6415701]","[1549483,1559959,1554461]"
r3_raw_997,zlpng,5,1,4736755,8388608,67411188,11045835,1,1,3,"[67509195,67411188,66991456]","[11045835,11090301,11021638]"
r3_raw_997,zlpng,5,8,4736755,8388608,13825230,1598357,1,1,3,"[13825230,13764579,15652141]","[1598357,1576675,1636875]"
r3_raw_997,zlpng,6,1,4728443,8388608,75700741,11173207,1,1,3,"[75710256,75700741,75677907]","[11162250,11192035,11173207]"
r3_raw_997,zlpng,6,8,4728443,8388608,14826608,1595794,1,1,3,"[14813489,14826608,14842693]","[1590365,1605397,1595794]"
r3_raw_997,zlpng,7,1,4719257,8388608,84390839,11016260,1,1,3,"[84390839,84481745,84282355]","[11016260,11052514,11012705]"
r3_raw_997,zlpng,7,8,4719257,8388608,15575786,1591767,1,1,3,"[15519451,15640034,15575786]","[1592609,1575132,1591767]"
r3_raw_997,zlpng,8,1,4931467,8388608,87035721,21851497,1,1,3,"[87035721,87319018,86366293]","[21754601,21852529,21851497]"
r3_raw_997,zlpng,8,8,4931467,8388608,12085761,3100169,1,1,3,"[12085761,12084038,12658453]","[3100169,3122392,3100109]"
cbsd68_0046,original_zpng,0,1,212038,463203,1094108,499463,1,1,3,"[1099346,1094108,1093907]","[500584,499463,497009]"
cbsd68_0046,png,0,1,291827,463203,22658322,2095436,1,1,3,"[22658322,22851113,22649799]","[2095436,2099722,2084349]"
cbsd68_0046,zlpng,1,1,200926,463203,822709,352281,1,1,3,"[822709,834467,820906]","[353673,352281,350688]"
cbsd68_0046,zlpng,1,8,200926,463203,556659,344429,1,1,3,"[766845,487655,556659]","[344429,240182,349386]"
cbsd68_0046,zlpng,2,1,203971,463203,930911,544850,1,1,3,"[930911,934327,928829]","[543158,546293,544850]"
cbsd68_0046,zlpng,2,8,203971,463203,785824,523378,1,1,3,"[785824,840476,543699]","[523378,507354,525131]"
cbsd68_0046,zlpng,3,1,205227,463203,1193588,537509,1,1,3,"[1187649,1193588,1198686]","[537039,537509,539332]"
cbsd68_0046,zlpng,3,8,205227,463203,718161,506823,1,1,3,"[691872,844232,718161]","[506823,507063,305119]"
cbsd68_0046,zlpng,4,1,207865,463203,1328010,563028,1,1,3,"[1325466,1337785,1328010]","[563028,563719,562307]"
cbsd68_0046,zlpng,4,8,207865,463203,931353,519422,1,1,3,"[845043,931353,1214650]","[519422,539582,328544]"
cbsd68_0046,zlpng,5,1,201635,463203,2393124,540744,1,1,3,"[2354886,2395378,2393124]","[545211,538090,540744]"
cbsd68_0046,zlpng,5,8,201635,463203,1452938,437118,1,1,3,"[1452938,1439998,1697646]","[515977,437118,307012]"
cbsd68_0046,zlpng,6,1,200414,463203,3107319,521886,1,1,3,"[3095212,3107319,3210285]","[522837,521796,521886]"
cbsd68_0046,zlpng,6,8,200414,463203,1947443,492201,1,1,3,"[1947443,1971279,1942265]","[517249,492201,485872]"
cbsd68_0046,zlpng,7,1,199424,463203,3600312,515186,1,1,3,"[3553862,3600312,3614453]","[515186,515085,516568]"
cbsd68_0046,zlpng,7,8,199424,463203,2175727,490689,1,1,3,"[2175727,2172662,2203158]","[499953,295575,490689]"
cbsd68_0046,zlpng,8,1,185867,463203,17323198,1529824,1,1,3,"[17323198,17312262,17372833]","[1531025,1524525,1529824]"
cbsd68_0046,zlpng,8,8,185867,463203,8960845,1176222,1,1,3,"[8960845,9146183,8912792]","[822799,1344935,1176222]"
r3_syn_mixed_activity_0,original_zpng,0,1,87227,197890,128734,112510,1,1,3,"[128734,133021,126941]","[113100,112489,112510]"
r3_syn_mixed_activity_0,png,0,1,87379,197890,3092277,662888,1,1,3,"[3092277,3086849,3098726]","[660785,662888,662989]"
r3_syn_mixed_activity_0,zlpng,1,1,86631,197890,90787,144197,1,1,3,"[98289,90787,89635]","[144197,143616,145960]"
r3_syn_mixed_activity_0,zlpng,1,8,86631,197890,90556,145079,1,1,3,"[90556,91528,80502]","[147582,145079,142544]"
r3_syn_mixed_activity_0,zlpng,2,1,76683,197890,354183,150757,1,1,3,"[262836,360253,354183]","[150497,150757,150888]"
r3_syn_mixed_activity_0,zlpng,2,8,76683,197890,356577,151498,1,1,3,"[358430,261394,356577]","[151498,150046,151889]"
r3_syn_mixed_activity_0,zlpng,3,1,76683,197890,532001,150277,1,1,3,"[533403,532001,531149]","[150277,149976,150447]"
r3_syn_mixed_activity_0,zlpng,3,8,76683,197890,533033,150987,1,1,3,"[533033,533603,443187]","[150987,151038,150016]"
r3_syn_mixed_activity_0,zlpng,4,1,76683,197890,474684,151248,1,1,3,"[481485,363818,474684]","[151037,154633,151248]"
r3_syn_mixed_activity_0,zlpng,4,8,76683,197890,571250,151758,1,1,3,"[561837,571250,578701]","[151758,151428,153341]"
r3_syn_mixed_activity_0,zlpng,5,1,76692,197890,999726,153051,1,1,3,"[1002640,999726,988018]","[152239,153051,155594]"
r3_syn_mixed_activity_0,zlpng,5,8,76692,197890,841097,153831,1,1,3,"[842359,841097,828628]","[153831,154433,152159]"
r3_syn_mixed_activity_0,zlpng,6,1,76692,197890,1098495,152550,1,1,3,"[910200,1098785,1098495]","[152290,152640,152550]"
r3_syn_mixed_activity_0,zlpng,6,8,76692,197890,933596,154192,1,1,3,"[933596,1100047,905774]","[151738,154583,154192]"
r3_syn_mixed_activity_0,zlpng,7,1,76692,197890,1071324,152279,1,1,3,"[1164815,1071324,1004092]","[152279,152620,151258]"
r3_syn_mixed_activity_0,zlpng,7,8,76692,197890,970502,152800,1,1,3,"[970502,968529,1154979]","[151958,152800,154793]"
r3_syn_mixed_activity_0,zlpng,8,1,76692,197890,2191611,153100,1,1,3,"[2191611,2217619,2094264]","[153210,152350,153100]"
r3_syn_mixed_activity_0,zlpng,8,8,76692,197890,2216818,154021,1,1,3,"[2222087,2216818,2123357]","[153361,156025,154021]"
syn_affine_1,original_zpng,0,1,1936,1178877,338540,375796,1,1,3,"[361705,334093,338540]","[376958,375796,374874]"
syn_affine_1,png,0,1,11879,1178877,6371205,1937458,1,1,3,"[6371205,6379226,6360148]","[1936236,1943918,1937458]"
syn_affine_1,zlpng,1,1,739,1178877,144628,577009,1,1,3,"[144628,142935,145559]","[577009,573784,577559]"
syn_affine_1,zlpng,1,8,739,1178877,97136,164187,1,1,3,"[129035,56035,97136]","[291849,149846,164187]"
syn_affine_1,zlpng,2,1,4946,1178877,194653,656188,1,1,3,"[194653,190617,195234]","[653864,660765,656188]"
syn_affine_1,zlpng,2,8,4946,1178877,70516,168103,1,1,3,"[128533,64327,70516]","[324398,168103,167973]"
syn_affine_1,zlpng,3,1,535,1178877,129866,590770,1,1,3,"[129305,131178,129866]","[590108,590770,590920]"
syn_affine_1,zlpng,3,8,535,1178877,61262,157658,1,1,3,"[61262,52288,75955]","[157658,152851,230347]"
syn_affine_1,zlpng,4,1,535,1178877,166901,590459,1,1,3,"[166901,163306,167122]","[592813,590459,590339]"
syn_affine_1,zlpng,4,8,535,1178877,92580,158598,1,1,3,"[65809,98158,92580]","[154052,290908,158598]"
syn_affine_1,zlpng,5,1,1120,1178877,162274,598732,1,1,3,"[162274,162154,163936]","[596408,598732,599503]"
syn_affine_1,zlpng,5,8,1120,1178877,109985,293902,1,1,3,"[103006,109985,111598]","[241283,346422,293902]"
syn_affine_1,zlpng,6,1,1120,1178877,193772,599092,1,1,3,"[204769,193772,192950]","[600824,599092,596448]"
syn_affine_1,zlpng,6,8,1120,1178877,113491,292710,1,1,3,"[113491,121543,98438]","[296427,292710,278490]"
syn_affine_1,zlpng,7,1,518,1178877,262074,590108,1,1,3,"[258308,262866,262074]","[589938,590108,593985]"
syn_affine_1,zlpng,7,8,518,1178877,143796,290768,1,1,3,"[143796,186662,91828]","[292621,290768,156406]"
syn_affine_1,zlpng,8,1,513,1178877,8440491,593124,1,1,3,"[8458828,8440491,8394161]","[593124,591491,594716]"
syn_affine_1,zlpng,8,8,513,1178877,2191200,295545,1,1,3,"[2524412,2151089,2191200]","[295545,155334,305630]"
cbsd68_0032,original_zpng,0,1,140170,463203,1126937,493202,1,1,3,"[1132155,1125946,1126937]","[498561,491410,493202]"
cbsd68_0032,png,0,1,171306,463203,22759515,1672528,1,1,3,"[22768348,22754738,22759515]","[1672549,1672528,1662033]"
cbsd68_0032,zlpng,1,1,137981,463203,823671,367133,1,1,3,"[822659,823671,827406]","[365600,367733,367133]"
cbsd68_0032,zlpng,1,8,137981,463203,716208,353092,1,1,3,"[706585,716208,726003]","[380833,353092,214914]"
cbsd68_0032,zlpng,2,1,138562,463203,909059,546643,1,1,3,"[909059,904242,912054]","[546643,544550,549337]"
cbsd68_0032,zlpng,2,8,138562,463203,750340,488947,1,1,3,"[750340,680735,779013]","[486072,488947,513273]"
cbsd68_0032,zlpng,3,1,140149,463203,1139957,524640,1,1,3,"[1143211,1139797,1139957]","[524810,524640,521716]"
cbsd68_0032,zlpng,3,8,140149,463203,819444,484379,1,1,3,"[953977,707165,819444]","[497319,476477,484379]"
cbsd68_0032,zlpng,4,1,143703,463203,1243212,547264,1,1,3,"[1237905,1243212,1250403]","[545321,547264,550098]"
cbsd68_0032,zlpng,4,8,143703,463203,952585,500433,1,1,3,"[1000246,785563,952585]","[528917,500433,327833]"
cbsd68_0032,zlpng,5,1,137798,463203,2490951,526242,1,1,3,"[2490951,2495178,2487546]","[526123,526242,533614]"
cbsd68_0032,zlpng,5,8,137798,463203,1503794,499192,1,1,3,"[1503794,1505617,1501020]","[472732,499192,501926]"
cbsd68_0032,zlpng,6,1,136097,463203,3272238,508185,1,1,3,"[3272238,3283786,3256945]","[513944,508185,506923]"
cbsd68_0032,zlpng,6,8,136097,463203,1978329,452652,1,1,3,"[1978329,1979331,1966581]","[452652,307192,483859]"
cbsd68_0032,zlpng,7,1,134310,463203,3747794,491250,1,1,3,"[3758911,3745691,3747794]","[491250,492932,487464]"
cbsd68_0032,zlpng,7,8,134310,463203,2276358,453984,1,1,3,"[2312242,2256629,2276358]","[439702,459192,453984]"
cbsd68_0032,zlpng,8,1,114628,463203,13221591,1332848,1,1,3,"[13221591,13150665,13232167]","[1335702,1331405,1332848]"
cbsd68_0032,zlpng,8,8,114628,463203,7955260,910100,1,1,3,"[7953898,7957244,7955260]","[906686,910100,910471]"
kodak_01,original_zpng,0,1,601725,1179648,2527186,1080958,1,1,3,"[2535328,2523701,2527186]","[1083412,1079656,1080958]"
kodak_01,png,0,1,783041,1179648,59422627,6051513,1,1,3,"[59422627,59464420,59394184]","[6051513,6033176,6058324]"
kodak_01,zlpng,1,1,570131,1179648,2033443,845193,1,1,3,"[2026402,2038280,2033443]","[845193,847646,843690]"
kodak_01,zlpng,1,8,570131,1179648,654235,411750,1,1,3,"[1120948,654235,549337]","[435316,411750,221554]"
kodak_01,zlpng,2,1,582249,1179648,2456889,1249131,1,1,3,"[2455818,2462689,2456889]","[1249131,1250543,1248260]"
kodak_01,zlpng,2,8,582249,1179648,987387,587365,1,1,3,"[638922,1129381,987387]","[576849,607895,587365]"
kodak_01,zlpng,3,1,591974,1179648,3718099,1316082,1,1,3,"[3718099,3726031,3710518]","[1316082,1312987,1316653]"
kodak_01,zlpng,3,8,591974,1179648,1065624,327203,1,1,3,"[1295821,1065624,891593]","[327203,326031,636058]"
kodak_01,zlpng,4,1,605012,1179648,4175748,1456583,1,1,3,"[4134326,4175748,4187967]","[1451475,1457735,1456583]"
kodak_01,zlpng,4,8,605012,1179648,1234029,626173,1,1,3,"[960817,1485587,1234029]","[455035,626173,642417]"
kodak_01,zlpng,5,1,580508,1179648,7256628,1321530,1,1,3,"[7282096,7254455,7256628]","[1321530,1319968,1325566]"
kodak_01,zlpng,5,8,580508,1179648,1941333,610920,1,1,3,"[1934143,2291040,1941333]","[610920,636549,593715]"
kodak_01,zlpng,6,1,578643,1179648,9222589,1293919,1,1,3,"[9222589,9228068,9094396]","[1293919,1293347,1295221]"
kodak_01,zlpng,6,8,578643,1179648,2459614,580854,1,1,3,"[2128205,2459614,2722881]","[346592,580854,623840]"
kodak_01,zlpng,7,1,577188,1179648,10291969,1296673,1,1,3,"[10291969,10310698,10290457]","[1297975,1295270,1296673]"
kodak_01,zlpng,7,8,577188,1179648,2673065,612112,1,1,3,"[2394386,3185277,2673065]","[602147,630579,612112]"
kodak_01,zlpng,8,1,549451,1179648,28395152,2167895,1,1,3,"[28395152,28516975,28369774]","[2158651,2172341,2167895]"
kodak_01,zlpng,8,8,549451,1179648,9560878,1368491,1,1,3,"[9560878,9773138,9340606]","[979275,1368491,1688673]"
kodak_21,original_zpng,0,1,551747,1179648,2492374,1043632,1,1,3,"[2492374,2633736,2481126]","[1043612,1123902,1043632]"
kodak_21,png,0,1,683216,1179648,81148906,5121943,1,1,3,"[81148906,81071580,81177929]","[5128544,5121943,5109816]"
kodak_21,zlpng,1,1,542066,1179648,1814122,826515,1,1,3,"[1814122,1796776,1819109]","[826515,816480,827577]"
kodak_21,zlpng,1,8,542066,1179648,524199,222995,1,1,3,"[523298,803009,524199]","[222995,427814,220702]"
kodak_21,zlpng,2,1,559804,1179648,2554637,1246277,1,1,3,"[2554637,2561788,2553766]","[1245145,1247589,1246277]"
kodak_21,zlpng,2,8,559804,1179648,943190,589218,1,1,3,"[943190,925504,1344975]","[589218,313682,595938]"
kodak_21,zlpng,3,1,575001,1179648,3753262,1336733,1,1,3,"[3753262,3975367,3747723]","[1336733,1430544,1334990]"
kodak_21,zlpng,3,8,575001,1179648,1387018,639783,1,1,3,"[1387018,1561441,1306677]","[639783,637090,670320]"
kodak_21,zlpng,4,1,592705,1179648,4348479,1506929,1,1,3,"[4351263,4340877,4348479]","[1506929,1505417,1510154]"
kodak_21,zlpng,4,8,592705,1179648,1369623,714426,1,1,3,"[1074067,1369623,1506188]","[368305,714426,724501]"
kodak_21,zlpng,5,1,564936,1179648,7179262,1345476,1,1,3,"[7182486,7177389,7179262]","[1344104,1345476,1346278]"
kodak_21,zlpng,5,8,564936,1179648,1996797,646594,1,1,3,"[1996797,2299102,1718698]","[646594,651892,330437]"
kodak_21,zlpng,6,1,563029,1179648,8837449,1321570,1,1,3,"[8750798,8837449,8945661]","[1321901,1321570,1319487]"
kodak_21,zlpng,6,8,563029,1179648,2759966,528276,1,1,3,"[2366985,2851705,2759966]","[620605,500764,528276]"
kodak_21,zlpng,7,1,561568,1179648,10214272,1320639,1,1,3,"[10233131,10180171,10214272]","[1321150,1320178,1320639]"
kodak_21,zlpng,7,8,561568,1179648,2862341,633754,1,1,3,"[2862341,2603551,2983223]","[631040,636048,633754]"
kodak_21,zlpng,8,1,522888,1179648,24520436,2575669,1,1,3,"[24529700,24501538,24520436]","[2575669,2584693,2575599]"
kodak_21,zlpng,8,8,522888,1179648,9154216,1601401,1,1,3,"[9147536,9154216,9181878]","[1601401,1684627,1530755]"
rgb8_nightshot_iso_100,original_zpng,0,1,8365969,22127616,58285675,24071149,1,1,3,"[58360267,56308247,58285675]","[24071149,24131321,23892441]"
rgb8_nightshot_iso_100,png,0,1,7898298,22127616,1637660943,120603713,1,1,3,"[1638920309,1636540035,1637660943]","[120788722,120603713,120303020]"
rgb8_nightshot_iso_100,zlpng,1,1,7883247,22127616,48211674,16326197,1,1,3,"[48211674,48017301,50247340]","[16326197,16206566,19161376]"
rgb8_nightshot_iso_100,zlpng,1,8,7883247,22127616,6511135,2203889,1,1,3,"[6976577,6495402,6511135]","[2224540,2203889,2190989]"
rgb8_nightshot_iso_100,zlpng,2,1,8040695,22127616,54306663,24378863,1,1,3,"[54534065,54306663,54284219]","[24401237,24378863,24333365]"
rgb8_nightshot_iso_100,zlpng,2,8,8040695,22127616,8157044,3249984,1,1,3,"[8584728,8157044,7876862]","[3739461,3241622,3249984]"
rgb8_nightshot_iso_100,zlpng,3,1,8257536,22127616,72003945,27102034,1,1,3,"[70195061,72003945,72118246]","[24276149,27102034,27179080]"
rgb8_nightshot_iso_100,zlpng,3,8,8257536,22127616,9653778,3213890,1,1,3,"[9390612,9653778,9953370]","[3205497,3213890,3224306]"
rgb8_nightshot_iso_100,zlpng,4,1,8467583,22127616,75592408,25625501,1,1,3,"[75597756,74769909,75592408]","[25625501,25583858,25649216]"
rgb8_nightshot_iso_100,zlpng,4,8,8467583,22127616,10819283,3418327,1,1,3,"[11562543,10819283,10145519]","[4353396,3418327,3406350]"
rgb8_nightshot_iso_100,zlpng,5,1,8046871,22127616,141264687,26360598,1,1,3,"[140759256,142352045,141264687]","[24960930,27834187,26360598]"
rgb8_nightshot_iso_100,zlpng,5,8,8046871,22127616,18515614,3323275,1,1,3,"[18515614,18470736,19023869]","[3315954,3971350,3323275]"
rgb8_nightshot_iso_100,zlpng,6,1,7964282,22127616,202731503,23728194,1,1,3,"[202083948,202731503,207870002]","[23688123,23728194,26378445]"
rgb8_nightshot_iso_100,zlpng,6,8,7964282,22127616,26917527,3376405,1,1,3,"[26917527,26781571,31218864]","[3315723,3376405,3417627]"
rgb8_nightshot_iso_100,zlpng,7,1,7930075,22127616,221664585,26538105,1,1,3,"[222366933,221664585,219335248]","[26548611,26538105,23976357]"
rgb8_nightshot_iso_100,zlpng,7,8,7930075,22127616,29449750,3230074,1,1,3,"[29108216,30505940,29449750]","[3230074,3670077,3222684]"
rgb8_nightshot_iso_100,zlpng,8,1,6896914,22127616,593478728,57820515,1,1,3,"[590396397,599381838,593478728]","[57965113,57810941,57820515]"
rgb8_nightshot_iso_100,zlpng,8,8,6896914,22127616,81156727,8313019,1,1,3,"[81397080,81156727,80595953]","[8313019,8325617,8172878]"
syn_ui_light_1,original_zpng,0,1,14760,1178877,468696,431900,1,1,3,"[468696,468786,467294]","[431900,433142,429567]"
syn_ui_light_1,png,0,1,26373,1178877,5838082,2191070,1,1,3,"[5852783,5838082,5833105]","[2194585,2191070,2185701]"
syn_ui_light_1,zlpng,1,1,27587,1178877,292961,644620,1,1,3,"[292751,292961,298920]","[644620,644200,645653]"
syn_ui_light_1,zlpng,1,8,27587,1178877,101293,224138,1,1,3,"[143236,101293,93551]","[310738,224138,167813]"
syn_ui_light_1,zlpng,2,1,20277,1178877,284017,680745,1,1,3,"[279191,284017,298049]","[680745,680545,685282]"
syn_ui_light_1,zlpng,2,8,20277,1178877,153841,339652,1,1,3,"[180632,153841,92330]","[339652,175645,347884]"
syn_ui_light_1,zlpng,3,1,20642,1178877,326011,675207,1,1,3,"[315285,326011,332340]","[672873,675207,675468]"
syn_ui_light_1,zlpng,3,8,20642,1178877,215684,328915,1,1,3,"[216736,215684,112049]","[328915,339861,174793]"
syn_ui_light_1,zlpng,4,1,21094,1178877,348174,687285,1,1,3,"[348174,358731,345881]","[687285,687185,688307]"
syn_ui_light_1,zlpng,4,8,21094,1178877,199029,332972,1,1,3,"[199029,206390,189045]","[339070,332972,186621]"
syn_ui_light_1,zlpng,5,1,20177,1178877,663559,662618,1,1,3,"[658802,663559,667956]","[662618,658402,665573]"
syn_ui_light_1,zlpng,5,8,20177,1178877,398520,332280,1,1,3,"[412982,398520,208243]","[332280,332451,170978]"
syn_ui_light_1,zlpng,6,1,20108,1178877,740425,661996,1,1,3,"[740425,743891,713424]","[662157,661996,656439]"
syn_ui_light_1,zlpng,6,8,20108,1178877,411840,294193,1,1,3,"[425521,411840,376687]","[331299,294193,172420]"
syn_ui_light_1,zlpng,7,1,19616,1178877,908849,662107,1,1,3,"[989800,908849,901438]","[660505,662107,663199]"
syn_ui_light_1,zlpng,7,8,19616,1178877,424699,324098,1,1,3,"[330778,424699,472552]","[173441,329276,324098]"
syn_ui_light_1,zlpng,8,1,19417,1178877,11617526,724602,1,1,3,"[11584435,11617526,11660961]","[724602,727075,722638]"
syn_ui_light_1,zlpng,8,8,19417,1178877,3100960,383497,1,1,3,"[3384066,3100960,3003233]","[395225,383497,381324]"
syn_alpha_hidden_noise_0,original_zpng,0,1,342738,786432,687555,235475,1,1,3,"[687555,684151,692453]","[234764,238940,235475]"
syn_alpha_hidden_noise_0,png,0,1,389915,786432,14956023,2201275,1,1,3,"[14956323,14956023,14936433]","[2200754,2205201,2201275]"
syn_alpha_hidden_noise_0,zlpng,1,1,348202,786432,400713,340012,1,1,3,"[402446,398651,400713]","[340012,336767,340513]"
syn_alpha_hidden_noise_0,zlpng,1,8,348202,786432,329626,303628,1,1,3,"[329626,339331,329626]","[282555,303628,306161]"
syn_alpha_hidden_noise_0,zlpng,2,1,344566,786432,407584,320863,1,1,3,"[407584,421625,404189]","[320863,325370,319892]"
syn_alpha_hidden_noise_0,zlpng,2,8,344566,786432,376888,242084,1,1,3,"[376888,380954,367704]","[241484,242084,245159]"
syn_alpha_hidden_noise_0,zlpng,3,1,344334,786432,533624,321504,1,1,3,"[529007,533624,535336]","[321604,320953,321504]"
syn_alpha_hidden_noise_0,zlpng,3,8,344334,786432,412341,238189,1,1,3,"[437028,405581,412341]","[238189,233962,259461]"
syn_alpha_hidden_noise_0,zlpng,4,1,344252,786432,581867,325009,1,1,3,"[575927,581867,586413]","[325009,321984,325360]"
syn_alpha_hidden_noise_0,zlpng,4,8,344252,786432,458610,262826,1,1,3,"[462016,429487,458610]","[262826,130747,266101]"
syn_alpha_hidden_noise_0,zlpng,5,1,344247,786432,1763686,321604,1,1,3,"[1730886,1763686,1765048]","[324519,320092,321604]"
syn_alpha_hidden_noise_0,zlpng,5,8,344247,786432,868988,242566,1,1,3,"[762979,868988,1079736]","[251138,235795,242566]"
syn_alpha_hidden_noise_0,zlpng,6,1,344344,786432,1861473,323667,1,1,3,"[1827072,1861473,1867122]","[324649,322486,323667]"
syn_alpha_hidden_noise_0,zlpng,6,8,344344,786432,919154,241864,1,1,3,"[723480,919154,921949]","[183136,241864,243126]"
syn_alpha_hidden_noise_0,zlpng,7,1,343948,786432,1884168,324498,1,1,3,"[1868164,1884168,1985210]","[324498,328585,324389]"
syn_alpha_hidden_noise_0,zlpng,7,8,343948,786432,1063632,236126,1,1,3,"[1250243,1009070,1063632]","[159119,245409,236126]"
syn_alpha_hidden_noise_0,zlpng,8,1,348659,786432,16178504,1084073,1,1,3,"[16235460,16178504,16148368]","[1085906,1084073,1079616]"
syn_alpha_hidden_noise_0,zlpng,8,8,348659,786432,6029500,724171,1,1,3,"[6200568,6029500,6004863]","[912745,724171,637430]"
sk_brain_z09_c0,original_zpng,0,1,46806,131072,312300,137527,1,1,3,"[312300,314333,311740]","[137126,137527,138549]"
sk_brain_z09_c0,png,0,1,48467,131072,5259010,573524,1,1,3,"[5259010,5260021,5258068]","[579463,573524,572222]"
sk_brain_z09_c0,zlpng,1,1,49043,131072,229907,124707,1,1,3,"[229907,231619,227382]","[124707,127632,123646]"
sk_brain_z09_c0,zlpng,1,8,49043,131072,228494,124668,1,1,3,"[232380,228494,228154]","[127412,124668,123105]"
sk_brain_z09_c0,zlpng,2,1,45074,131072,482446,206561,1,1,3,"[499181,480884,482446]","[208044,205971,206561]"
sk_brain_z09_c0,zlpng,2,8,45074,131072,486824,207522,1,1,3,"[483718,486824,492582]","[207312,207522,211939]"
sk_brain_z09_c0,zlpng,3,1,43858,131072,508977,166961,1,1,3,"[515276,501625,508977]","[166961,166641,168063]"
sk_brain_z09_c0,zlpng,3,8,43858,131072,502227,165520,1,1,3,"[502227,505982,491941]","[164868,166641,165520]"
sk_brain_z09_c0,zlpng,4,1,43858,131072,517479,166441,1,1,3,"[518381,517199,517479]","[168704,165669,166441]"
sk_brain_z09_c0,zlpng,4,8,43858,131072,515096,165419,1,1,3,"[507424,515096,515366]","[163306,165419,171178]"
sk_brain_z09_c0,zlpng,5,1,42790,131072,1075410,160051,1,1,3,"[1113517,1075410,1060047]","[163166,160051,158448]"
sk_brain_z09_c0,zlpng,5,8,42790,131072,1061869,161594,1,1,3,"[1061869,1061669,1078694]","[161594,162054,160322]"
sk_brain_z09_c0,zlpng,6,1,42790,131072,1104613,159350,1,1,3,"[1104613,1113447,1086907]","[159350,161804,158339]"
sk_brain_z09_c0,zlpng,6,8,42790,131072,1107778,160702,1,1,3,"[1109121,1107778,1101038]","[160702,160592,162535]"
sk_brain_z09_c0,zlpng,7,1,42790,131072,1161519,161934,1,1,3,"[1159867,1165665,1161519]","[160542,163316,161934]"
sk_brain_z09_c0,zlpng,7,8,42790,131072,1153177,160672,1,1,3,"[1149321,1157933,1153177]","[159791,160672,160772]"
sk_brain_z09_c0,zlpng,8,1,41067,131072,4062899,333602,1,1,3,"[4062899,4061467,4070740]","[333893,329716,333602]"
sk_brain_z09_c0,zlpng,8,8,41067,131072,4057080,332240,1,1,3,"[4055607,4057080,4073194]","[334294,332240,329897]"
sk_text,original_zpng,0,1,44886,77056,143025,51838,1,1,3,"[144107,141823,143025]","[52569,51838,51758]"
sk_text,png,0,1,42748,77056,3322213,501776,1,1,3,"[3323284,3321792,3322213]","[501776,500684,502066]"
sk_text,zlpng,1,1,42065,77056,81914,106700,1,1,3,"[84918,80742,81914]","[107302,106380,106700]"
sk_text,zlpng,1,8,42065,77056,81824,106740,1,1,3,"[83185,81824,79089]","[107392,106740,106310]"
sk_text,zlpng,2,1,42050,77056,97898,125589,1,1,3,"[97898,102214,96185]","[126120,125589,124287]"
sk_text,zlpng,2,8,42050,77056,98127,125079,1,1,3,"[98899,92850,98127]","[125539,122184,125079]"
sk_text,zlpng,3,1,42768,77056,160191,138559,1,1,3,"[165048,160191,156896]","[138559,138679,137567]"
sk_text,zlpng,3,8,42768,77056,162274,138629,1,1,3,"[169215,162274,159360]","[140321,138629,138569]"
sk_text,zlpng,4,1,42787,77056,241093,139630,1,1,3,"[244118,235845,241093]","[139630,138149,139821]"
sk_text,zlpng,4,8,42787,77056,240533,139530,1,1,3,"[240533,243957,233762]","[139530,139660,139200]"
sk_text,zlpng,5,1,44645,77056,341485,153060,1,1,3,"[340683,341485,344098]","[153031,153060,153982]"
sk_text,zlpng,5,8,44645,77056,342606,152830,1,1,3,"[342606,344920,341304]","[152830,153090,152660]"
sk_text,zlpng,6,1,44361,77056,541405,152249,1,1,3,"[537820,541405,542137]","[152249,152480,152229]"
sk_text,zlpng,6,8,44361,77056,535586,151087,1,1,3,"[538311,530779,535586]","[151087,150987,151829]"
sk_text,zlpng,7,1,44236,77056,697931,151308,1,1,3,"[697931,692093,701467]","[151278,151308,152049]"
sk_text,zlpng,7,8,44236,77056,698131,155624,1,1,3,"[698131,705943,697160]","[158449,155624,151198]"
sk_text,zlpng,8,1,42825,77056,938543,139730,1,1,3,"[928789,938543,946666]","[138418,140362,139730]"
sk_text,zlpng,8,8,42825,77056,936951,139760,1,1,3,"[936951,942640,933866]","[139871,139760,139440]"
sk_hubble_deep_field,original_zpng,0,1,1555529,2616000,4711235,2027273,1,1,3,"[4708841,4713789,4711235]","[2001534,2038480,2027273]"
sk_hubble_deep_field,png,0,1,1615901,2616000,118920528,9952107,1,1,3,"[120421718,118838144,118920528]","[9960811,9937675,9952107]"
sk_hubble_deep_field,zlpng,1,1,1496631,2616000,3082863,1835103,1,1,3,"[3065116,3095712,3082863]","[1822554,1841803,1835103]"
sk_hubble_deep_field,zlpng,1,8,1496631,2616000,901127,432000,1,1,3,"[1310594,901127,665132]","[470278,432000,404409]"
sk_hubble_deep_field,zlpng,2,1,1503015,2616000,3650327,2473806,1,1,3,"[3650327,3650398,3630337]","[2473806,2481126,2466534]"
sk_hubble_deep_field,zlpng,2,8,1503015,2616000,1425297,536428,1,1,3,"[1284724,1435191,1425297]","[536428,545101,535567]"
sk_hubble_deep_field,zlpng,3,1,1517882,2616000,5689208,2552804,1,1,3,"[5689208,5691290,5665742]","[2551332,2555108,2552804]"
sk_hubble_deep_field,zlpng,3,8,1517882,2616000,1380929,550679,1,1,3,"[1303834,1380929,1626099]","[550679,566843,548796]"
sk_hubble_deep_field,zlpng,4,1,1593811,2616000,11050722,3151816,1,1,3,"[11028989,11050722,11178635]","[3151967,3149493,3151816]"
sk_hubble_deep_field,zlpng,4,8,1593811,2616000,2290780,670110,1,1,3,"[2290780,2292592,2265441]","[667496,671431,670110]"
sk_hubble_deep_field,zlpng,5,1,1515797,2616000,12177519,2581487,1,1,3,"[12177519,12197699,12145371]","[2577712,2582579,2581487]"
sk_hubble_deep_field,zlpng,5,8,1515797,2616000,2842160,569237,1,1,3,"[2883162,2842160,2701128]","[569237,560194,621816]"
sk_hubble_deep_field,zlpng,6,1,1514770,2616000,13787684,2568939,1,1,3,"[13778870,13801544,13787684]","[2560316,2568939,2571492]"
sk_hubble_deep_field,zlpng,6,8,1514770,2616000,3267581,570609,1,1,3,"[3273219,3239449,3267581]","[559833,570609,573213]"
sk_hubble_deep_field,zlpng,7,1,1512020,2616000,15179139,2552294,1,1,3,"[15230987,15179139,15172900]","[2552294,2559274,2547666]"
sk_hubble_deep_field,zlpng,7,8,1512020,2616000,4470853,620965,1,1,3,"[4470853,3890438,4515010]","[629148,620965,614996]"
sk_hubble_deep_field,zlpng,8,1,1470639,2616000,31101748,3005727,1,1,3,"[31061517,31101748,31424114]","[3005727,3007780,3005526]"
sk_hubble_deep_field,zlpng,8,8,1470639,2616000,6336282,670490,1,1,3,"[6333117,6336282,6397254]","[713765,670490,655737]"
syn_waves_2,original_zpng,0,1,52827,2359296,1479588,1280048,1,1,3,"[1476493,1479588,1484556]","[1264404,1281029,1280048]"
syn_waves_2,png,0,1,278011,2359296,86392062,6363493,1,1,3,"[85909846,88191391,86392062]","[6358085,6389703,6363493]"
syn_waves_2,zlpng,1,1,184708,2359296,1550965,1553910,1,1,3,"[1513139,1759801,1550965]","[1540380,1553910,1562403]"
syn_waves_2,zlpng,1,8,184708,2359296,457058,475266,1,1,3,"[543308,457058,376648]","[475266,481935,381294]"
syn_waves_2,zlpng,2,1,144950,2359296,1605447,1964829,1,1,3,"[1605918,1605447,1596654]","[1966011,1964829,1962856]"
syn_waves_2,zlpng,2,8,144950,2359296,494535,489818,1,1,3,"[372241,494535,503869]","[455976,543789,489818]"
syn_waves_2,zlpng,3,1,102086,2359296,1335020,1695333,1,1,3,"[1420259,1294610,1335020]","[1695333,1693971,1943237]"
syn_waves_2,zlpng,3,8,102086,2359296,310728,398981,1,1,3,"[401314,305110,310728]","[399772,395796,398981]"
syn_waves_2,zlpng,4,1,106145,2359296,1455703,1710926,1,1,3,"[1445216,1825089,1455703]","[1709334,1712769,1710926]"
syn_waves_2,zlpng,4,8,106145,2359296,354554,405410,1,1,3,"[347343,354554,360182]","[405330,407043,405410]"
syn_waves_2,zlpng,5,1,137860,2359296,4874340,1895385,1,1,3,"[4872858,4874340,4949284]","[1911118,1895385,1893551]"
syn_waves_2,zlpng,5,8,137860,2359296,1161028,442246,1,1,3,"[1161028,1144573,1203072]","[442246,439802,451650]"
syn_waves_2,zlpng,6,1,73409,2359296,4358103,1585237,1,1,3,"[4363231,4358103,4357381]","[1589093,1583044,1585237]"
syn_waves_2,zlpng,6,8,73409,2359296,1123452,384259,1,1,3,"[1114218,1123452,1161519]","[384259,382897,393743]"
syn_waves_2,zlpng,7,1,116652,2359296,6856615,1767241,1,1,3,"[6847572,6856615,6971639]","[1767241,1767782,1765880]"
syn_waves_2,zlpng,7,8,116652,2359296,1684006,434475,1,1,3,"[1684006,2275947,1597585]","[434475,509658,423207]"
syn_waves_2,zlpng,8,1,189651,2359296,25920745,2059001,1,1,3,"[25783128,25970880,25920745]","[2058290,2061405,2059001]"
syn_waves_2,zlpng,8,8,189651,2359296,5243907,530959,1,1,3,"[5243907,5230707,5254213]","[519993,530959,717581]"
r3_tesseract_phototest,original_zpng,0,1,12977,307200,217888,176366,1,1,3,"[217888,218579,214673]","[178508,171348,176366]"
r3_tesseract_phototest,png,0,1,8295,307200,2703692,583569,1,1,3,"[2702090,2706516,2703692]","[588596,583569,582757]"
r3_tesseract_phototest,zlpng,1,1,10245,307200,141032,500033,1,1,3,"[143646,138579,141032]","[500033,499532,502888]"
r3_tesseract_phototest,zlpng,1,8,10245,307200,132068,384149,1,1,3,"[132068,130216,132419]","[383869,391290,384149]"
r3_tesseract_phototest,zlpng,2,1,9637,307200,176305,463798,1,1,3,"[176305,176305,173061]","[463709,465441,463798]"
r3_tesseract_phototest,zlpng,2,8,9637,307200,162505,407574,1,1,3,"[160302,162505,169766]","[405500,407574,411089]"
r3_tesseract_phototest,zlpng,3,1,9536,307200,163977,455707,1,1,3,"[171158,157647,163977]","[459732,452562,455707]"
r3_tesseract_phototest,zlpng,3,8,9536,307200,166841,406483,1,1,3,"[166841,167181,162054]","[404729,406483,407473]"
r3_tesseract_phototest,zlpng,4,1,9552,307200,177097,457469,1,1,3,"[183316,176906,177097]","[457469,453313,457659]"
r3_tesseract_phototest,zlpng,4,8,9552,307200,171388,405551,1,1,3,"[165039,172760,171388]","[406001,405551,402076]"
r3_tesseract_phototest,zlpng,5,1,8746,307200,437760,449407,1,1,3,"[445471,437760,436988]","[449407,459121,448074]"
r3_tesseract_phototest,zlpng,5,8,8746,307200,427404,396527,1,1,3,"[427404,426652,429416]","[396527,394685,399963]"
r3_tesseract_phototest,zlpng,6,1,8193,307200,554084,443818,1,1,3,"[554084,555266,553604]","[439893,443818,449677]"
r3_tesseract_phototest,zlpng,6,8,8193,307200,538601,390358,1,1,3,"[547705,538351,538601]","[392621,387534,390358]"
r3_tesseract_phototest,zlpng,7,1,8070,307200,683599,440143,1,1,3,"[688958,683599,673895]","[440323,438521,440143]"
r3_tesseract_phototest,zlpng,7,8,8070,307200,668086,388295,1,1,3,"[668086,667155,669899]","[388295,386632,390818]"
r3_tesseract_phototest,zlpng,8,1,5939,307200,3118116,423548,1,1,3,"[3122802,3118116,3114550]","[423548,420924,424129]"
r3_tesseract_phototest,zlpng,8,8,5939,307200,2817683,373984,1,1,3,"[2818895,2817683,2809050]","[371369,376227,373984]"
syn_ramp16_0,original_zpng,0,1,3101,393216,139300,128073,1,1,3,"[139300,135163,145930]","[128073,123747,160532]"
syn_ramp16_0,png,0,1,3528,393216,2028065,371520,1,1,3,"[2028065,2021404,2030608]","[377188,368355,371520]"
syn_ramp16_0,zlpng,1,1,145,393216,47602,351740,1,1,3,"[46119,47602,50456]","[350298,357398,351740]"
syn_ramp16_0,zlpng,1,8,145,393216,53811,288785,1,1,3,"[50186,62414,53811]","[293582,288775,288785]"
syn_ramp16_0,zlpng,2,1,148,393216,86851,269656,1,1,3,"[86851,85539,87522]","[270377,269656,269656]"
syn_ramp16_0,zlpng,2,8,148,393216,78338,220752,1,1,3,"[61623,82063,78338]","[221233,192019,220752]"
syn_ramp16_0,zlpng,3,1,148,393216,367333,271849,1,1,3,"[449687,197988,367333]","[272210,271469,271849]"
syn_ramp16_0,zlpng,3,8,148,393216,174363,205129,1,1,3,"[174363,89505,337087]","[213541,205129,199791]"
syn_ramp16_0,zlpng,4,1,148,393216,193031,270868,1,1,3,"[365841,193031,97186]","[274774,270868,269526]"
syn_ramp16_0,zlpng,4,8,148,393216,328655,198449,1,1,3,"[328785,328655,322506]","[198449,197157,201273]"
syn_ramp16_0,zlpng,5,1,148,393216,702578,272571,1,1,3,"[702578,689979,933976]","[272571,271369,279922]"
syn_ramp16_0,zlpng,5,8,148,393216,512382,185769,1,1,3,"[512382,504410,523177]","[185018,185769,202695]"
syn_ramp16_0,zlpng,6,1,148,393216,701697,271679,1,1,3,"[701697,694426,799084]","[272190,270637,271679]"
syn_ramp16_0,zlpng,6,8,148,393216,425421,200012,1,1,3,"[406572,503438,425421]","[187272,200012,205860]"
syn_ramp16_0,zlpng,7,1,148,393216,723650,273412,1,1,3,"[723650,937391,688166]","[272070,273412,274183]"
syn_ramp16_0,zlpng,7,8,148,393216,441805,199811,1,1,3,"[432632,441805,505862]","[199280,200401,199811]"
syn_ramp16_0,zlpng,8,1,142,393216,3371407,308765,1,1,3,"[3355162,3371407,3433351]","[308765,319181,304017]"
syn_ramp16_0,zlpng,8,8,142,393216,2279943,229946,1,1,3,"[2374126,2279943,2269468]","[229005,260733,229946]"
sk_cells3d_z30_c1,original_zpng,0,1,108077,131072,102875,90246,1,1,3,"[102875,101683,102955]","[88263,90246,90666]"
sk_cells3d_z30_c1,png,0,1,111601,131072,3856067,754756,1,1,3,"[3851260,3856067,3862818]","[753935,754756,756318]"
sk_cells3d_z30_c1,zlpng,1,1,107137,131072,120812,111758,1,1,3,"[120812,118418,120982]","[111808,110166,111758]"
sk_cells3d_z30_c1,zlpng,1,8,107137,131072,118067,110155,1,1,3,"[121222,118067,107542]","[111939,110155,110106]"
sk_cells3d_z30_c1,zlpng,2,1,87107,131072,540274,183256,1,1,3,"[543268,540274,538330]","[184408,183136,183256]"
sk_cells3d_z30_c1,zlpng,2,8,87107,131072,538040,180692,1,1,3,"[538040,527334,538802]","[193692,177597,180692]"
sk_cells3d_z30_c1,zlpng,3,1,87107,131072,664500,182505,1,1,3,"[667445,660074,664500]","[182505,182395,183316]"
sk_cells3d_z30_c1,zlpng,3,8,87107,131072,662979,180833,1,1,3,"[660234,662988,662979]","[180262,180833,180862]"
sk_cells3d_z30_c1,zlpng,4,1,87107,131072,669338,181514,1,1,3,"[669338,660625,671942]","[181514,182184,181002]"
sk_cells3d_z30_c1,zlpng,4,8,87107,131072,673785,182294,1,1,3,"[673785,671371,679013]","[182294,181263,185119]"
sk_cells3d_z30_c1,zlpng,5,1,86885,131072,1054718,185329,1,1,3,"[1054718,1048179,1061018]","[185740,180141,185329]"
sk_cells3d_z30_c1,zlpng,5,8,86885,131072,1043191,180662,1,1,3,"[1038905,1049720,1043191]","[180662,180993,180311]"
sk_cells3d_z30_c1,zlpng,6,1,86885,131072,1172977,184238,1,1,3,"[1189782,1170152,1172977]","[183496,184238,185609]"
sk_cells3d_z30_c1,zlpng,6,8,86885,131072,1184184,183887,1,1,3,"[1184184,1186216,1172275]","[194743,183887,182335]"
sk_cells3d_z30_c1,zlpng,7,1,86885,131072,1176552,182205,1,1,3,"[1176552,1172515,1183122]","[182205,181884,183416]"
sk_cells3d_z30_c1,zlpng,7,8,86885,131072,1169321,181884,1,1,3,"[1169321,1166066,1173007]","[182325,181133,181884]"
sk_cells3d_z30_c1,zlpng,8,1,69664,131072,1944699,160492,1,1,3,"[1940733,1957648,1944699]","[162054,160492,158809]"
sk_cells3d_z30_c1,zlpng,8,8,69664,131072,1957337,158799,1,1,3,"[1958479,1945901,1957337]","[159410,158799,158409]"
r3_syn_piecewise_planes_1,original_zpng,0,1,16815,787456,385130,349777,1,1,3,"[386171,385130,383237]","[346762,349777,352851]"
r3_syn_piecewise_planes_1,png,0,1,18706,787456,5520324,1465978,1,1,3,"[5520324,5509998,5522126]","[1477254,1465316,1465978]"
r3_syn_piecewise_planes_1,zlpng,1,1,1241,787456,123596,531501,1,1,3,"[123596,126240,120562]","[531501,533474,531430]"
r3_syn_piecewise_planes_1,zlpng,1,8,1241,787456,73410,194153,1,1,3,"[73410,135985,73060]","[194153,374885,192029]"
r3_syn_piecewise_planes_1,zlpng,2,1,1154,787456,182515,541024,1,1,3,"[180292,182515,182976]","[541024,541595,540674]"
r3_syn_piecewise_planes_1,zlpng,2,8,1154,787456,140452,237547,1,1,3,"[222745,140452,83947]","[228404,271809,237547]"
r3_syn_piecewise_planes_1,zlpng,3,1,1157,787456,195214,537960,1,1,3,"[195214,193221,195385]","[540093,535807,537960]"
r3_syn_piecewise_planes_1,zlpng,3,8,1157,787456,396267,388936,1,1,3,"[419882,396267,152981]","[394404,388936,376577]"
r3_syn_piecewise_planes_1,zlpng,4,1,1157,787456,200932,542087,1,1,3,"[201864,197367,200932]","[542677,540244,542087]"
r3_syn_piecewise_planes_1,zlpng,4,8,1157,787456,209435,394424,1,1,3,"[141073,209435,211989]","[394424,389547,395956]"
r3_syn_piecewise_planes_1,zlpng,5,1,1069,787456,869900,541746,1,1,3,"[869900,856801,874837]","[541746,536137,547284]"
r3_syn_piecewise_planes_1,zlpng,5,8,1069,787456,651671,385600,1,1,3,"[651671,605382,826294]","[381014,385600,391950]"
r3_syn_piecewise_planes_1,zlpng,6,1,1069,787456,860426,541615,1,1,3,"[859274,860426,862038]","[542487,541615,541556]"
r3_syn_piecewise_planes_1,zlpng,6,8,1069,787456,947898,202345,1,1,3,"[947898,627365,1025014]","[202255,202345,384859]"
r3_syn_piecewise_planes_1,zlpng,7,1,1069,787456,876690,543078,1,1,3,"[881788,876690,863791]","[549648,543078,540945]"
r3_syn_piecewise_planes_1,zlpng,7,8,1069,787456,824281,204879,1,1,3,"[885113,780505,824281]","[204879,200352,384950]"
r3_syn_piecewise_planes_1,zlpng,8,1,762,787456,7037228,611481,1,1,3,"[7043267,7016747,7037228]","[611481,613174,608646]"
r3_syn_piecewise_planes_1,zlpng,8,8,762,787456,2476099,365430,1,1,3,"[2476099,2480605,2460506]","[224839,438821,365430]"
cbsd68_0051,original_zpng,0,1,224830,463203,1028549,436277,1,1,3,"[1025825,1029010,1028549]","[434103,436277,439342]"
cbsd68_0051,png,0,1,306660,463203,18488582,2176347,1,1,3,"[18490075,18470676,18488582]","[2225411,2176347,2174184]"
cbsd68_0051,zlpng,1,1,218552,463203,719574,348054,1,1,3,"[719574,720115,717360]","[345450,348234,348054]"
cbsd68_0051,zlpng,1,8,218552,463203,646273,357779,1,1,3,"[687225,646273,548926]","[357779,365751,347693]"
cbsd68_0051,zlpng,2,1,224580,463203,838703,500984,1,1,3,"[848608,838703,836210]","[501365,500984,498220]"
cbsd68_0051,zlpng,2,8,224580,463203,666163,472402,1,1,3,"[666163,803069,476207]","[472402,500013,277137]"
cbsd68_0051,zlpng,3,1,228160,463203,1203332,509958,1,1,3,"[1203332,1212626,1202742]","[509958,510318,509777]"
cbsd68_0051,zlpng,3,8,228160,463203,856059,505541,1,1,3,"[816760,856059,1066817]","[284178,505541,506432]"
cbsd68_0051,zlpng,4,1,233996,463203,1545658,565772,1,1,3,"[1546128,1544806,1545658]","[560053,566183,565772]"
cbsd68_0051,zlpng,4,8,233996,463203,1079766,530930,1,1,3,"[1056891,1079766,1508622]","[530930,563669,530309]"
cbsd68_0051,zlpng,5,1,225437,463203,2290820,508145,1,1,3,"[2260484,2292663,2290820]","[506112,508145,508255]"
cbsd68_0051,zlpng,5,8,225437,463203,1333959,491741,1,1,3,"[1327078,1333959,1542002]","[527985,474003,491741]"
cbsd68_0051,zlpng,6,1,224797,463203,2773427,500583,1,1,3,"[2769100,2773427,2829300]","[497229,502397,500583]"
cbsd68_0051,zlpng,6,8,224797,463203,1728843,286161,1,1,3,"[1728843,1660420,1807513]","[463088,282816,286161]"
cbsd68_0051,zlpng,7,1,224010,463203,3321633,497860,1,1,3,"[3236744,3326019,3321633]","[497860,502016,496397]"
cbsd68_0051,zlpng,7,8,224010,463203,1957298,494414,1,1,3,"[2090698,1957298,1923627]","[480844,494414,495907]"
cbsd68_0051,zlpng,8,1,207690,463203,15180932,1566970,1,1,3,"[15180932,15177757,15275264]","[1566970,1569634,1560080]"
cbsd68_0051,zlpng,8,8,207690,463203,8277546,1263202,1,1,3,"[8277546,8323455,8269723]","[1174378,1263202,1553941]"
syn_ramp16_1,original_zpng,0,1,4424,785918,324369,305850,1,1,3,"[324369,322926,325610]","[305850,307012,301003]"
syn_ramp16_1,png,0,1,5552,785918,3877760,496718,1,1,3,"[3897970,3877760,3863799]","[494094,571330,496718]"
syn_ramp16_1,zlpng,1,1,395,785918,98879,527054,1,1,3,"[99069,98879,98779]","[526463,527054,530429]"
syn_ramp16_1,zlpng,1,8,395,785918,70266,193992,1,1,3,"[70266,115134,68032]","[193992,374113,192269]"
syn_ramp16_1,zlpng,2,1,474,785918,238629,539092,1,1,3,"[483848,235495,238629]","[660555,538711,539092]"
syn_ramp16_1,zlpng,2,8,474,785918,284589,319832,1,1,3,"[161182,284589,287974]","[319832,204859,382877]"
syn_ramp16_1,zlpng,3,1,474,785918,636349,578641,1,1,3,"[662828,636118,636349]","[576929,578641,589597]"
syn_ramp16_1,zlpng,3,8,474,785918,252040,223337,1,1,3,"[259301,241624,252040]","[224578,223337,222115]"
syn_ramp16_1,zlpng,4,1,474,785918,630911,581726,1,1,3,"[633274,630911,630329]","[577930,581816,581726]"
syn_ramp16_1,zlpng,4,8,474,785918,437779,226491,1,1,3,"[437779,269927,451820]","[226491,226180,228374]"
syn_ramp16_1,zlpng,5,1,431,785918,1291265,580384,1,1,3,"[1291265,1280889,1298626]","[580384,577159,581606]"
syn_ramp16_1,zlpng,5,8,431,785918,835008,412551,1,1,3,"[835008,675867,850931]","[412551,227253,421364]"
syn_ramp16_1,zlpng,6,1,431,785918,1285996,579222,1,1,3,"[1282962,1287790,1285996]","[618452,579222,576599]"
syn_ramp16_1,zlpng,6,8,431,785918,629768,226832,1,1,3,"[530089,629768,685222]","[225529,226832,428345]"
syn_ramp16_1,zlpng,7,1,431,785918,1297374,616177,1,1,3,"[1297374,1282952,1718478]","[617851,616177,579993]"
syn_ramp16_1,zlpng,7,8,431,785918,769999,391260,1,1,3,"[772263,769999,586012]","[226101,391260,409537]"
syn_ramp16_1,zlpng,8,1,398,785918,8311797,645252,1,1,3,"[8311797,8375614,8271065]","[644340,664160,645252]"
syn_ramp16_1,zlpng,8,8,398,785918,4524514,525111,1,1,3,"[4485105,4524514,4699236]","[437689,534705,525111]"
syn_terminal_0,original_zpng,0,1,8786,589824,246772,210327,1,1,3,"[246711,246772,249936]","[214503,210327,210087]"
syn_terminal_0,png,0,1,40357,589824,4048007,1109290,1,1,3,"[4031701,4064591,4048007]","[1110543,1108690,1109290]"
syn_terminal_0,zlpng,1,1,26676,589824,230727,364159,1,1,3,"[227082,234313,230727]","[365921,364018,364159]"
syn_terminal_0,zlpng,1,8,26676,589824,198269,333092,1,1,3,"[213932,198269,105789]","[333092,334203,173832]"
syn_terminal_0,zlpng,2,1,21724,589824,235164,373923,1,1,3,"[231238,235475,235164]","[372301,373923,374605]"
syn_terminal_0,zlpng,2,8,21724,589824,209406,181273,1,1,3,"[209406,191979,215705]","[181273,177377,338359]"
syn_terminal_0,zlpng,3,1,21356,589824,255715,366632,1,1,3,"[241654,255715,263226]","[360603,366632,369176]"
syn_terminal_0,zlpng,3,8,21356,589824,231329,330237,1,1,3,"[231329,238049,122444]","[330237,344038,172200]"
syn_terminal_0,zlpng,4,1,21397,589824,279521,363617,1,1,3,"[276647,279521,289687]","[363617,363498,368154]"
syn_terminal_0,zlpng,4,8,21397,589824,237087,207473,1,1,3,"[237087,263046,129214]","[207473,342395,177478]"
syn_terminal_0,zlpng,5,1,20620,589824,523458,361735,1,1,3,"[522667,531140,523458]","[361434,361735,362877]"
syn_terminal_0,zlpng,5,8,20620,589824,264969,334594,1,1,3,"[505251,264969,249946]","[175324,334594,337639]"
syn_terminal_0,zlpng,6,1,20392,589824,636068,358730,1,1,3,"[632222,636068,639022]","[362966,357439,358730]"
syn_terminal_0,zlpng,6,8,20392,589824,541816,336517,1,1,3,"[541816,474385,570358]","[339671,336517,334484]"
syn_terminal_0,zlpng,7,1,20282,589824,811111,361144,1,1,3,"[823040,800485,811111]","[362065,357388,361144]"
syn_terminal_0,zlpng,7,8,20282,589824,348725,325050,1,1,3,"[892614,348725,337918]","[334623,251669,325050]"
syn_terminal_0,zlpng,8,1,21958,589824,8604438,547464,1,1,3,"[8604438,8624508,8588484]","[547464,554635,545491]"
syn_terminal_0,zlpng,8,8,21958,589824,4236370,517519,1,1,3,"[4338204,4236370,4187396]","[517519,521064,512252]"
syn_stripes_1,original_zpng,0,1,918,1178877,304388,344299,1,1,3,"[304388,304919,304168]","[344299,346492,344168]"
syn_stripes_1,png,0,1,2874,1178877,5311990,1989065,1,1,3,"[5319561,5281824,5311990]","[1980262,1989065,1992090]"
syn_stripes_1,zlpng,1,1,1687,1178877,156916,627796,1,1,3,"[156916,148344,157968]","[627796,627715,630720]"
syn_stripes_1,zlpng,1,8,1687,1178877,66159,207643,1,1,3,"[105469,57877,66159]","[207643,161894,231529]"
syn_stripes_1,zlpng,2,1,3134,1178877,189115,654545,1,1,3,"[189115,187693,191439]","[655437,653494,654545]"
syn_stripes_1,zlpng,2,8,3134,1178877,117056,325050,1,1,3,"[120451,67692,117056]","[328024,169846,325050]"
syn_stripes_1,zlpng,3,1,2048,1178877,184067,618482,1,1,3,"[184027,184067,187673]","[617079,618482,618742]"
syn_stripes_1,zlpng,3,8,2048,1178877,67632,159981,1,1,3,"[66781,104177,67632]","[159760,304048,159981]"
syn_stripes_1,zlpng,4,1,2048,1178877,213081,616589,1,1,3,"[219631,212270,213081]","[616589,616668,615237]"
syn_stripes_1,zlpng,4,8,2048,1178877,138278,307934,1,1,3,"[135294,138278,146541]","[335294,303236,307934]"
syn_stripes_1,zlpng,5,1,1383,1178877,182384,615007,1,1,3,"[181884,182384,188574]","[615407,612573,615007]"
syn_stripes_1,zlpng,5,8,1383,1178877,114292,301824,1,1,3,"[118108,66070,114292]","[304108,158709,301824]"
syn_stripes_1,zlpng,6,1,1383,1178877,214763,614055,1,1,3,"[206811,214874,214763]","[614456,614055,613745]"
syn_stripes_1,zlpng,6,8,1383,1178877,77406,161673,1,1,3,"[77406,75955,135464]","[157267,161673,304568]"
syn_stripes_1,zlpng,7,1,885,1178877,271930,599562,1,1,3,"[271930,275606,267383]","[600254,599562,595657]"
syn_stripes_1,zlpng,7,8,885,1178877,143346,205259,1,1,3,"[143346,142785,279040]","[237287,205259,158699]"
syn_stripes_1,zlpng,8,1,694,1178877,9309028,577500,1,1,3,"[9309028,9286715,9338633]","[577600,577500,576819]"
syn_stripes_1,zlpng,8,8,694,1178877,2160163,274824,1,1,3,"[2112822,2572073,2160163]","[292190,256136,274824]"
sk_astronaut,original_zpng,0,1,415870,786432,1447550,585893,1,1,3,"[1481541,1445397,1447550]","[585972,585893,582628]"
sk_astronaut,png,0,1,424402,786432,41904526,4337592,1,1,3,"[41697795,41908592,41904526]","[4347327,4336601,4337592]"
sk_astronaut,zlpng,1,1,384284,786432,1035950,553444,1,1,3,"[1045664,1029330,1035950]","[554576,553444,551260]"
sk_astronaut,zlpng,1,8,384284,786432,448014,275125,1,1,3,"[450778,446102,448014]","[421795,212340,275125]"
sk_astronaut,zlpng,2,1,386834,786432,1318325,784721,1,1,3,"[1318325,1311525,1324195]","[782599,785563,784721]"
sk_astronaut,zlpng,2,8,386834,786432,815758,279321,1,1,3,"[746885,815758,935208]","[568216,276547,279321]"
sk_astronaut,zlpng,3,1,397775,786432,2312362,861467,1,1,3,"[2310189,2312362,2324350]","[860185,867917,861467]"
sk_astronaut,zlpng,3,8,397775,786432,1204775,314204,1,1,3,"[1384986,906996,1204775]","[617760,314204,310487]"
sk_astronaut,zlpng,4,1,420575,786432,3420311,989521,1,1,3,"[3437997,3420311,3406891]","[989521,988930,992525]"
sk_astronaut,zlpng,4,8,420575,786432,1407369,713364,1,1,3,"[1407369,1229262,1509183]","[397399,734426,713364]"
sk_astronaut,zlpng,5,1,397786,786432,5025348,870712,1,1,3,"[5042313,5025348,5019930]","[870712,873095,867777]"
sk_astronaut,zlpng,5,8,397786,786432,2184420,615877,1,1,3,"[1814893,2320445,2184420]","[615877,629728,319351]"
sk_astronaut,zlpng,6,1,397842,786432,5578601,868818,1,1,3,"[5582647,5561225,5578601]","[870391,868818,866916]"
sk_astronaut,zlpng,6,8,397842,786432,2565394,600465,1,1,3,"[2684002,2466585,2565394]","[600465,611090,542326]"
sk_astronaut,zlpng,7,1,396600,786432,6456783,861948,1,1,3,"[6461401,6454610,6456783]","[859324,861948,865643]"
sk_astronaut,zlpng,7,8,396600,786432,2750032,611871,1,1,3,"[2853627,2750032,2665535]","[606774,623268,611871]"
sk_astronaut,zlpng,8,1,380760,786432,13698559,1435612,1,1,3,"[13672900,13698559,13744568]","[1437715,1432998,1435612]"
sk_astronaut,zlpng,8,8,380760,786432,7997104,1325487,1,1,3,"[7556039,8087649,7997104]","[838733,1325487,1427049]"
openmoji_1f3b8,original_zpng,0,1,31648,1527696,778181,629959,1,1,3,"[966325,773135,778181]","[686003,629959,629658]"
openmoji_1f3b8,png,0,1,27099,1527696,8050093,2856562,1,1,3,"[8055001,8050093,8037193]","[2856291,2856562,2862972]"
openmoji_1f3b8,zlpng,1,1,36983,1527696,442747,725212,1,1,3,"[450218,442747,437128]","[725442,724171,725212]"
openmoji_1f3b8,zlpng,1,8,36983,1527696,286281,277107,1,1,3,"[293582,286281,212700]","[277107,309996,245350]"
openmoji_1f3b8,zlpng,2,1,26397,1527696,424469,691371,1,1,3,"[424469,422146,434925]","[691371,688476,691461]"
openmoji_1f3b8,zlpng,2,8,26397,1527696,167883,212360,1,1,3,"[150366,280853,167883]","[167833,280232,212360]"
openmoji_1f3b8,zlpng,3,1,27184,1527696,470078,702377,1,1,3,"[474294,464659,470078]","[697911,702377,703109]"
openmoji_1f3b8,zlpng,3,8,27184,1527696,191147,264668,1,1,3,"[165419,303497,191147]","[175775,267193,264668]"
openmoji_1f3b8,zlpng,4,1,27484,1527696,527815,704431,1,1,3,"[527815,525051,537950]","[704431,701747,706193]"
openmoji_1f3b8,zlpng,4,8,27484,1527696,310307,214603,1,1,3,"[323186,310307,253952]","[214603,180892,225880]"
openmoji_1f3b8,zlpng,5,1,26940,1527696,1256292,696369,1,1,3,"[1260488,1256292,1251464]","[697080,696369,696109]"
openmoji_1f3b8,zlpng,5,8,26940,1527696,810130,178498,1,1,3,"[810130,439222,862789]","[178158,178498,327032]"
openmoji_1f3b8,zlpng,6,1,26956,1527696,1341390,698162,1,1,3,"[1351846,1341010,1341390]","[696418,700324,698162]"
openmoji_1f3b8,zlpng,6,8,26956,1527696,468676,317878,1,1,3,"[469867,466002,468676]","[318039,265149,317878]"
openmoji_1f3b8,zlpng,7,1,26986,1527696,1797817,686935,1,1,3,"[1794122,1797817,1806790]","[686173,686935,690060]"
openmoji_1f3b8,zlpng,7,8,26986,1527696,850350,238890,1,1,3,"[1217574,850350,622637]","[274283,238890,219691]"
openmoji_1f3b8,zlpng,8,1,20317,1527696,13711218,673914,1,1,3,"[13679481,13711218,13765870]","[672763,677270,673914]"
openmoji_1f3b8,zlpng,8,8,20317,1527696,3119407,281634,1,1,3,"[2748779,3119407,3150214]","[325000,265400,281634]"
kodak_16,original_zpng,0,1,482745,1179648,2838945,1124263,1,1,3,"[2890933,2838876,2838945]","[1124263,1127207,1112805]"
kodak_16,png,0,1,581032,1179648,77567222,4588571,1,1,3,"[77516255,77587873,77567222]","[4590723,4588571,4577323]"
kodak_16,zlpng,1,1,495213,1179648,2234746,860375,1,1,3,"[2235076,2233623,2234746]","[855729,860375,862969]"
kodak_16,zlpng,1,8,495213,1179648,635938,228404,1,1,3,"[635938,610469,683580]","[221123,228544,228404]"
kodak_16,zlpng,2,1,506299,1179648,2676590,1244333,1,1,3,"[2685404,2675809,2676590]","[1243974,1246978,1244333]"
kodak_16,zlpng,2,8,506299,1179648,879985,622237,1,1,3,"[672192,1064744,879985]","[313232,625462,622237]"
kodak_16,zlpng,3,1,517962,1179648,3664489,1303253,1,1,3,"[3664489,3679471,3661945]","[1303253,1302672,1304745]"
kodak_16,zlpng,3,8,517962,1179648,1322642,619894,1,1,3,"[1322642,1478086,1194349]","[633424,619894,613384]"
kodak_16,zlpng,4,1,535789,1179648,4187566,1445036,1,1,3,"[4183090,4187566,4212123]","[1445036,1449833,1443234]"
kodak_16,zlpng,4,8,535789,1179648,1020057,390548,1,1,3,"[1013377,1020057,1020477]","[347864,390548,544039]"
kodak_16,zlpng,5,1,507764,1179648,7368286,1325276,1,1,3,"[7370480,7342117,7368286]","[1325276,1321901,1325536]"
kodak_16,zlpng,5,8,507764,1179648,2283358,514635,1,1,3,"[2283358,2094144,2299523]","[328875,514635,627215]"
kodak_16,zlpng,6,1,505016,1179648,9656763,1284685,1,1,3,"[9612366,9656763,9680658]","[1284685,1288590,1282151]"
kodak_16,zlpng,6,8,505016,1179648,2599846,621385,1,1,3,"[2599846,2901049,2319182]","[621385,641977,319150]"
kodak_16,zlpng,7,1,503380,1179648,10777881,1287048,1,1,3,"[10787415,10768407,10777881]","[1290694,1287048,1286167]"
kodak_16,zlpng,7,8,503380,1179648,2859456,621586,1,1,3,"[2752905,2859456,3026859]","[623690,616919,621586]"
kodak_16,zlpng,8,1,459275,1179648,30234061,2770863,1,1,3,"[30202143,30234061,30248172]","[2766927,2770863,2783091]"
kodak_16,zlpng,8,8,459275,1179648,11015729,1326117,1,1,3,"[11055669,11015729,10998262]","[1186938,1326117,1698428]"
r3_syn_run_mosaic_1,original_zpng,0,1,1061,1181184,309115,345951,1,1,3,"[317348,306992,309115]","[373973,345951,345811]"
r3_syn_run_mosaic_1,png,0,1,2747,1181184,5384639,1999411,1,1,3,"[5467264,5374343,5384639]","[1999411,2002606,1993823]"
r3_syn_run_mosaic_1,zlpng,1,1,1818,1181184,168183,668897,1,1,3,"[168183,176746,165409]","[668897,670910,665292]"
r3_syn_run_mosaic_1,zlpng,1,8,1818,1181184,87301,323908,1,1,3,"[66540,87301,134943]","[175334,323908,328695]"
r3_syn_run_mosaic_1,zlpng,2,1,1437,1181184,156977,628887,1,1,3,"[161544,155745,156977]","[629337,628887,627885]"
r3_syn_run_mosaic_1,zlpng,2,8,1437,1181184,98438,164538,1,1,3,"[98438,67041,143446]","[436087,162805,164538]"
r3_syn_run_mosaic_1,zlpng,3,1,1325,1181184,161363,609457,1,1,3,"[161363,161844,161072]","[609608,609457,609368]"
r3_syn_run_mosaic_1,zlpng,3,8,1325,1181184,89735,301304,1,1,3,"[89735,110226,76715]","[299201,301304,302646]"
r3_syn_run_mosaic_1,zlpng,4,1,1325,1181184,183937,606273,1,1,3,"[183937,183646,184588]","[605412,606273,608546]"
r3_syn_run_mosaic_1,zlpng,4,8,1325,1181184,94552,306682,1,1,3,"[118719,94552,67441]","[306682,314013,157087]"
r3_syn_run_mosaic_1,zlpng,5,1,1265,1181184,158619,599072,1,1,3,"[162435,158619,157227]","[597810,600094,599072]"
r3_syn_run_mosaic_1,zlpng,5,8,1265,1181184,93150,292301,1,1,3,"[110867,93150,86420]","[322746,292301,179250]"
r3_syn_run_mosaic_1,zlpng,6,1,1265,1181184,184308,599974,1,1,3,"[184308,182725,191328]","[601416,599974,597210]"
r3_syn_run_mosaic_1,zlpng,6,8,1265,1181184,105349,187703,1,1,3,"[106130,105349,102985]","[187703,294543,169355]"
r3_syn_run_mosaic_1,zlpng,7,1,897,1181184,279150,597489,1,1,3,"[310718,279150,274032]","[595968,597489,604521]"
r3_syn_run_mosaic_1,zlpng,7,8,897,1181184,129795,182144,1,1,3,"[121643,283617,129795]","[182144,159581,293702]"
r3_syn_run_mosaic_1,zlpng,8,1,595,1181184,9150420,572763,1,1,3,"[9173425,9122027,9150420]","[572582,572763,574856]"
r3_syn_run_mosaic_1,zlpng,8,8,595,1181184,2262527,202565,1,1,3,"[2391151,2083868,2262527]","[296256,202565,149576]"
cbsd68_0022,original_zpng,0,1,233276,463203,974277,428986,1,1,3,"[976811,974277,972374]","[429446,428986,422687]"
cbsd68_0022,png,0,1,315487,463203,23091996,2537772,1,1,3,"[23106948,23091996,23064834]","[2537772,2538252,2534868]"
cbsd68_0022,zlpng,1,1,212493,463203,752433,353783,1,1,3,"[752854,752433,746574]","[358319,353783,347723]"
cbsd68_0022,zlpng,1,8,212493,463203,538862,370908,1,1,3,"[538862,719513,443598]","[370908,371139,343327]"
cbsd68_0022,zlpng,2,1,217296,463203,881177,511961,1,1,3,"[884983,868317,881177]","[512732,511961,510960]"
cbsd68_0022,zlpng,2,8,217296,463203,505541,296787,1,1,3,"[505541,501025,734286]","[507475,290958,296787]"
cbsd68_0022,zlpng,3,1,221021,463203,1211785,517810,1,1,3,"[1211785,1215901,1207147]","[519562,517810,515286]"
cbsd68_0022,zlpng,3,8,221021,463203,1040647,484420,1,1,3,"[1040647,925273,1158965]","[484420,517339,319761]"
cbsd68_0022,zlpng,4,1,227589,463203,1548913,578060,1,1,3,"[1538307,1548913,1550815]","[581896,578060,573794]"
cbsd68_0022,zlpng,4,8,227589,463203,1325166,525341,1,1,3,"[1333358,1043551,1325166]","[550729,333272,525341]"
cbsd68_0022,zlpng,5,1,217931,463203,2506084,523288,1,1,3,"[2521267,2506084,2498813]","[523288,524570,517489]"
cbsd68_0022,zlpng,5,8,217931,463203,1329973,297388,1,1,3,"[1644897,1329973,1323584]","[297388,293772,425771]"
cbsd68_0022,zlpng,6,1,216858,463203,3226849,508816,1,1,3,"[3240931,3226849,3156614]","[508816,504971,508876]"
cbsd68_0022,zlpng,6,8,216858,463203,1802985,479993,1,1,3,"[1802985,1999010,1680260]","[479993,474936,487855]"
cbsd68_0022,zlpng,7,1,215949,463203,3616967,503238,1,1,3,"[3676597,3616967,3602025]","[506803,503027,503238]"
cbsd68_0022,zlpng,7,8,215949,463203,2353935,488275,1,1,3,"[2353935,2397391,2086603]","[495646,483368,488275]"
cbsd68_0022,zlpng,8,1,198601,463203,16472908,1701783,1,1,3,"[16472908,16454610,16501561]","[1701783,1702744,1695252]"
cbsd68_0022,zlpng,8,8,198601,463203,9665535,1073517,1,1,3,"[9601309,9686247,9665535]","[1098855,1065054,1073517]"
r3_syn_tuple_palette_0,original_zpng,0,1,10704,395780,229135,192210,1,1,3,"[231739,229135,226861]","[192820,192210,190347]"
r3_syn_tuple_palette_0,png,0,1,1682,395780,1820351,639423,1,1,3,"[1831037,1820351,1818559]","[640515,639423,639243]"
r3_syn_tuple_palette_0,zlpng,1,1,1993,395780,77457,156186,1,1,3,"[76986,81974,77457]","[156186,156045,158098]"
r3_syn_tuple_palette_0,zlpng,1,8,1993,395780,99700,129445,1,1,3,"[115414,90086,99700]","[131157,126350,129445]"
r3_syn_tuple_palette_0,zlpng,2,1,1189,395780,68954,162264,1,1,3,"[68954,73591,62955]","[162264,162274,160993]"
r3_syn_tuple_palette_0,zlpng,2,8,1189,395780,61142,128784,1,1,3,"[61142,49745,71248]","[128784,128874,127271]"
r3_syn_tuple_palette_0,zlpng,3,1,3287,395780,109335,176226,1,1,3,"[109335,110316,108203]","[176586,176226,176185]"
r3_syn_tuple_palette_0,zlpng,3,8,3287,395780,117056,145459,1,1,3,"[117056,133331,106831]","[147111,144027,145459]"
r3_syn_tuple_palette_0,zlpng,4,1,3243,395780,121382,180011,1,1,3,"[122154,115775,121382]","[181293,179300,180011]"
r3_syn_tuple_palette_0,zlpng,4,8,3243,395780,120101,146901,1,1,3,"[71608,125128,120101]","[150857,142825,146901]"
r3_syn_tuple_palette_0,zlpng,5,1,2088,395780,93641,166460,1,1,3,"[95895,93231,93641]","[166460,165800,168284]"
r3_syn_tuple_palette_0,zlpng,5,8,2088,395780,110907,113931,1,1,3,"[133902,110907,66551]","[141934,113100,113931]"
r3_syn_tuple_palette_0,zlpng,6,1,2088,395780,107532,167923,1,1,3,"[108373,107532,105339]","[167923,168324,166982]"
r3_syn_tuple_palette_0,zlpng,6,8,2088,395780,120101,139480,1,1,3,"[380152,120101,67231]","[160632,139480,114101]"
r3_syn_tuple_palette_0,zlpng,7,1,1019,395780,126931,159390,1,1,3,"[127291,126571,126931]","[159440,159390,159040]"
r3_syn_tuple_palette_0,zlpng,7,8,1019,395780,86631,130557,1,1,3,"[471931,82144,86631]","[130557,142054,129475]"
r3_syn_tuple_palette_0,zlpng,8,1,678,395780,3301482,159500,1,1,3,"[3315954,3268492,3301482]","[159500,158989,159751]"
r3_syn_tuple_palette_0,zlpng,8,8,678,395780,2178171,111658,1,1,3,"[2178171,2194815,2143608]","[110907,111658,132800]"
cbsd68_0066,original_zpng,0,1,240933,463203,1121979,448435,1,1,3,"[1122630,1121979,1116191]","[448435,448225,448686]"
cbsd68_0066,png,0,1,275932,463203,23226247,2054024,1,1,3,"[23226247,23214610,23599349]","[2050688,2058420,2054024]"
cbsd68_0066,zlpng,1,1,212048,463203,886324,359911,1,1,3,"[879104,892854,886324]","[359551,360032,359911]"
cbsd68_0066,zlpng,1,8,212048,463203,767315,341665,1,1,3,"[782138,767315,632312]","[365441,341665,214983]"
cbsd68_0066,zlpng,2,1,217711,463203,979736,522477,1,1,3,"[970481,979736,992945]","[516387,523308,522477]"
cbsd68_0066,zlpng,2,8,217711,463203,797421,478290,1,1,3,"[797421,822799,609819]","[474685,497119,478290]"
cbsd68_0066,zlpng,3,1,221439,463203,1444856,527384,1,1,3,"[1444856,1446379,1444806]","[527384,528055,526924]"
cbsd68_0066,zlpng,3,8,221439,463203,1074949,488646,1,1,3,"[1074949,1023341,1164103]","[302686,488646,489878]"
cbsd68_0066,zlpng,4,1,228294,463203,1717817,582167,1,1,3,"[1736064,1717817,1680902]","[582167,582467,580674]"
cbsd68_0066,zlpng,4,8,228294,463203,1256002,336196,1,1,3,"[1333438,1188380,1256002]","[336196,334203,543248]"
cbsd68_0066,zlpng,5,1,218943,463203,2918194,533143,1,1,3,"[2919527,2910343,2918194]","[534024,532953,533143]"
cbsd68_0066,zlpng,5,8,218943,463203,1844978,370428,1,1,3,"[1844978,2096507,1735524]","[494966,370428,310557]"
cbsd68_0066,zlpng,6,1,217995,463203,3602314,522577,1,1,3,"[3601854,3602314,3631158]","[523329,522577,522077]"
cbsd68_0066,zlpng,6,8,217995,463203,2141886,473854,1,1,3,"[2141925,2141886,2123197]","[301144,482817,473854]"
cbsd68_0066,zlpng,7,1,217114,463203,4095037,519252,1,1,3,"[4072924,4095037,4098402]","[514755,519252,522217]"
cbsd68_0066,zlpng,7,8,217114,463203,2381787,418550,1,1,3,"[2892205,2359664,2381787]","[296908,418550,498841]"
cbsd68_0066,zlpng,8,1,199005,463203,11738879,1257093,1,1,3,"[11695053,11738879,11743134]","[1253097,1259426,1257093]"
cbsd68_0066,zlpng,8,8,199005,463203,9277241,1026035,1,1,3,"[9309880,9277241,9244562]","[1037282,1026035,1025935]"
syn_impulses_2,original_zpng,0,1,215631,786432,1885229,883680,1,1,3,"[1898439,1885229,1883166]","[895299,883680,871532]"
syn_impulses_2,png,0,1,270524,786432,36185143,3338477,1,1,3,"[36190891,36178023,36185143]","[3338648,3323394,3338477]"
syn_impulses_2,zlpng,1,1,326439,786432,1660551,1183953,1,1,3,"[1646550,1669524,1660551]","[1183953,1186306,1183623]"
syn_impulses_2,zlpng,1,8,326439,786432,863731,826135,1,1,3,"[825043,863731,1178164]","[826535,766114,826135]"
syn_impulses_2,zlpng,2,1,324945,786432,1823856,1607481,1,1,3,"[1823856,1820732,1835975]","[1607671,1607481,1603384]"
syn_impulses_2,zlpng,2,8,324945,786432,950381,1013386,1,1,3,"[950381,927316,1293178]","[1013386,914618,1111864]"
syn_impulses_2,zlpng,3,1,320546,786432,2237920,1554882,1,1,3,"[2237920,2228426,2240094]","[1554882,1553530,1558877]"
syn_impulses_2,zlpng,3,8,320546,786432,1450665,926445,1,1,3,"[1583895,1094088,1450665]","[926445,836540,963962]"
syn_impulses_2,zlpng,4,1,320248,786432,2569219,1578528,1,1,3,"[2569219,2560135,2584031]","[1575422,1578528,1580560]"
syn_impulses_2,zlpng,4,8,320248,786432,1359257,960326,1,1,3,"[1412548,1357574,1359257]","[798943,1114909,960326]"
syn_impulses_2,zlpng,5,1,313940,786432,4897906,1513819,1,1,3,"[4895162,4928262,4897906]","[1515251,1513319,1513819]"
syn_impulses_2,zlpng,5,8,313940,786432,1973963,920836,1,1,3,"[2212943,1691017,1973963]","[1062710,920836,816530]"
syn_impulses_2,zlpng,6,1,313739,786432,6448771,1501932,1,1,3,"[6435361,6448771,6452617]","[1499318,1502844,1501932]"
syn_impulses_2,zlpng,6,8,313739,786432,2709520,1034248,1,1,3,"[2694087,2758764,2709520]","[1040858,728887,1034248]"
syn_impulses_2,zlpng,7,1,311498,786432,7231159,1470775,1,1,3,"[7245622,7226493,7231159]","[1472908,1470775,1470585]"
syn_impulses_2,zlpng,7,8,311498,786432,2632985,1014068,1,1,3,"[2632985,2472814,2944003]","[1014068,1020247,996190]"
syn_impulses_2,zlpng,8,1,285504,786432,18464166,2748379,1,1,3,"[18445668,18465028,18464166]","[2748379,2750212,2744063]"
syn_impulses_2,zlpng,8,8,285504,786432,6684677,1357945,1,1,3,"[6684677,6211014,6864407]","[1445647,1357945,1144123]"
kodak_12,original_zpng,0,1,492785,1179648,2799256,1104033,1,1,3,"[2808509,2798003,2799256]","[1105856,1101930,1104033]"
kodak_12,png,0,1,575294,1179648,83395369,5510228,1,1,3,"[85702564,83395369,83375048]","[5510228,5498110,5562758]"
kodak_12,zlpng,1,1,481705,1179648,2146192,867356,1,1,3,"[2158711,2146192,2139653]","[870140,867356,858082]"
kodak_12,zlpng,1,8,481705,1179648,1059535,428224,1,1,3,"[1062981,922930,1059535]","[416588,430448,428224]"
kodak_12,zlpng,2,1,492383,1179648,2678073,1246738,1,1,3,"[2686666,2667147,2678073]","[1246738,1245095,1247008]"
kodak_12,zlpng,2,8,492383,1179648,662978,461174,1,1,3,"[652192,662978,1153868]","[461174,322115,625752]"
kodak_12,zlpng,3,1,506512,1179648,3742697,1302892,1,1,3,"[4009859,3742697,3742305]","[1400459,1302561,1302892]"
kodak_12,zlpng,3,8,506512,1179648,1102370,584640,1,1,3,"[1554100,1050081,1102370]","[584640,612383,491300]"
kodak_12,zlpng,4,1,526440,1179648,4346957,1446548,1,1,3,"[4346957,4358964,4343341]","[1446548,1450574,1446368]"
kodak_12,zlpng,4,8,526440,1179648,1261670,350277,1,1,3,"[1261670,1514601,1028149]","[344539,611821,350277]"
kodak_12,zlpng,5,1,498765,1179648,7402799,1333608,1,1,3,"[7402799,7383539,7404441]","[1334540,1330734,1333608]"
kodak_12,zlpng,5,8,498765,1179648,2061244,579804,1,1,3,"[2061244,2107143,1701713]","[621786,579804,327954]"
kodak_12,zlpng,6,1,495868,1179648,9691064,1295311,1,1,3,"[10419691,9691064,9548289]","[1387550,1295311,1292907]"
kodak_12,zlpng,6,8,495868,1179648,2716641,523598,1,1,3,"[2716641,2664142,2807348]","[638211,469096,523598]"
kodak_12,zlpng,7,1,494227,1179648,10835218,1294940,1,1,3,"[11637906,10835218,10800986]","[1385898,1294940,1290924]"
kodak_12,zlpng,7,8,494227,1179648,2551182,611681,1,1,3,"[3026368,2505513,2551182]","[588185,611681,623499]"
kodak_12,zlpng,8,1,447789,1179648,31787611,2663441,1,1,3,"[33428151,31787611,31731677]","[2845114,2662540,2663441]"
kodak_12,zlpng,8,8,447789,1179648,10879945,1538917,1,1,3,"[11867743,10723880,10879945]","[1656084,1538917,1198955]"
sk_kidney_z00_c1,original_zpng,0,1,280038,524288,1325506,406271,1,1,3,"[1318106,1330194,1325506]","[406271,407974,404399]"
sk_kidney_z00_c1,png,0,1,274795,524288,52302715,2387996,1,1,3,"[52302715,52278458,52312280]","[2395948,2385323,2387996]"
sk_kidney_z00_c1,zlpng,1,1,299380,524288,710059,468035,1,1,3,"[808387,710059,709398]","[468786,466743,468035]"
sk_kidney_z00_c1,zlpng,1,8,299380,524288,519523,483959,1,1,3,"[498691,523058,519523]","[483959,490719,474645]"
sk_kidney_z00_c1,zlpng,2,1,251550,524288,1997478,733195,1,1,3,"[2004418,1988715,1997478]","[721938,733195,735408]"
sk_kidney_z00_c1,zlpng,2,8,251550,524288,1801823,752023,1,1,3,"[1697266,2041254,1801823]","[757751,752023,630269]"
sk_kidney_z00_c1,zlpng,3,1,251369,524288,2504191,729999,1,1,3,"[2492774,2504191,2511322]","[716630,729999,733345]"
sk_kidney_z00_c1,zlpng,3,8,251369,524288,1688443,769790,1,1,3,"[1660921,1866802,1688443]","[769790,806084,731211]"
sk_kidney_z00_c1,zlpng,4,1,251369,524288,2478473,727415,1,1,3,"[2471392,2478473,2480786]","[717601,727415,727766]"
sk_kidney_z00_c1,zlpng,4,8,251369,524288,2035826,761627,1,1,3,"[1580981,2198751,2035826]","[761627,745643,778302]"
sk_kidney_z00_c1,zlpng,5,1,247362,524288,4704615,699964,1,1,3,"[4725276,4704615,4596852]","[699153,707716,699964]"
sk_kidney_z00_c1,zlpng,5,8,247362,524288,3241271,715287,1,1,3,"[3362484,3241271,3106769]","[715287,719072,382536]"
sk_kidney_z00_c1,zlpng,6,1,247362,524288,4767210,706423,1,1,3,"[4767210,4779928,4657804]","[706754,704441,706423]"
sk_kidney_z00_c1,zlpng,6,8,247362,524288,3404216,734276,1,1,3,"[4072533,3210796,3404216]","[734276,450949,751411]"
sk_kidney_z00_c1,zlpng,7,1,247222,524288,5126911,714326,1,1,3,"[5018608,5134652,5126911]","[703980,714326,717941]"
sk_kidney_z00_c1,zlpng,7,8,247222,524288,3814555,705963,1,1,3,"[3814555,3992052,2910663]","[380603,744191,705963]"
sk_kidney_z00_c1,zlpng,8,1,212215,524288,7149487,589168,1,1,3,"[7149487,7154243,7146172]","[586263,589168,589287]"
sk_kidney_z00_c1,zlpng,8,8,212215,524288,3726922,625582,1,1,3,"[3724619,3734213,3726922]","[620725,633244,625582]"
r3_coco_776,original_zpng,0,1,568933,821760,1138865,614345,1,1,3,"[1139476,1138865,1135410]","[614345,615246,613875]"
r3_coco_776,png,0,1,638298,821760,25120039,3369024,1,1,3,"[24729471,25199800,25120039]","[3369024,3377035,3366470]"
r3_coco_776,zlpng,1,1,550879,821760,988138,583499,1,1,3,"[990962,981538,988138]","[583499,582397,584190]"
r3_coco_776,zlpng,1,8,550879,821760,645723,388755,1,1,3,"[692653,434845,645723]","[413733,388755,213481]"
r3_coco_776,zlpng,2,1,555048,821760,1008148,864823,1,1,3,"[1008148,1011103,997322]","[867467,864823,861868]"
r3_coco_776,zlpng,2,8,555048,821760,497670,529508,1,1,3,"[497670,862349,407223]","[614545,313903,529508]"
r3_coco_776,zlpng,3,1,558116,821760,1711257,914577,1,1,3,"[1711687,1711257,1709144]","[914577,913746,915439]"
r3_coco_776,zlpng,3,8,558116,821760,775568,614886,1,1,3,"[775568,707736,820084]","[614886,321434,617950]"
r3_coco_776,zlpng,4,1,565788,821760,2484561,992515,1,1,3,"[2484561,2488718,2476129]","[994648,992515,990271]"
r3_coco_776,zlpng,4,8,565788,821760,1379307,675978,1,1,3,"[1379307,1000086,1399127]","[675978,588406,691562]"
r3_coco_776,zlpng,5,1,556659,821760,3880003,939354,1,1,3,"[3876458,3880003,3888716]","[936100,939354,940367]"
r3_coco_776,zlpng,5,8,556659,821760,1809956,565041,1,1,3,"[1809956,2203769,1718378]","[555286,666293,565041]"
r3_coco_776,zlpng,6,1,556579,821760,4381599,937282,1,1,3,"[4381599,4380788,4381869]","[938042,936430,937282]"
r3_coco_776,zlpng,6,8,556579,821760,2365702,634906,1,1,3,"[1929566,2365702,2531012]","[634906,537901,665272]"
r3_coco_776,zlpng,7,1,556089,821760,4717985,938353,1,1,3,"[4713228,4717985,4719718]","[938353,941127,938103]"
r3_coco_776,zlpng,7,8,556089,821760,2014965,621336,1,1,3,"[2012570,2015255,2014965]","[623710,516628,621336]"
r3_coco_776,zlpng,8,1,547166,821760,9674830,953346,1,1,3,"[9644624,9696292,9674830]","[953346,954468,951733]"
r3_coco_776,zlpng,8,8,547166,821760,3631880,582488,1,1,3,"[3631880,3843097,3138847]","[531931,582488,629679]"
cbsd68_0053,original_zpng,0,1,173721,463203,1129731,496367,1,1,3,"[1151024,1128259,1129731]","[496367,488967,498561]"
cbsd68_0053,png,0,1,208726,463203,27007221,2119832,1,1,3,"[27051157,27007221,26966030]","[2115366,2121455,2119832]"
cbsd68_0053,zlpng,1,1,162151,463203,859094,358400,1,1,3,"[858163,859324,859094]","[356887,358400,361094]"
cbsd68_0053,zlpng,1,8,162151,463203,800255,352801,1,1,3,"[800255,840836,498181]","[352801,365711,311609]"
cbsd68_0053,zlpng,2,1,166431,463203,934307,531100,1,1,3,"[936530,934307,931834]","[532682,531100,528956]"
cbsd68_0053,zlpng,2,8,166431,463203,750890,484881,1,1,3,"[716208,750890,854998]","[484881,466692,492091]"
cbsd68_0053,zlpng,3,1,168762,463203,1231865,514324,1,1,3,"[1230053,1241149,1231865]","[514324,520784,513724]"
cbsd68_0053,zlpng,3,8,168762,463203,1105885,481776,1,1,3,"[1138946,1105885,930842]","[484549,481776,466262]"
cbsd68_0053,zlpng,4,1,174641,463203,1434670,561656,1,1,3,"[1421040,1434670,1438466]","[562217,558181,561656]"
cbsd68_0053,zlpng,4,8,174641,463203,763781,536748,1,1,3,"[763090,932534,763781]","[545341,536748,522507]"
cbsd68_0053,zlpng,5,1,166691,463203,2654558,527425,1,1,3,"[2659104,2650301,2654558]","[527425,525181,528135]"
cbsd68_0053,zlpng,5,8,166691,463203,1663545,467214,1,1,3,"[1678478,1663545,1656895]","[309356,476307,467214]"
cbsd68_0053,zlpng,6,1,165239,463203,3542205,504830,1,1,3,"[3542205,3519269,3542565]","[508455,504439,504830]"
cbsd68_0053,zlpng,6,8,165239,463203,2018320,483087,1,1,3,"[2018320,2014073,2020493]","[483087,299271,485551]"
cbsd68_0053,zlpng,7,1,163511,463203,3971631,496217,1,1,3,"[3971631,3981636,3937409]","[496217,497139,494575]"
cbsd68_0053,zlpng,7,8,163511,463203,2303669,442656,1,1,3,"[2378582,2281656,2303669]","[442656,448796,442236]"
cbsd68_0053,zlpng,8,1,142367,463203,15222815,1505127,1,1,3,"[15222815,15188523,15228634]","[1507470,1504686,1505127]"
cbsd68_0053,zlpng,8,8,142367,463203,8195532,1334680,1,1,3,"[8174270,8204035,8195532]","[802659,1475111,1334680]"
sk_cells3d_z00_c0,original_zpng,0,1,93946,131072,110546,73741,1,1,3,"[112319,109946,110546]","[73330,73741,73862]"
sk_cells3d_z00_c0,png,0,1,95292,131072,6071434,681476,1,1,3,"[6003961,6077442,6071434]","[677571,684721,681476]"
sk_cells3d_z00_c0,zlpng,1,1,94687,131072,116376,107191,1,1,3,"[118088,116376,116235]","[108573,107191,107112]"
sk_cells3d_z00_c0,zlpng,1,8,94687,131072,114463,106370,1,1,3,"[116245,106600,114463]","[107161,103606,106370]"
sk_cells3d_z00_c0,zlpng,2,1,81681,131072,559642,139240,1,1,3,"[566463,557099,559642]","[141674,135824,139240]"
sk_cells3d_z00_c0,zlpng,2,8,81681,131072,560855,137988,1,1,3,"[559914,566683,560855]","[136796,142004,137988]"
sk_cells3d_z00_c0,zlpng,3,1,81681,131072,714746,139230,1,1,3,"[715498,707786,714746]","[140000,135164,139230]"
sk_cells3d_z00_c0,zlpng,3,8,81681,131072,714977,139731,1,1,3,"[714977,717560,710610]","[143456,139731,138057]"
sk_cells3d_z00_c0,zlpng,4,1,81681,131072,734436,141052,1,1,3,"[734436,732323,736339]","[138969,141052,141593]"
sk_cells3d_z00_c0,zlpng,4,8,81681,131072,729328,140051,1,1,3,"[729018,729328,734546]","[137698,140051,142605]"
sk_cells3d_z00_c0,zlpng,5,1,81677,131072,799894,140582,1,1,3,"[801638,799894,798302]","[138248,140582,140832]"
sk_cells3d_z00_c0,zlpng,5,8,81677,131072,792684,139370,1,1,3,"[793224,789499,792684]","[139370,137607,141232]"
sk_cells3d_z00_c0,zlpng,6,1,81677,131072,1013837,140101,1,1,3,"[1021148,1012635,1013837]","[140302,140101,139279]"
sk_cells3d_z00_c0,zlpng,6,8,81677,131072,1022339,138809,1,1,3,"[1010191,1023762,1022339]","[137918,138809,144428]"
sk_cells3d_z00_c0,zlpng,7,1,81677,131072,1241019,141564,1,1,3,"[1249222,1229031,1241019]","[141873,141564,139871]"
sk_cells3d_z00_c0,zlpng,7,8,81677,131072,1239997,138509,1,1,3,"[1241810,1236602,1239997]","[140011,138348,138509]"
sk_cells3d_z00_c0,zlpng,8,1,77758,131072,1959701,157157,1,1,3,"[1959701,1992971,1945139]","[156756,157938,157157]"
sk_cells3d_z00_c0,zlpng,8,8,77758,131072,1984659,157076,1,1,3,"[1984659,1951429,1985791]","[157397,156415,157076]"
sk_kidney_z15_c2,original_zpng,0,1,319319,524288,897602,319702,1,1,3,"[899294,897602,895088]","[319702,320072,318810]"
sk_kidney_z15_c2,png,0,1,312640,524288,53944057,3635335,1,1,3,"[53962494,53944057,53933831]","[3632220,3640403,3635335]"
sk_kidney_z15_c2,zlpng,1,1,322538,524288,451550,434394,1,1,3,"[451550,439071,454635]","[435626,429888,434394]"
sk_kidney_z15_c2,zlpng,1,8,322538,524288,548907,469416,1,1,3,"[548907,552872,512812]","[485912,240112,469416]"
sk_kidney_z15_c2,zlpng,2,1,274547,524288,2114464,689138,1,1,3,"[2124580,2102306,2114464]","[693063,688236,689138]"
sk_kidney_z15_c2,zlpng,2,8,274547,524288,1615383,752063,1,1,3,"[1329542,2027103,1615383]","[381405,777951,752063]"
sk_kidney_z15_c2,zlpng,3,1,274507,524288,2618684,689017,1,1,3,"[2618684,2618323,2619816]","[690159,686925,689017]"
sk_kidney_z15_c2,zlpng,3,8,274507,524288,2257650,757741,1,1,3,"[2413695,1502622,2257650]","[757741,616207,760926]"
sk_kidney_z15_c2,zlpng,4,1,274507,524288,2624763,692102,1,1,3,"[2624763,2627467,2621197]","[692102,692663,688497]"
sk_kidney_z15_c2,zlpng,4,8,274507,524288,1995806,392932,1,1,3,"[1995806,2010367,1916917]","[392932,726244,383227]"
sk_kidney_z15_c2,zlpng,5,1,270720,524288,4560468,676850,1,1,3,"[4560468,4554699,4783353]","[682688,676850,675748]"
sk_kidney_z15_c2,zlpng,5,8,270720,524288,3161711,741177,1,1,3,"[3144095,3161711,3239148]","[741177,386773,741467]"
sk_kidney_z15_c2,zlpng,6,1,270720,524288,4780028,678362,1,1,3,"[4790404,4780028,4769072]","[676258,680615,678362]"
sk_kidney_z15_c2,zlpng,6,8,270720,524288,2893207,471369,1,1,3,"[2893207,3703137,2785014]","[471369,383438,735047]"
sk_kidney_z15_c2,zlpng,7,1,270720,524288,4999820,677810,1,1,3,"[4996214,5010486,4999820]","[673594,677810,678892]"
sk_kidney_z15_c2,zlpng,7,8,270720,524288,3841896,652152,1,1,3,"[3841896,3190325,4165193]","[755568,592642,652152]"
sk_kidney_z15_c2,zlpng,8,1,238431,524288,7213764,642057,1,1,3,"[7213033,7213764,7298702]","[639172,642738,642057]"
sk_kidney_z15_c2,zlpng,8,8,238431,524288,3945182,641616,1,1,3,"[3945182,3888566,4296260]","[641616,592341,666724]"
cbsd68_0009,original_zpng,0,1,169077,463203,935198,425401,1,1,3,"[937452,932494,935198]","[425370,425401,427975]"
cbsd68_0009,png,0,1,203213,463203,17046972,2059822,1,1,3,"[17018779,17046972,17049496]","[2059822,2063548,2057739]"
cbsd68_0009,zlpng,1,1,153199,463203,642878,346311,1,1,3,"[648577,642878,638662]","[347173,341665,346311]"
cbsd68_0009,zlpng,1,8,153199,463203,635747,334944,1,1,3,"[635747,366262,660304]","[334944,204768,343718]"
cbsd68_0009,zlpng,2,1,152598,463203,737371,474484,1,1,3,"[728036,743821,737371]","[473123,474484,476898]"
cbsd68_0009,zlpng,2,8,152598,463203,422687,474815,1,1,3,"[422687,388255,606634]","[262775,496107,474815]"
cbsd68_0009,zlpng,3,1,156046,463203,1064533,483699,1,1,3,"[1064533,1054508,1066916]","[490438,481085,483699]"
cbsd68_0009,zlpng,3,8,156046,463203,1075750,513654,1,1,3,"[1118945,826254,1075750]","[513654,265470,516929]"
cbsd68_0009,zlpng,4,1,161317,463203,1253328,518831,1,1,3,"[1248079,1262651,1253328]","[515457,518952,518831]"
cbsd68_0009,zlpng,4,8,161317,463203,1115981,494404,1,1,3,"[941328,1115981,1137002]","[494404,285730,526093]"
cbsd68_0009,zlpng,5,1,154404,463203,2366904,482877,1,1,3,"[2366664,2387986,2366904]","[481325,482877,487234]"
cbsd68_0009,zlpng,5,8,154404,463203,1656946,474535,1,1,3,"[1434129,1856215,1656946]","[474535,499503,267342]"
cbsd68_0009,zlpng,6,1,153545,463203,2917073,471931,1,1,3,"[2923092,2916001,2917073]","[472582,471810,471931]"
cbsd68_0009,zlpng,6,8,153545,463203,1934493,309446,1,1,3,"[1517875,1934493,1983577]","[261704,309446,324418]"
cbsd68_0009,zlpng,7,1,152155,463203,3295784,460283,1,1,3,"[3324717,3295784,3292589]","[460283,461385,458911]"
cbsd68_0009,zlpng,7,8,152155,463203,1767912,455336,1,1,3,"[2114795,1767912,1736144]","[455336,476027,305530]"
cbsd68_0009,zlpng,8,1,143430,463203,13189693,1205836,1,1,3,"[13161170,13198647,13189693]","[1205836,1207328,1204634]"
cbsd68_0009,zlpng,8,8,143430,463203,7682360,1008388,1,1,3,"[7682360,7670312,7682780]","[983781,1008388,1174178]"
sk_kidney_z08_c0,original_zpng,0,1,389363,524288,456117,334744,1,1,3,"[456788,456117,450218]","[335425,333282,334744]"
sk_kidney_z08_c0,png,0,1,388636,524288,27209556,2699085,1,1,3,"[27205069,27209556,27235205]","[2703872,2699085,2697862]"
sk_kidney_z08_c0,zlpng,1,1,382632,524288,420894,429987,1,1,3,"[659654,420894,412802]","[429987,432231,427473]"
sk_kidney_z08_c0,zlpng,1,8,382632,524288,481666,462797,1,1,3,"[517709,481666,478571]","[461005,462797,468866]"
sk_kidney_z08_c0,zlpng,2,1,330019,524288,2369739,574555,1,1,3,"[2378963,2367986,2369739]","[574785,570759,574555]"
sk_kidney_z08_c0,zlpng,2,8,330019,524288,1495843,577620,1,1,3,"[1320688,1566950,1495843]","[577620,603879,315575]"
sk_kidney_z08_c0,zlpng,3,1,330038,524288,2941209,573553,1,1,3,"[2924003,2948831,2941209]","[573534,575086,573553]"
sk_kidney_z08_c0,zlpng,3,8,330038,524288,1521030,581095,1,1,3,"[2331011,1521030,1517685]","[581095,574264,597991]"
sk_kidney_z08_c0,zlpng,4,1,330038,524288,3080128,574144,1,1,3,"[3058816,3080780,3080128]","[573965,577199,574144]"
sk_kidney_z08_c0,zlpng,4,8,330038,524288,2224410,570529,1,1,3,"[2633936,2224410,1623425]","[306812,618751,570529]"
sk_kidney_z08_c0,zlpng,5,1,329019,524288,3916378,606904,1,1,3,"[3934986,3916378,3907755]","[612733,606904,605192]"
sk_kidney_z08_c0,zlpng,5,8,329019,524288,3202282,609328,1,1,3,"[3333690,2368277,3202282]","[679863,507244,609328]"
sk_kidney_z08_c0,zlpng,6,1,329019,524288,4504073,608586,1,1,3,"[4508990,4504073,4482350]","[610740,605602,608586]"
sk_kidney_z08_c0,zlpng,6,8,329019,524288,3169884,638531,1,1,3,"[3169884,3453611,3009773]","[670720,342606,638531]"
sk_kidney_z08_c0,zlpng,7,1,329019,524288,5172179,608416,1,1,3,"[5174802,5166150,5172179]","[607224,608416,614325]"
sk_kidney_z08_c0,zlpng,7,8,329019,524288,3665510,622047,1,1,3,"[3665510,3790699,3230765]","[622047,656949,592292]"
sk_kidney_z08_c0,zlpng,8,1,315968,524288,7876061,794857,1,1,3,"[7894889,7876061,7842661]","[794857,796229,794176]"
sk_kidney_z08_c0,zlpng,8,8,315968,524288,4500046,640314,1,1,3,"[4873199,4095198,4500046]","[580705,864862,640314]"
sk_kidney_z15_c0,original_zpng,0,1,301209,524288,700244,283287,1,1,3,"[705372,699543,700244]","[283177,283287,285960]"
sk_kidney_z15_c0,png,0,1,295703,524288,63067656,2356860,1,1,3,"[63060616,63100406,63067656]","[2353484,2356860,2358182]"
sk_kidney_z15_c0,zlpng,1,1,322837,524288,463107,428275,1,1,3,"[466623,463107,456437]","[427574,428275,429347]"
sk_kidney_z15_c0,zlpng,1,8,322837,524288,517459,455656,1,1,3,"[507835,545121,517459]","[462246,234263,455656]"
sk_kidney_z15_c0,zlpng,2,1,270127,524288,2122607,703940,1,1,3,"[2122607,2131700,2122085]","[702077,715116,703940]"
sk_kidney_z15_c0,zlpng,2,8,270127,524288,1691998,466442,1,1,3,"[1691998,1316743,1761653]","[596448,370088,466442]"
sk_kidney_z15_c0,zlpng,3,1,270144,524288,2623400,701837,1,1,3,"[2619915,2623400,2635409]","[701837,701367,705602]"
sk_kidney_z15_c0,zlpng,3,8,270144,524288,1700461,633083,1,1,3,"[1357635,1700461,1968575]","[753635,380534,633083]"
sk_kidney_z15_c0,zlpng,4,1,270144,524288,2622890,705662,1,1,3,"[2622900,2622890,2603120]","[705662,709067,702578]"
sk_kidney_z15_c0,zlpng,4,8,270144,524288,2032110,675257,1,1,3,"[2212442,1862315,2032110]","[760095,610309,675257]"
sk_kidney_z15_c0,zlpng,5,1,267250,524288,4706458,703068,1,1,3,"[4704595,4711816,4706458]","[702689,703329,703068]"
sk_kidney_z15_c0,zlpng,5,8,267250,524288,3472920,799394,1,1,3,"[3549836,2938335,3472920]","[808308,799394,589878]"
sk_kidney_z15_c0,zlpng,6,1,267248,524288,4877816,705162,1,1,3,"[4870434,4877816,4906819]","[704511,705883,705162]"
sk_kidney_z15_c0,zlpng,6,8,267248,524288,3497687,682088,1,1,3,"[3131315,3805692,3497687]","[682088,818823,622738]"
sk_kidney_z15_c0,zlpng,7,1,267191,524288,5193181,703719,1,1,3,"[5193181,5199129,5183706]","[703719,705111,700175]"
sk_kidney_z15_c0,zlpng,7,8,267191,524288,3702295,791422,1,1,3,"[3803959,3702295,3521383]","[720245,831512,791422]"
sk_kidney_z15_c0,zlpng,8,1,229549,524288,6760952,590169,1,1,3,"[6761773,6760952,6757857]","[571100,598631,590169]"
sk_kidney_z15_c0,zlpng,8,8,229549,524288,3946463,319551,1,1,3,"[4026023,3800864,3946463]","[315515,319551,608046]"
syn_correlated_0,original_zpng,0,1,124842,589824,266672,235434,1,1,3,"[314674,266672,266561]","[236296,235434,234613]"
syn_correlated_0,png,0,1,180750,589824,24617112,2457802,1,1,3,"[24609220,24660608,24617112]","[2458673,2453084,2457802]"
syn_correlated_0,zlpng,1,1,109480,589824,185699,374514,1,1,3,"[186321,185269,185699]","[372781,376717,374514]"
syn_correlated_0,zlpng,1,8,109480,589824,186681,194903,1,1,3,"[209715,103095,186681]","[194903,182655,207212]"
syn_correlated_0,zlpng,2,1,108839,589824,173522,354994,1,1,3,"[173591,172771,173522]","[353893,354994,358299]"
syn_correlated_0,zlpng,2,8,108839,589824,99830,179300,1,1,3,"[100602,99830,99159]","[167582,332941,179300]"
syn_correlated_0,zlpng,3,1,109060,589824,253632,360553,1,1,3,"[259651,253632,252591]","[360553,358700,363457]"
syn_correlated_0,zlpng,3,8,109060,589824,342897,191088,1,1,3,"[342897,163637,368245]","[360272,191088,190357]"
syn_correlated_0,zlpng,4,1,115058,589824,894857,434685,1,1,3,"[894838,894857,908508]","[434685,432190,443548]"
syn_correlated_0,zlpng,4,8,115058,589824,762929,210678,1,1,3,"[762929,519683,934077]","[210678,210627,421444]"
syn_correlated_0,zlpng,5,1,110045,589824,963772,399141,1,1,3,"[960447,963772,971784]","[400843,396096,399141]"
syn_correlated_0,zlpng,5,8,110045,589824,530579,364710,1,1,3,"[524870,1017943,530579]","[187092,370558,364710]"
syn_correlated_0,zlpng,6,1,110173,589824,1077953,401425,1,1,3,"[1077152,1077953,1090873]","[400964,401425,408035]"
syn_correlated_0,zlpng,6,8,110173,589824,798222,207342,1,1,3,"[798222,825343,548576]","[401775,207342,188865]"
syn_correlated_0,zlpng,7,1,110155,589824,1163713,403267,1,1,3,"[1171985,1163713,1157403]","[406292,401284,403267]"
syn_correlated_0,zlpng,7,8,110155,589824,844342,201564,1,1,3,"[690850,844342,1003641]","[186911,363337,201564]"
syn_correlated_0,zlpng,8,1,175782,589824,34710853,1465547,1,1,3,"[34762822,34642380,34710853]","[1466518,1435301,1465547]"
syn_correlated_0,zlpng,8,8,175782,589824,17088194,942359,1,1,3,"[17228365,17081794,17088194]","[986967,942359,923731]"
syn_phantom16_0,original_zpng,0,1,3437,393216,128754,120051,1,1,3,"[128754,127872,131508]","[120051,120872,119120]"
syn_phantom16_0,png,0,1,4256,393216,1998160,567835,1,1,3,"[1998370,1998160,1974073]","[574104,567835,564440]"
syn_phantom16_0,zlpng,1,1,5019,393216,107181,292841,1,1,3,"[107181,106000,111388]","[292841,291890,293422]"
syn_phantom16_0,zlpng,1,8,5019,393216,80441,228795,1,1,3,"[80441,69795,117477]","[198239,237548,228795]"
syn_phantom16_0,zlpng,2,1,3973,393216,194133,304188,1,1,3,"[194133,188884,198710]","[305099,304188,303907]"
syn_phantom16_0,zlpng,2,8,3973,393216,170747,234323,1,1,3,"[125339,170747,182284]","[207793,234323,276998]"
syn_phantom16_0,zlpng,3,1,3718,393216,210968,300813,1,1,3,"[210968,205349,214363]","[300402,300813,301124]"
syn_phantom16_0,zlpng,3,8,3718,393216,180662,235695,1,1,3,"[140151,190517,180662]","[235695,205019,241094]"
syn_phantom16_0,zlpng,4,1,3718,393216,204849,302035,1,1,3,"[204748,212840,204849]","[302035,302506,300152]"
syn_phantom16_0,zlpng,4,8,3718,393216,174933,231108,1,1,3,"[202966,174933,148303]","[257738,231108,206992]"
syn_phantom16_0,zlpng,5,1,3328,393216,734777,298679,1,1,3,"[730630,749489,734777]","[294463,298679,299871]"
syn_phantom16_0,zlpng,5,8,3328,393216,501586,241104,1,1,3,"[501586,498831,520074]","[256296,241104,239851]"
syn_phantom16_0,zlpng,6,1,3328,393216,731251,296497,1,1,3,"[746845,729849,731251]","[297819,296497,295515]"
syn_phantom16_0,zlpng,6,8,3328,393216,521866,242935,1,1,3,"[506372,521866,571090]","[242935,204508,245079]"
syn_phantom16_0,zlpng,7,1,3328,393216,730409,296356,1,1,3,"[731782,730409,722659]","[301434,296356,295505]"
syn_phantom16_0,zlpng,7,8,3328,393216,562567,204017,1,1,3,"[583278,562567,495876]","[258920,204017,201754]"
syn_phantom16_0,zlpng,8,1,2396,393216,2113743,291499,1,1,3,"[2124769,2112341,2113743]","[291499,291950,288114]"
syn_phantom16_0,zlpng,8,8,2396,393216,1372387,226811,1,1,3,"[1371095,1372387,1389933]","[241744,226811,226051]"
cbsd68_0021,original_zpng,0,1,223980,463203,1009640,465120,1,1,3,"[1009640,1005865,1012155]","[465120,461705,469607]"
cbsd68_0021,png,0,1,297080,463203,23413630,1916336,1,1,3,"[23402814,23418056,23413630]","[1916336,1923587,1912861]"
cbsd68_0021,zlpng,1,1,206912,463203,793555,360783,1,1,3,"[793555,788778,793846]","[360783,357008,365440]"
cbsd68_0021,zlpng,1,8,206912,463203,762178,330808,1,1,3,"[616468,762178,772403]","[368916,210567,330808]"
cbsd68_0021,zlpng,2,1,212660,463203,858473,530679,1,1,3,"[857972,858473,861267]","[529037,530679,533584]"
cbsd68_0021,zlpng,2,8,212660,463203,742949,303547,1,1,3,"[828318,481125,742949]","[303547,301904,494555]"
cbsd68_0021,zlpng,3,1,215015,463203,1204584,529738,1,1,3,"[1199206,1204584,1214058]","[529627,529738,531070]"
cbsd68_0021,zlpng,3,8,215015,463203,961488,510068,1,1,3,"[961488,1022670,837491]","[510068,521716,506633]"
cbsd68_0021,zlpng,4,1,221180,463203,1504966,577490,1,1,3,"[1490164,1504966,1548392]","[577570,577490,577359]"
cbsd68_0021,zlpng,4,8,221180,463203,1127218,545121,1,1,3,"[1293758,806314,1127218]","[545121,327704,548536]"
cbsd68_0021,zlpng,5,1,213186,463203,2540606,538581,1,1,3,"[2540606,2546455,2526474]","[538581,539312,537870]"
cbsd68_0021,zlpng,5,8,213186,463203,1654291,498320,1,1,3,"[1620750,1680571,1654291]","[310007,498320,499473]"
cbsd68_0021,zlpng,6,1,212213,463203,3109142,528115,1,1,3,"[3109142,3086478,3130304]","[524971,528115,529117]"
cbsd68_0021,zlpng,6,8,212213,463203,1914052,496768,1,1,3,"[1914052,1929046,1869997]","[518431,496768,496718]"
cbsd68_0021,zlpng,7,1,211063,463203,3551339,516027,1,1,3,"[3551339,3554873,3543657]","[515997,516027,516668]"
cbsd68_0021,zlpng,7,8,211063,463203,2130148,497118,1,1,3,"[2142236,2130148,2126002]","[296416,499081,497118]"
cbsd68_0021,zlpng,8,1,193163,463203,16140076,1496714,1,1,3,"[16137062,16140076,16162921]","[1500450,1496714,1495923]"
cbsd68_0021,zlpng,8,8,193163,463203,8405227,1046005,1,1,3,"[8411557,8392459,8405227]","[1123843,1039816,1046005]"
r3_syn_run_mosaic_0,original_zpng,0,1,291,296835,87272,93611,1,1,3,"[88693,87272,86090]","[94913,93611,93150]"
r3_syn_run_mosaic_0,png,0,1,1094,296835,1397885,465061,1,1,3,"[1399808,1397885,1387901]","[465061,466302,460874]"
r3_syn_run_mosaic_0,zlpng,1,1,611,296835,60180,165739,1,1,3,"[62815,57837,60180]","[165739,167392,164979]"
r3_syn_run_mosaic_0,zlpng,1,8,611,296835,44968,142765,1,1,3,"[44968,44036,70516]","[141513,142765,158629]"
r3_syn_run_mosaic_0,zlpng,2,1,423,296835,51517,166191,1,1,3,"[52059,50175,51517]","[173190,162655,166191]"
r3_syn_run_mosaic_0,zlpng,2,8,423,296835,52529,149245,1,1,3,"[52529,43876,56145]","[149245,149205,151839]"
r3_syn_run_mosaic_0,zlpng,3,1,432,296835,51377,157447,1,1,3,"[49214,52569,51377]","[157447,159120,156075]"
r3_syn_run_mosaic_0,zlpng,3,8,432,296835,44868,142074,1,1,3,"[44868,50747,41883]","[140912,142294,142074]"
r3_syn_run_mosaic_0,zlpng,4,1,444,296835,58307,154943,1,1,3,"[59510,58307,57767]","[154943,154943,154322]"
r3_syn_run_mosaic_0,zlpng,4,8,444,296835,53871,142545,1,1,3,"[71728,49965,53871]","[142545,142274,143326]"
r3_syn_run_mosaic_0,zlpng,5,1,391,296835,51898,151869,1,1,3,"[51898,50286,52298]","[151869,151348,152069]"
r3_syn_run_mosaic_0,zlpng,5,8,391,296835,50046,139500,1,1,3,"[72579,50046,49515]","[138959,143386,139500]"
r3_syn_run_mosaic_0,zlpng,6,1,391,296835,57517,151738,1,1,3,"[59649,57517,55784]","[151969,151738,151478]"
r3_syn_run_mosaic_0,zlpng,6,8,391,296835,47231,139810,1,1,3,"[47231,44917,56646]","[138879,142244,139810]"
r3_syn_run_mosaic_0,zlpng,7,1,332,296835,78208,152420,1,1,3,"[78529,78208,75523]","[152359,152910,152420]"
r3_syn_run_mosaic_0,zlpng,7,8,332,296835,68994,141723,1,1,3,"[65559,68994,72959]","[142855,141723,139170]"
r3_syn_run_mosaic_0,zlpng,8,1,339,296835,2320385,178649,1,1,3,"[2320385,2347264,2308637]","[178809,178379,178649]"
r3_syn_run_mosaic_0,zlpng,8,8,339,296835,2047844,136055,1,1,3,"[2038771,2054064,2047844]","[135554,136485,136055]"
cbsd68_0038,original_zpng,0,1,163205,463203,1084322,459522,1,1,3,"[1087658,1082250,1084322]","[459782,459522,459441]"
cbsd68_0038,png,0,1,199895,463203,24063479,2347205,1,1,3,"[24097480,24063479,24057860]","[2347205,2349177,2346484]"
cbsd68_0038,zlpng,1,1,148152,463203,818352,355956,1,1,3,"[823650,818352,814276]","[358370,355956,354224]"
cbsd68_0038,zlpng,1,8,148152,463203,605071,345210,1,1,3,"[605071,446903,821987]","[345210,349506,210578]"
cbsd68_0038,zlpng,2,1,148730,463203,892584,517740,1,1,3,"[896780,891463,892584]","[518010,516578,517740]"
cbsd68_0038,zlpng,2,8,148730,463203,893185,480674,1,1,3,"[893185,877792,921127]","[480744,443738,480674]"
cbsd68_0038,zlpng,3,1,151207,463203,1151605,509146,1,1,3,"[1140387,1151605,1161308]","[507475,509146,511431]"
cbsd68_0038,zlpng,3,8,151207,463203,909509,491350,1,1,3,"[917291,909509,776640]","[491350,504650,473263]"
cbsd68_0038,zlpng,4,1,157662,463203,1340689,549087,1,1,3,"[1334610,1342612,1340689]","[544790,551681,549087]"
cbsd68_0038,zlpng,4,8,157662,463203,866985,505501,1,1,3,"[1027096,727495,866985]","[516267,505501,313962]"
cbsd68_0038,zlpng,5,1,149638,463203,2525063,518080,1,1,3,"[2525063,2532704,2518523]","[518080,516928,519132]"
cbsd68_0038,zlpng,5,8,149638,463203,1720411,490619,1,1,3,"[1720411,1727671,1439739]","[490619,508907,329336]"
cbsd68_0038,zlpng,6,1,148193,463203,3224275,503769,1,1,3,"[3238657,3224275,3212819]","[503769,503809,500744]"
cbsd68_0038,zlpng,6,8,148193,463203,1864548,481515,1,1,3,"[1864548,1784667,2210289]","[481515,490960,463017]"
cbsd68_0038,zlpng,7,1,146635,463203,3658300,489106,1,1,3,"[3659221,3656957,3658300]","[493894,487384,489106]"
cbsd68_0038,zlpng,7,8,146635,463203,2280193,471339,1,1,3,"[2298060,2187444,2280193]","[471339,490539,280812]"
cbsd68_0038,zlpng,8,1,129613,463203,14311663,1412027,1,1,3,"[14311663,14357602,14308287]","[1410263,1414550,1412027]"
cbsd68_0038,zlpng,8,8,129613,463203,8028962,1106947,1,1,3,"[8020548,8043744,8028962]","[1208080,1083582,1106947]"
r3_fluent_whale,original_zpng,0,1,32139,262144,340262,179140,1,1,3,"[342916,340262,337048]","[179140,180752,176696]"
r3_fluent_whale,png,0,1,29994,262144,5812563,603599,1,1,3,"[5812563,5804171,5816409]","[603629,599453,603599]"
r3_fluent_whale,zlpng,1,1,38184,262144,281103,157688,1,1,3,"[280082,288745,281103]","[155875,157688,161934]"
r3_fluent_whale,zlpng,1,8,38184,262144,284698,155544,1,1,3,"[286482,276066,284698]","[157828,154833,155544]"
r3_fluent_whale,zlpng,2,1,37810,262144,296226,206671,1,1,3,"[296226,300242,293652]","[206671,205710,208424]"
r3_fluent_whale,zlpng,2,8,37810,262144,289196,205840,1,1,3,"[289196,285661,297098]","[206511,201964,205840]"
r3_fluent_whale,zlpng,3,1,37398,262144,345460,192210,1,1,3,"[345460,345240,347343]","[192210,191839,195825]"
r3_fluent_whale,zlpng,3,8,37398,262144,345550,195074,1,1,3,"[349195,345550,344419]","[195074,195224,193492]"
r3_fluent_whale,zlpng,4,1,37801,262144,361064,201544,1,1,3,"[355816,361064,361074]","[198429,205600,201544]"
r3_fluent_whale,zlpng,4,8,37801,262144,366432,201874,1,1,3,"[366181,366452,366432]","[201554,205640,201874]"
r3_fluent_whale,zlpng,5,1,36603,262144,966084,201454,1,1,3,"[985363,961157,966084]","[201454,199621,202535]"
r3_fluent_whale,zlpng,5,8,36603,262144,982259,202646,1,1,3,"[983271,982259,979465]","[204338,201333,202646]"
r3_fluent_whale,zlpng,6,1,35971,262144,1292726,192420,1,1,3,"[1292726,1290142,1293167]","[192741,191849,192420]"
r3_fluent_whale,zlpng,6,8,35971,262144,1291484,194012,1,1,3,"[1294319,1291484,1287068]","[194012,194432,192630]"
r3_fluent_whale,zlpng,7,1,35489,262144,1416913,194322,1,1,3,"[1397765,1416913,1417515]","[194322,194053,194413]"
r3_fluent_whale,zlpng,7,8,35489,262144,1403614,193642,1,1,3,"[1409593,1395131,1403614]","[194303,192400,193642]"
r3_fluent_whale,zlpng,8,1,31483,262144,5539543,395946,1,1,3,"[5539543,5559042,5521946]","[397789,394464,395946]"
r3_fluent_whale,zlpng,8,8,31483,262144,5543929,396217,1,1,3,"[5538431,5543929,5565762]","[396217,395316,399081]"
sk_brick,original_zpng,0,1,144460,262144,837671,257678,1,1,3,"[837671,840095,834096]","[256767,257678,261253]"
sk_brick,png,0,1,108702,262144,17760086,1452528,1,1,3,"[17890291,17760086,17756130]","[1454531,1443644,1452528]"
sk_brick,zlpng,1,1,108068,262144,573794,381514,1,1,3,"[570630,574284,573794]","[381514,381014,381664]"
sk_brick,zlpng,1,8,108068,262144,571060,383708,1,1,3,"[568076,571060,577379]","[383708,385150,382206]"
sk_brick,zlpng,2,1,109114,262144,632252,469136,1,1,3,"[632513,632252,631431]","[470288,468496,469136]"
sk_brick,zlpng,2,8,109114,262144,630719,467204,1,1,3,"[624740,632752,630719]","[467204,469266,466964]"
sk_brick,zlpng,3,1,111979,262144,853575,471780,1,1,3,"[854997,851823,853575]","[471871,471780,469347]"
sk_brick,zlpng,3,8,111979,262144,854477,471290,1,1,3,"[854286,856620,854477]","[471290,471340,471240]"
sk_brick,zlpng,4,1,117473,262144,1027818,498971,1,1,3,"[1034888,1025234,1027818]","[502176,497950,498971]"
sk_brick,zlpng,4,8,117473,262144,1025385,500343,1,1,3,"[1023782,1037603,1025385]","[496898,500343,501174]"
sk_brick,zlpng,5,1,111319,262144,1743495,480213,1,1,3,"[1733581,1749124,1743495]","[479942,480213,481165]"
sk_brick,zlpng,5,8,111319,262144,1739369,481294,1,1,3,"[1750987,1739369,1735714]","[482797,481294,480213]"
sk_brick,zlpng,6,1,110419,262144,2364080,473744,1,1,3,"[2349428,2364080,2373284]","[473744,473082,475516]"
sk_brick,zlpng,6,8,110419,262144,2363299,470128,1,1,3,"[2325612,2363299,2378282]","[470128,472381,469667]"
sk_brick,zlpng,7,1,109893,262144,2556520,474915,1,1,3,"[2549590,2556520,2560667]","[476057,472031,474915]"
sk_brick,zlpng,7,8,109893,262144,2553906,473102,1,1,3,"[2532163,2553906,2607166]","[472401,475256,473102]"
sk_brick,zlpng,8,1,99458,262144,9686998,1290433,1,1,3,"[9694539,9686998,9674430]","[1289492,1294219,1290433]"
sk_brick,zlpng,8,8,99458,262144,9661079,1292717,1,1,3,"[9627479,9661079,9671034]","[1297324,1292717,1290062]"
r3_syn_bias_field_1,original_zpng,0,1,273312,787456,2269317,722178,1,1,3,"[2269317,2268756,2276959]","[722178,720185,727646]"
r3_syn_bias_field_1,png,0,1,242441,787456,55513981,2320975,1,1,3,"[55510686,55513981,55577938]","[2320975,2306834,2321436]"
r3_syn_bias_field_1,zlpng,1,1,249446,787456,1947623,697831,1,1,3,"[1947623,1946451,1957699]","[693915,706064,697831]"
r3_syn_bias_field_1,zlpng,1,8,249446,787456,1325456,496558,1,1,3,"[1212837,1325456,1378977]","[258199,496558,498931]"
r3_syn_bias_field_1,zlpng,2,1,241035,787456,2721779,1375662,1,1,3,"[2740096,2715820,2721779]","[1375662,1368110,1390554]"
r3_syn_bias_field_1,zlpng,2,8,241035,787456,1385737,846666,1,1,3,"[1385737,1569684,1375882]","[1009530,765062,846666]"
r3_syn_bias_field_1,zlpng,3,1,229015,787456,2313705,1236923,1,1,3,"[2313705,2324951,2303028]","[1236923,1238045,1236503]"
r3_syn_bias_field_1,zlpng,3,8,229015,787456,1257604,434925,1,1,3,"[1257604,989741,1485197]","[860205,431900,434925]"
r3_syn_bias_field_1,zlpng,4,1,229015,787456,2291821,1233167,1,1,3,"[2299343,2291671,2291821]","[1229662,1237955,1233167]"
r3_syn_bias_field_1,zlpng,4,8,229015,787456,1362391,721767,1,1,3,"[1641732,1044533,1362391]","[721767,823491,633304]"
r3_syn_bias_field_1,zlpng,5,1,222017,787456,6500900,1284625,1,1,3,"[6485537,6500900,6509433]","[1284655,1284625,1282061]"
r3_syn_bias_field_1,zlpng,5,8,222017,787456,2645514,845924,1,1,3,"[2645514,2869291,2582359]","[845924,886245,688186]"
r3_syn_bias_field_1,zlpng,6,1,222017,787456,6494601,1282491,1,1,3,"[6485747,6494601,6510124]","[1282271,1282491,1286367]"
r3_syn_bias_field_1,zlpng,6,8,222017,787456,3021941,904782,1,1,3,"[3080909,3021941,2939096]","[890041,904782,923401]"
r3_syn_bias_field_1,zlpng,7,1,222017,787456,6526609,1282081,1,1,3,"[6526609,6523504,6633981]","[1282081,1272706,1282541]"
r3_syn_bias_field_1,zlpng,7,8,222017,787456,2593255,883701,1,1,3,"[2590822,3161131,2593255]","[465100,893746,883701]"
r3_syn_bias_field_1,zlpng,8,1,181099,787456,9599045,848688,1,1,3,"[9597503,9599045,9600658]","[849019,846125,848688]"
r3_syn_bias_field_1,zlpng,8,8,181099,787456,3727944,610790,1,1,3,"[3470136,3727944,3839812]","[614966,610790,511501]"
r3_dicom_mr2_uncr_f0,original_zpng,0,1,885790,2097152,3949568,1398716,1,1,3,"[3949568,3956829,3943108]","[1408301,1398716,1378987]"
r3_dicom_mr2_uncr_f0,png,0,1,804615,2097152,164296582,7343209,1,1,3,"[164208199,164296582,164298154]","[7343579,7343209,7324841]"
r3_dicom_mr2_uncr_f0,zlpng,1,1,892642,2097152,3119138,1886551,1,1,3,"[3119138,3146558,3099608]","[1888854,1886551,1868324]"
r3_dicom_mr2_uncr_f0,zlpng,1,8,892642,2097152,1141630,317689,1,1,3,"[1141630,581806,1175400]","[311058,317689,338429]"
r3_dicom_mr2_uncr_f0,zlpng,2,1,753780,2097152,6424065,2700016,1,1,3,"[6424065,6436793,6388250]","[2700016,2702700,2687998]"
r3_dicom_mr2_uncr_f0,zlpng,2,8,753780,2097152,1230293,449377,1,1,3,"[1149251,1727872,1230293]","[449377,466663,442506]"
r3_dicom_mr2_uncr_f0,zlpng,3,1,752275,2097152,7942191,2637312,1,1,3,"[7927688,7946577,7942191]","[2637252,2637312,2643191]"
r3_dicom_mr2_uncr_f0,zlpng,3,8,752275,2097152,1944799,467684,1,1,3,"[1595093,1992871,1944799]","[463848,468856,467684]"
r3_dicom_mr2_uncr_f0,zlpng,4,1,752275,2097152,7895230,2637281,1,1,3,"[7813717,7921339,7895230]","[2637281,2646545,2624582]"
r3_dicom_mr2_uncr_f0,zlpng,4,8,752275,2097152,2201876,473403,1,1,3,"[2201876,1748112,2460065]","[484660,465110,473403]"
r3_dicom_mr2_uncr_f0,zlpng,5,1,738237,2097152,15603258,2587767,1,1,3,"[15587865,15603258,15650920]","[2587767,2581287,2593786]"
r3_dicom_mr2_uncr_f0,zlpng,5,8,738237,2097152,4274698,744741,1,1,3,"[4167987,4274698,4664484]","[781858,496248,744741]"
r3_dicom_mr2_uncr_f0,zlpng,6,1,738237,2097152,15683228,2584042,1,1,3,"[15866374,15618530,15683228]","[2584042,2587908,2580296]"
r3_dicom_mr2_uncr_f0,zlpng,6,8,738237,2097152,4123049,645021,1,1,3,"[4123049,4141807,3761394]","[623960,645021,666775]"
r3_dicom_mr2_uncr_f0,zlpng,7,1,738237,2097152,16146956,2588869,1,1,3,"[15964933,16154708,16146956]","[2588869,2593255,2585674]"
r3_dicom_mr2_uncr_f0,zlpng,7,8,738237,2097152,4349860,755047,1,1,3,"[4082898,4588420,4349860]","[755047,566213,773295]"
r3_dicom_mr2_uncr_f0,zlpng,8,1,626996,2097152,22162896,2294796,1,1,3,"[22305982,22071569,22162896]","[2292092,2294796,2308457]"
r3_dicom_mr2_uncr_f0,zlpng,8,8,626996,2097152,3079067,369837,1,1,3,"[3079067,3690007,3078756]","[378170,369516,369837]"
r3_syn_localized_islands_0,original_zpng,0,1,3255,197890,86561,75083,1,1,3,"[101663,86040,86561]","[75083,75033,75323]"
r3_syn_localized_islands_0,png,0,1,4073,197890,1130332,350038,1,1,3,"[1130032,1130332,1142690]","[350037,353713,350038]"
r3_syn_localized_islands_0,zlpng,1,1,4555,197890,73351,149205,1,1,3,"[73310,74762,73351]","[149205,149265,148984]"
r3_syn_localized_islands_0,zlpng,1,8,4555,197890,73591,148784,1,1,3,"[81062,65429,73591]","[150236,140652,148784]"
r3_syn_localized_islands_0,zlpng,2,1,3587,197890,129886,164268,1,1,3,"[137617,129545,129886]","[171979,163145,164268]"
r3_syn_localized_islands_0,zlpng,2,8,3587,197890,130036,164938,1,1,3,"[129294,133061,130036]","[164959,164938,164548]"
r3_syn_localized_islands_0,zlpng,3,1,3486,197890,138499,160842,1,1,3,"[140983,138499,133221]","[162835,160842,158188]"
r3_syn_localized_islands_0,zlpng,3,8,3486,197890,136316,160762,1,1,3,"[136316,132089,142384]","[160762,156536,162815]"
r3_syn_localized_islands_0,zlpng,4,1,3486,197890,140471,163717,1,1,3,"[141433,140471,138038]","[162414,163717,167131]"
r3_syn_localized_islands_0,zlpng,4,8,3486,197890,138268,161593,1,1,3,"[138268,146611,137357]","[160983,164858,161593]"
r3_syn_localized_islands_0,zlpng,5,1,3305,197890,443148,157197,1,1,3,"[443148,429677,444830]","[157197,156126,159380]"
r3_syn_localized_islands_0,zlpng,5,8,3305,197890,455436,159851,1,1,3,"[455436,441525,473092]","[159851,156956,161473]"
r3_syn_localized_islands_0,zlpng,6,1,3305,197890,443979,157537,1,1,3,"[443979,423978,445020]","[157537,154082,158519]"
r3_syn_localized_islands_0,zlpng,6,8,3305,197890,444198,158759,1,1,3,"[437850,444198,451590]","[158689,158759,160161]"
r3_syn_localized_islands_0,zlpng,7,1,3305,197890,452401,158539,1,1,3,"[456428,452401,436387]","[160381,158539,158048]"
r3_syn_localized_islands_0,zlpng,7,8,3305,197890,449537,157627,1,1,3,"[438711,458941,449537]","[156826,160182,157627]"
r3_syn_localized_islands_0,zlpng,8,1,2227,197890,1192936,153291,1,1,3,"[1180788,1199606,1192936]","[153291,152149,154172]"
r3_syn_localized_islands_0,zlpng,8,8,2227,197890,1185605,152419,1,1,3,"[1173887,1196702,1185605]","[151968,152419,153091]"
r3_syn_sheared_lines_1,original_zpng,0,1,771,393728,116135,106911,1,1,3,"[122354,113450,116135]","[106911,105840,107372]"
r3_syn_sheared_lines_1,png,0,1,3637,393728,1803727,681496,1,1,3,"[1807301,1799951,1803727]","[685052,679083,681496]"
r3_syn_sheared_lines_1,zlpng,1,1,4253,393728,98418,500063,1,1,3,"[98748,98418,90066]","[500063,500694,499492]"
r3_syn_sheared_lines_1,zlpng,1,8,4253,393728,124197,367183,1,1,3,"[151067,60691,124197]","[376887,337578,367183]"
r3_syn_sheared_lines_1,zlpng,2,1,1150,393728,70356,503538,1,1,3,"[69876,70356,70927]","[503949,501636,503538]"
r3_syn_sheared_lines_1,zlpng,2,8,1150,393728,108874,358800,1,1,3,"[122815,87762,108874]","[372190,341214,358800]"
r3_syn_sheared_lines_1,zlpng,3,1,913,393728,71548,499742,1,1,3,"[71548,70546,75975]","[499742,499032,502787]"
r3_syn_sheared_lines_1,zlpng,3,8,913,393728,88113,360423,1,1,3,"[160131,88113,81883]","[360423,361615,357058]"
r3_syn_sheared_lines_1,zlpng,4,1,913,393728,77447,500915,1,1,3,"[76416,77447,77577]","[500644,502026,500915]"
r3_syn_sheared_lines_1,zlpng,4,8,913,393728,82484,359822,1,1,3,"[83125,63306,82484]","[359822,356987,360522]"
r3_syn_sheared_lines_1,zlpng,5,1,668,393728,74552,497890,1,1,3,"[75614,74552,71808]","[495486,499622,497890]"
r3_syn_sheared_lines_1,zlpng,5,8,668,393728,89414,354804,1,1,3,"[95904,58198,89414]","[356427,354804,352932]"
r3_syn_sheared_lines_1,zlpng,6,1,765,393728,85299,496658,1,1,3,"[85299,90336,84847]","[496127,496658,496989]"
r3_syn_sheared_lines_1,zlpng,6,8,765,393728,100661,356347,1,1,3,"[158349,92269,100661]","[338299,376898,356347]"
r3_syn_sheared_lines_1,zlpng,7,1,735,393728,115874,496117,1,1,3,"[112840,115874,123877]","[498220,495606,496117]"
r3_syn_sheared_lines_1,zlpng,7,8,735,393728,129926,357558,1,1,3,"[141684,127983,129926]","[357558,356557,358330]"
r3_syn_sheared_lines_1,zlpng,8,1,688,393728,2788168,496438,1,1,3,"[2809491,2788168,2766917]","[496438,495856,498221]"
r3_syn_sheared_lines_1,zlpng,8,8,688,393728,1868043,355957,1,1,3,"[1868043,1878119,1830597]","[355957,360092,337218]"
sk_chelsea,original_zpng,0,1,188301,405900,1039266,375515,1,1,3,"[1033687,1039266,1040176]","[369236,375515,375576]"
sk_chelsea,png,0,1,220982,405900,23465668,2300274,1,1,3,"[23465668,23475332,23458448]","[2300274,2300615,2293173]"
sk_chelsea,zlpng,1,1,175047,405900,810671,315014,1,1,3,"[810671,806535,810861]","[322245,315014,311590]"
sk_chelsea,zlpng,1,8,175047,405900,540945,262395,1,1,3,"[646414,529628,540945]","[262395,289666,260953]"
sk_chelsea,zlpng,2,1,177782,405900,915329,450708,1,1,3,"[916340,915329,913806]","[450708,448906,450839]"
sk_chelsea,zlpng,2,8,177782,405900,592292,289526,1,1,3,"[710009,592292,589037]","[366642,289526,287002]"
sk_chelsea,zlpng,3,1,183262,405900,1355582,454815,1,1,3,"[1355582,1352697,1359057]","[457288,454815,454705]"
sk_chelsea,zlpng,3,8,183262,405900,949199,351550,1,1,3,"[949199,939204,1014828]","[351550,294143,357168]"
sk_chelsea,zlpng,4,1,190196,405900,1520660,515156,1,1,3,"[1529844,1514130,1520660]","[519963,513424,515156]"
sk_chelsea,zlpng,4,8,190196,405900,1038954,394324,1,1,3,"[999845,1038954,1139066]","[394324,337188,437268]"
sk_chelsea,zlpng,5,1,180768,405900,2598444,464360,1,1,3,"[2600526,2589269,2598444]","[464699,464360,464059]"
sk_chelsea,zlpng,5,8,180768,405900,1708032,363467,1,1,3,"[1708032,1702784,1709284]","[367504,363467,302205]"
sk_chelsea,zlpng,6,1,179896,405900,3235933,455717,1,1,3,"[3235933,3231076,3248422]","[455717,454785,457359]"
sk_chelsea,zlpng,6,8,179896,405900,2116597,359351,1,1,3,"[2118190,2116597,2107774]","[362356,296106,359351]"
sk_chelsea,zlpng,7,1,179087,405900,3716987,452521,1,1,3,"[3722396,3703608,3716987]","[450689,452982,452521]"
sk_chelsea,zlpng,7,8,179087,405900,2430481,357318,1,1,3,"[2470491,2430481,2430070]","[352070,357318,357338]"
sk_chelsea,zlpng,8,1,163963,405900,8538328,895949,1,1,3,"[8533891,8548594,8538328]","[900416,895779,895949]"
sk_chelsea,zlpng,8,8,163963,405900,6192796,1079565,1,1,3,"[5458200,6202170,6192796]","[950812,1079565,1157453]"
sk_rocket,original_zpng,0,1,335265,819840,1887943,897391,1,1,3,"[1881624,1888174,1887943]","[897391,901788,895198]"
sk_rocket,png,0,1,314190,819840,30440472,3620483,1,1,3,"[30505650,30439330,30440472]","[3620483,3620673,3615715]"
sk_rocket,zlpng,1,1,310266,819840,1426909,667856,1,1,3,"[1427259,1412116,1426909]","[667856,664100,669177]"
sk_rocket,zlpng,1,8,310266,819840,535646,408465,1,1,3,"[535646,535276,949690]","[239541,453764,408465]"
sk_rocket,zlpng,2,1,309354,819840,1524325,977783,1,1,3,"[1524325,1520259,1527280]","[977783,974889,978714]"
sk_rocket,zlpng,2,8,309354,819840,724512,648988,1,1,3,"[546373,724512,1134248]","[648988,645872,670820]"
sk_rocket,zlpng,3,1,307717,819840,1928304,932765,1,1,3,"[1921003,1928454,1928304]","[928969,932775,932765]"
sk_rocket,zlpng,3,8,307717,819840,938263,618311,1,1,3,"[938263,851973,1033266]","[618311,620855,606393]"
sk_rocket,zlpng,4,1,314408,819840,2223549,955479,1,1,3,"[2232442,2185772,2223549]","[953706,955479,958383]"
sk_rocket,zlpng,4,8,314408,819840,1116091,632833,1,1,3,"[1068369,1329362,1116091]","[627975,653034,632833]"
sk_rocket,zlpng,5,1,305784,819840,4438354,936480,1,1,3,"[4438354,4432866,4440948]","[936480,935138,942630]"
sk_rocket,zlpng,5,8,305784,819840,1926040,618582,1,1,3,"[1926040,1975795,1737357]","[621246,618582,323547]"
sk_rocket,zlpng,6,1,303001,819840,5746494,909940,1,1,3,"[5746494,5721536,5803420]","[910140,907887,909940]"
sk_rocket,zlpng,6,8,303001,819840,2096387,507124,1,1,3,"[2029977,2439363,2096387]","[507124,408716,604921]"
sk_rocket,zlpng,7,1,300127,819840,6401100,878272,1,1,3,"[6402372,6401100,6393659]","[875238,885203,878272]"
sk_rocket,zlpng,7,8,300127,819840,2719285,496658,1,1,3,"[2902751,2719285,2406595]","[496658,629658,311659]"
sk_rocket,zlpng,8,1,282877,819840,23834354,2223729,1,1,3,"[23804108,23839441,23834354]","[2223729,2215647,2229958]"
sk_rocket,zlpng,8,8,282877,819840,8622845,1115129,1,1,3,"[8622845,8650137,8269894]","[1449954,965394,1115129]"
r3_fluent_rainbow,original_zpng,0,1,46330,262144,431039,191369,1,1,3,"[430218,433232,431039]","[190917,192520,191369]"
r3_fluent_rainbow,png,0,1,34416,262144,5675286,766454,1,1,3,"[5675286,5673945,5689919]","[767115,762178,766454]"
r3_fluent_rainbow,zlpng,1,1,42937,262144,292150,153090,1,1,3,"[292150,298420,288334]","[152419,153090,154863]"
r3_fluent_rainbow,zlpng,1,8,42937,262144,293803,154823,1,1,3,"[294123,293803,289947]","[154823,155744,153972]"
r3_fluent_rainbow,zlpng,2,1,43096,262144,307924,209465,1,1,3,"[311409,307924,307363]","[209746,209465,209225]"
r3_fluent_rainbow,zlpng,2,8,43096,262144,310227,211939,1,1,3,"[310227,303767,310438]","[214373,207733,211939]"
r3_fluent_rainbow,zlpng,3,1,42530,262144,367163,196125,1,1,3,"[368435,366942,367163]","[195895,196136,196125]"
r3_fluent_rainbow,zlpng,3,8,42530,262144,372261,196166,1,1,3,"[372261,358620,375545]","[198929,196115,196166]"
r3_fluent_rainbow,zlpng,4,1,42961,262144,398500,200302,1,1,3,"[389036,398500,408665]","[199160,200302,200612]"
r3_fluent_rainbow,zlpng,4,8,42961,262144,405190,201103,1,1,3,"[405190,387053,408926]","[201103,198128,201183]"
r3_fluent_rainbow,zlpng,5,1,42076,262144,997613,201643,1,1,3,"[997613,989540,1167648]","[201643,199691,203667]"
r3_fluent_rainbow,zlpng,5,8,42076,262144,1006296,201884,1,1,3,"[1005975,1006296,1114669]","[201884,203937,201624]"
r3_fluent_rainbow,zlpng,6,1,41426,262144,1312156,195003,1,1,3,"[1312156,1290123,1314610]","[196215,193732,195003]"
r3_fluent_rainbow,zlpng,6,8,41426,262144,1309873,197447,1,1,3,"[1309873,1312286,1309532]","[197447,196887,197688]"
r3_fluent_rainbow,zlpng,7,1,40544,262144,1452958,190386,1,1,3,"[1460680,1436824,1452958]","[190386,190006,192099]"
r3_fluent_rainbow,zlpng,7,8,40544,262144,1451276,190947,1,1,3,"[1455532,1448001,1451276]","[190997,190607,190947]"
r3_fluent_rainbow,zlpng,8,1,35100,262144,5389476,401034,1,1,3,"[5385781,5424579,5389476]","[401114,401034,400153]"
r3_fluent_rainbow,zlpng,8,8,35100,262144,5351789,401554,1,1,3,"[5350778,5351789,5421515]","[402626,399752,401554]"
r3_coco_139,original_zpng,0,1,413495,817920,1985200,827566,1,1,3,"[1985200,1985641,1984258]","[827566,823791,828097]"
r3_coco_139,png,0,1,402020,817920,46216770,4382841,1,1,3,"[46331453,46194877,46216770]","[4395530,4377282,4382841]"
r3_coco_139,zlpng,1,1,383175,817920,1581562,654586,1,1,3,"[1577355,1581562,1586559]","[654586,653564,659463]"
r3_coco_139,zlpng,1,8,383175,817920,937823,455916,1,1,3,"[996581,572862,937823]","[464389,316917,455916]"
r3_coco_139,zlpng,2,1,385885,817920,1701843,919034,1,1,3,"[1701843,1691478,1702354]","[919034,919204,916280]"
r3_coco_139,zlpng,2,8,385885,817920,1189501,615598,1,1,3,"[1240458,1189501,1003511]","[324529,615598,626353]"
r3_coco_139,zlpng,3,1,391635,817920,2452393,924322,1,1,3,"[2452393,2448247,2460455]","[923892,924542,924322]"
r3_coco_139,zlpng,3,8,391635,817920,1344965,320483,1,1,3,"[1293748,1344965,1425367]","[619563,320483,315365]"
r3_coco_139,zlpng,4,1,406402,817920,3064055,1004834,1,1,3,"[3076724,3064055,3061060]","[1003941,1006546,1004834]"
r3_coco_139,zlpng,4,8,406402,817920,1144784,570169,1,1,3,"[1777968,1130362,1144784]","[606103,570169,348235]"
r3_coco_139,zlpng,5,1,389939,817920,5148653,947748,1,1,3,"[5148653,5137717,5149024]","[947748,946626,948639]"
r3_coco_139,zlpng,5,8,389939,817920,1779580,499762,1,1,3,"[1779580,1773050,2183328]","[331229,499762,638582]"
r3_coco_139,zlpng,6,1,387804,817920,6498937,925193,1,1,3,"[6498937,6477805,6925289]","[924382,925193,930751]"
r3_coco_139,zlpng,6,8,387804,817920,2300825,618271,1,1,3,"[2210789,2300825,2718093]","[618271,632593,424890]"
r3_coco_139,zlpng,7,1,385904,817920,7233543,915208,1,1,3,"[7233434,7235035,7233543]","[915208,916460,913886]"
r3_coco_139,zlpng,7,8,385904,817920,2728509,609528,1,1,3,"[2498944,2995792,2728509]","[616318,327353,609528]"
r3_coco_139,zlpng,8,1,361786,817920,21453237,2316679,1,1,3,"[21523233,21425946,21453237]","[2314896,2316679,2321255]"
r3_coco_139,zlpng,8,8,361786,817920,9191422,1354270,1,1,3,"[9558084,9169649,9191422]","[1354270,1569594,1320348]"
kodak_04,original_zpng,0,1,564307,1179648,2528938,1036711,1,1,3,"[2546766,2528938,2525884]","[1036711,1033606,1038905]"
kodak_04,png,0,1,640858,1179648,75998660,5379612,1,1,3,"[75998660,75979651,76257059]","[5379612,5365430,5396557]"
kodak_04,zlpng,1,1,526140,1179648,1963027,847957,1,1,3,"[1963027,1961463,1972972]","[847957,847185,850841]"
kodak_04,zlpng,1,8,526140,1179648,612472,394815,1,1,3,"[798022,526312,612472]","[442006,394815,233943]"
kodak_04,zlpng,2,1,535816,1179648,2541067,1218585,1,1,3,"[2542710,2540536,2541067]","[1216191,1218585,1219376]"
kodak_04,zlpng,2,8,535816,1179648,1032254,559903,1,1,3,"[1196422,1032254,637841]","[301694,609668,559903]"
kodak_04,zlpng,3,1,551064,1179648,3796027,1299638,1,1,3,"[3796027,3795937,3797939]","[1299387,1300348,1299638]"
kodak_04,zlpng,3,8,551064,1179648,1349232,615457,1,1,3,"[918133,1524826,1349232]","[324859,615457,624550]"
kodak_04,zlpng,4,1,573884,1179648,4593097,1478927,1,1,3,"[4604754,4593097,4577243]","[1478747,1478927,1481201]"
kodak_04,zlpng,4,8,573884,1179648,1636735,678541,1,1,3,"[1649934,1080357,1636735]","[697440,678541,635216]"
kodak_04,zlpng,5,1,544019,1179648,7402628,1323703,1,1,3,"[7402057,7427235,7402628]","[1323703,1323212,1323974]"
kodak_04,zlpng,5,8,544019,1179648,2001574,608616,1,1,3,"[1743205,2001574,2269127]","[620094,585071,608616]"
kodak_04,zlpng,6,1,541942,1179648,9398243,1297074,1,1,3,"[9397953,9405664,9398243]","[1296883,1300539,1297074]"
kodak_04,zlpng,6,8,541942,1179648,2181455,608577,1,1,3,"[2478923,2181455,2148886]","[608577,613734,586443]"
kodak_04,zlpng,7,1,540643,1179648,10579321,1293068,1,1,3,"[10558600,10579321,10594345]","[1293068,1291895,1293137]"
kodak_04,zlpng,7,8,540643,1179648,2570390,617149,1,1,3,"[2570390,2496370,2660777]","[619993,537970,617149]"
kodak_04,zlpng,8,1,501427,1179648,19883183,2104930,1,1,3,"[19860329,19883183,19957535]","[2100363,2104930,2107153]"
kodak_04,zlpng,8,8,501427,1179648,9192023,1086787,1,1,3,"[9208137,9092182,9192023]","[1084313,1086787,1087297]"
r3_dicom_emri_small_f0,original_zpng,0,1,4981,8192,16525,9014,1,1,3,"[16495,17066,16525]","[9014,9254,8983]"
r3_dicom_emri_small_f0,png,0,1,4977,8192,284719,58919,1,1,3,"[292561,282776,284719]","[61032,58919,58738]"
r3_dicom_emri_small_f0,zlpng,1,1,5202,8192,19970,11127,1,1,3,"[21893,19970,18377]","[11708,11127,10516]"
r3_dicom_emri_small_f0,zlpng,1,8,5202,8192,21502,12699,1,1,3,"[22053,21232,21502]","[12699,12319,12819]"
r3_dicom_emri_small_f0,zlpng,2,1,4398,8192,73611,15583,1,1,3,"[73611,77497,73120]","[15583,16304,15133]"
r3_dicom_emri_small_f0,zlpng,2,8,4398,8192,71758,15223,1,1,3,"[72719,66761,71758]","[15313,14942,15223]"
r3_dicom_emri_small_f0,zlpng,3,1,4398,8192,77867,15082,1,1,3,"[77867,81303,66100]","[15393,15082,14812]"
r3_dicom_emri_small_f0,zlpng,3,8,4398,8192,67762,16124,1,1,3,"[115574,67762,65519]","[17356,14191,16124]"
r3_dicom_emri_small_f0,zlpng,4,1,4398,8192,69365,14722,1,1,3,"[74402,69365,63045]","[15563,14722,14461]"
r3_dicom_emri_small_f0,zlpng,4,8,4398,8192,75704,14552,1,1,3,"[67702,77627,75704]","[14491,14552,15924]"
r3_dicom_emri_small_f0,zlpng,5,1,4396,8192,108664,15984,1,1,3,"[101202,108664,109755]","[15554,16374,15984]"
r3_dicom_emri_small_f0,zlpng,5,8,4396,8192,107612,16114,1,1,3,"[119981,105079,107612]","[16455,15153,16114]"
r3_dicom_emri_small_f0,zlpng,6,1,4396,8192,118759,15634,1,1,3,"[119249,118759,117527]","[16915,15604,15634]"
r3_dicom_emri_small_f0,zlpng,6,8,4396,8192,118819,15463,1,1,3,"[116004,118819,119861]","[15222,16214,15463]"
r3_dicom_emri_small_f0,zlpng,7,1,4396,8192,141914,16174,1,1,3,"[139290,145298,141914]","[15904,16856,16174]"
r3_dicom_emri_small_f0,zlpng,7,8,4396,8192,139730,16375,1,1,3,"[154963,133031,139730]","[17437,15002,16375]"
r3_dicom_emri_small_f0,zlpng,8,1,3769,8192,235555,11938,1,1,3,"[241934,235555,234583]","[12840,11747,11938]"
r3_dicom_emri_small_f0,zlpng,8,8,3769,8192,235785,12078,1,1,3,"[239190,222365,235785]","[12960,11787,12078]"
cbsd68_0048,original_zpng,0,1,244251,463203,1012414,439302,1,1,3,"[1012414,1014879,1011093]","[440734,438190,439302]"
cbsd68_0048,png,0,1,338987,463203,21707841,2083097,1,1,3,"[21863916,21707841,21696033]","[2083097,2082756,2084860]"
cbsd68_0048,zlpng,1,1,225123,463203,831993,357008,1,1,3,"[832514,828248,831993]","[355896,361003,357008]"
cbsd68_0048,zlpng,1,8,225123,463203,792723,376056,1,1,3,"[627445,794456,792723]","[376056,215274,381114]"
cbsd68_0048,zlpng,2,1,229712,463203,897211,519312,1,1,3,"[896621,897211,898684]","[519312,520113,518701]"
cbsd68_0048,zlpng,2,8,229712,463203,527684,509398,1,1,3,"[815848,517489,527684]","[533774,509398,292831]"
cbsd68_0048,zlpng,3,1,231853,463203,1163783,512391,1,1,3,"[1157844,1163783,1173027]","[512322,512391,512602]"
cbsd68_0048,zlpng,3,8,231853,463203,653354,480664,1,1,3,"[653354,1129241,645092]","[294283,480664,510599]"
cbsd68_0048,zlpng,4,1,236731,463203,1505598,555277,1,1,3,"[1506979,1499408,1505598]","[555277,558572,554805]"
cbsd68_0048,zlpng,4,8,236731,463203,1252767,311489,1,1,3,"[1139626,1276092,1252767]","[311429,531250,311489]"
cbsd68_0048,zlpng,5,1,229557,463203,2463870,523639,1,1,3,"[2450410,2463870,2472604]","[523639,521666,525111]"
cbsd68_0048,zlpng,5,8,229557,463203,1692208,497980,1,1,3,"[1573199,1764367,1692208]","[526804,497980,481505]"
cbsd68_0048,zlpng,6,1,228393,463203,3145897,507785,1,1,3,"[3128041,3145897,3159828]","[506062,507785,511140]"
cbsd68_0048,zlpng,6,8,228393,463203,1747271,466603,1,1,3,"[2060052,1730696,1747271]","[483428,466603,286742]"
cbsd68_0048,zlpng,7,1,227524,463203,3539640,502187,1,1,3,"[3583046,3538218,3539640]","[502547,500554,502187]"
cbsd68_0048,zlpng,7,8,227524,463203,2236478,309707,1,1,3,"[2405423,2126873,2236478]","[469627,309707,285049]"
cbsd68_0048,zlpng,8,1,215538,463203,17919125,1666280,1,1,3,"[17969772,17902049,17919125]","[1666139,1668823,1666280]"
cbsd68_0048,zlpng,8,8,215538,463203,9686277,926636,1,1,3,"[9686277,9747539,9678835]","[926636,925885,1031624]"
openmoji_1f3e0,original_zpng,0,1,7765,1527696,501496,462356,1,1,3,"[497108,501496,503618]","[461936,464690,462356]"
openmoji_1f3e0,png,0,1,6600,1527696,7065320,2534407,1,1,3,"[7065320,7042886,7109366]","[2532144,2534407,2548588]"
openmoji_1f3e0,zlpng,1,1,8012,1527696,278830,746434,1,1,3,"[278830,282785,275736]","[747496,746434,745592]"
openmoji_1f3e0,zlpng,1,8,8012,1527696,146681,289506,1,1,3,"[161273,112960,146681]","[185589,289506,335064]"
openmoji_1f3e0,zlpng,2,1,5083,1527696,243567,609057,1,1,3,"[243547,243567,247713]","[609538,608987,609057]"
openmoji_1f3e0,zlpng,2,8,5083,1527696,137798,248795,1,1,3,"[138949,108213,137798]","[248795,214864,250637]"
openmoji_1f3e0,zlpng,3,1,4848,1527696,262775,609128,1,1,3,"[264278,259982,262775]","[609297,604000,609128]"
openmoji_1f3e0,zlpng,3,8,4848,1527696,158298,251128,1,1,3,"[158298,163336,151459]","[270257,245921,251128]"
openmoji_1f3e0,zlpng,4,1,4809,1527696,286091,607504,1,1,3,"[285349,294804,286091]","[607504,608647,604300]"
openmoji_1f3e0,zlpng,4,8,4809,1527696,161223,247643,1,1,3,"[171068,161223,86971]","[247643,255364,136525]"
openmoji_1f3e0,zlpng,5,1,4789,1527696,423968,606443,1,1,3,"[431199,414354,423968]","[606624,606443,605452]"
openmoji_1f3e0,zlpng,5,8,4789,1527696,266422,249385,1,1,3,"[266422,268764,149234]","[249385,251319,135895]"
openmoji_1f3e0,zlpng,6,1,4789,1527696,448466,604050,1,1,3,"[444789,448466,462146]","[604050,601776,610149]"
openmoji_1f3e0,zlpng,6,8,4789,1527696,184338,247823,1,1,3,"[161654,251289,184338]","[138438,247823,255164]"
openmoji_1f3e0,zlpng,7,1,4833,1527696,615587,602688,1,1,3,"[636559,614475,615587]","[605983,601366,602688]"
openmoji_1f3e0,zlpng,7,8,4833,1527696,313082,245009,1,1,3,"[544469,313082,276797]","[144597,245009,245720]"
openmoji_1f3e0,zlpng,8,1,4102,1527696,12432202,594986,1,1,3,"[12432202,12643340,12331872]","[595276,592663,594986]"
openmoji_1f3e0,zlpng,8,8,4102,1527696,2434446,217948,1,1,3,"[2434446,2515769,2424561]","[270958,217948,145009]"
syn_terminal_1,original_zpng,0,1,10643,1178877,408505,394905,1,1,3,"[405641,408505,422847]","[394905,394233,396697]"
syn_terminal_1,png,0,1,77672,1178877,7428437,2267726,1,1,3,"[7424811,7429718,7428437]","[2266012,2267726,2268877]"
syn_terminal_1,zlpng,1,1,62720,1178877,533344,754496,1,1,3,"[536608,524760,533344]","[754496,751612,755137]"
syn_terminal_1,zlpng,1,8,62720,1178877,283227,366962,1,1,3,"[165610,283227,316657]","[354514,366962,378040]"
syn_terminal_1,zlpng,2,1,49352,1178877,480263,756289,1,1,3,"[484229,476097,480263]","[756289,754877,759053]"
syn_terminal_1,zlpng,2,8,49352,1178877,255334,362076,1,1,3,"[249797,258770,255334]","[371239,360653,362076]"
syn_terminal_1,zlpng,3,1,48130,1178877,530108,737541,1,1,3,"[531150,527013,530108]","[737530,741417,737541]"
syn_terminal_1,zlpng,3,8,48130,1178877,268835,209946,1,1,3,"[268835,149655,274764]","[350949,188354,209946]"
syn_terminal_1,zlpng,4,1,48436,1178877,580484,751632,1,1,3,"[580555,560394,580484]","[753384,751582,751632]"
syn_terminal_1,zlpng,4,8,48436,1178877,304679,365190,1,1,3,"[304679,349796,157197]","[365190,373393,219691]"
syn_terminal_1,zlpng,5,1,46344,1178877,1252837,728878,1,1,3,"[1247318,1252837,1257594]","[726003,728998,728878]"
syn_terminal_1,zlpng,5,8,46344,1178877,413152,352801,1,1,3,"[515797,359822,413152]","[352801,185930,357318]"
syn_terminal_1,zlpng,6,1,45747,1178877,1385877,724001,1,1,3,"[1387179,1385877,1383063]","[727165,721577,724001]"
syn_terminal_1,zlpng,6,8,45747,1178877,533774,187833,1,1,3,"[533774,339701,657851]","[187833,186742,360022]"
syn_terminal_1,zlpng,7,1,45354,1178877,1718518,722127,1,1,3,"[1727762,1700982,1718518]","[722007,722127,723851]"
syn_terminal_1,zlpng,7,8,45354,1178877,691361,188815,1,1,3,"[691361,804661,410789]","[353502,188815,185149]"
syn_terminal_1,zlpng,8,1,47741,1178877,15474724,954157,1,1,3,"[15474724,15469566,15504930]","[964512,954157,949961]"
syn_terminal_1,zlpng,8,8,47741,1178877,3810889,511320,1,1,3,"[3810889,3827334,3568003]","[511320,335916,521315]"
kodak_11,original_zpng,0,1,536482,1179648,2582419,1093126,1,1,3,"[2582419,2589860,2577682]","[1093126,1095510,1089771]"
kodak_11,png,0,1,643028,1179648,64546494,5426582,1,1,3,"[64546494,64571672,64389778]","[5431109,5426582,5420784]"
kodak_11,zlpng,1,1,520840,1179648,1912900,868308,1,1,3,"[2022575,1912900,1900662]","[927467,867907,868308]"
kodak_11,zlpng,1,8,520840,1179648,989179,430068,1,1,3,"[1110462,861257,989179]","[445090,430068,422196]"
kodak_11,zlpng,2,1,531733,1179648,2450250,1256993,1,1,3,"[2631914,2450250,2450150]","[1348240,1256993,1252517]"
kodak_11,zlpng,2,8,531733,1179648,1038905,571520,1,1,3,"[1038905,940416,1085465]","[310988,571520,610990]"
kodak_11,zlpng,3,1,543011,1179648,3742095,1316223,1,1,3,"[3758500,3740904,3742095]","[1323023,1311425,1316223]"
kodak_11,zlpng,3,8,543011,1179648,969300,384379,1,1,3,"[969300,1279597,879624]","[384379,559693,316417]"
kodak_11,zlpng,4,1,563514,1179648,4271663,1491927,1,1,3,"[4281908,4271663,4270311]","[1489113,1491927,1493258]"
kodak_11,zlpng,4,8,563514,1179648,1683094,666884,1,1,3,"[1683094,1010322,1744658]","[577299,695207,666884]"
kodak_11,zlpng,5,1,534305,1179648,7394055,1335431,1,1,3,"[7934559,7394055,7380825]","[1436272,1335431,1333588]"
kodak_11,zlpng,5,8,534305,1179648,1954533,632853,1,1,3,"[2318682,1948174,1954533]","[632853,579763,635127]"
kodak_11,zlpng,6,1,532054,1179648,9236810,1304925,1,1,3,"[9234337,9276720,9236810]","[1304955,1304925,1301510]"
kodak_11,zlpng,6,8,532054,1179648,2483270,629989,1,1,3,"[2792405,2337970,2483270]","[634715,614436,629989]"
kodak_11,zlpng,7,1,530157,1179648,10583468,1299166,1,1,3,"[10799914,10529356,10583468]","[1300238,1297113,1299166]"
kodak_11,zlpng,7,8,530157,1179648,2770592,616398,1,1,3,"[2749030,2770592,2785104]","[599924,620575,616398]"
kodak_11,zlpng,8,1,490189,1179648,28533120,2641598,1,1,3,"[28879361,28533120,28082140]","[2637352,2641598,2647317]"
kodak_11,zlpng,8,8,490189,1179648,10996430,1362873,1,1,3,"[10618211,11276281,10996430]","[1032134,1552157,1362873]"
cbsd68_0036,original_zpng,0,1,262507,463203,963511,416727,1,1,3,"[968308,963511,960767]","[418229,416727,414144]"
cbsd68_0036,png,0,1,330472,463203,19123689,2064279,1,1,3,"[19127114,19123689,19116479]","[2064279,2057178,2065350]"
cbsd68_0036,zlpng,1,1,232704,463203,635327,327994,1,1,3,"[635327,635146,637130]","[329206,323828,327994]"
cbsd68_0036,zlpng,1,8,232704,463203,458100,287854,1,1,3,"[458100,471440,457349]","[287854,205680,297949]"
cbsd68_0036,zlpng,2,1,243648,463203,847116,500614,1,1,3,"[846094,852464,847116]","[500614,499492,501094]"
cbsd68_0036,zlpng,2,8,243648,463203,770550,510759,1,1,3,"[657020,793114,770550]","[276777,510759,541866]"
cbsd68_0036,zlpng,3,1,248223,463203,1234379,520494,1,1,3,"[1234379,1242521,1230854]","[520494,523539,517098]"
cbsd68_0036,zlpng,3,8,248223,463203,941869,495496,1,1,3,"[716219,941869,1075249]","[497479,495496,292231]"
cbsd68_0036,zlpng,4,1,253779,463203,1558547,599062,1,1,3,"[1553570,1558547,1561822]","[599062,599723,598120]"
cbsd68_0036,zlpng,4,8,253779,463203,979545,535056,1,1,3,"[979545,981948,977132]","[542057,349155,535056]"
cbsd68_0036,zlpng,5,1,245801,463203,2495067,538571,1,1,3,"[2490992,2495067,2495148]","[538571,541566,537239]"
cbsd68_0036,zlpng,5,8,245801,463203,1661432,506893,1,1,3,"[1661432,1663074,1654742]","[506893,502828,552332]"
cbsd68_0036,zlpng,6,1,245412,463203,3012778,532241,1,1,3,"[3017154,3012778,3005096]","[531090,534194,532241]"
cbsd68_0036,zlpng,6,8,245412,463203,2025049,338781,1,1,3,"[2007643,2025049,2026712]","[338781,301965,526363]"
cbsd68_0036,zlpng,7,1,244902,463203,3508204,530188,1,1,3,"[3512420,3507472,3508204]","[530188,528857,532031]"
cbsd68_0036,zlpng,7,8,244902,463203,2297620,456026,1,1,3,"[2311831,2297620,2280865]","[310298,495326,456026]"
cbsd68_0036,zlpng,8,1,224029,463203,5622256,535856,1,1,3,"[5614996,5622256,5634134]","[533894,535856,536208]"
cbsd68_0036,zlpng,8,8,224029,463203,3185507,481285,1,1,3,"[3206399,3185507,3180870]","[481285,501546,308415]"
r3_syn_channel_rank16_1,original_zpng,0,1,28296,2362368,1167598,512722,1,1,3,"[1167598,1130723,1175961]","[512722,498480,513804]"
r3_syn_channel_rank16_1,png,0,1,19425,2362368,12607136,1895995,1,1,3,"[12635138,12607136,12584562]","[1900092,1895995,1890967]"
r3_syn_channel_rank16_1,zlpng,1,1,3108,2362368,298520,594475,1,1,3,"[304078,298520,297939]","[595778,594475,593324]"
r3_syn_channel_rank16_1,zlpng,1,8,3108,2362368,115293,158068,1,1,3,"[115293,184298,115283]","[158068,195014,155724]"
r3_syn_channel_rank16_1,zlpng,2,1,4470,2362368,568035,908107,1,1,3,"[558882,568506,568035]","[906265,908107,908138]"
r3_syn_channel_rank16_1,zlpng,2,8,4470,2362368,196436,234383,1,1,3,"[156116,364769,196436]","[231518,304319,234383]"
r3_syn_channel_rank16_1,zlpng,3,1,4470,2362368,602317,905994,1,1,3,"[610680,602317,600924]","[904112,905994,906566]"
r3_syn_channel_rank16_1,zlpng,3,8,4470,2362368,370948,241624,1,1,3,"[370948,559362,348305]","[273933,241624,238339]"
r3_syn_channel_rank16_1,zlpng,4,1,4470,2362368,596659,903411,1,1,3,"[596659,593625,608526]","[902689,905493,903411]"
r3_syn_channel_rank16_1,zlpng,4,8,4470,2362368,325170,289446,1,1,3,"[302285,325170,437319]","[243266,289446,292641]"
r3_syn_channel_rank16_1,zlpng,5,1,2322,2362368,3176133,854537,1,1,3,"[3176133,3107951,3295183]","[854537,851152,859013]"
r3_syn_channel_rank16_1,zlpng,5,8,2322,2362368,1048839,220662,1,1,3,"[853575,1181028,1048839]","[219501,220662,222455]"
r3_syn_channel_rank16_1,zlpng,6,1,2322,2362368,3118056,858322,1,1,3,"[3506521,3113589,3118056]","[1007938,858322,849930]"
r3_syn_channel_rank16_1,zlpng,6,8,2322,2362368,1000527,221994,1,1,3,"[1000527,884612,1102490]","[225930,221994,220072]"
r3_syn_channel_rank16_1,zlpng,7,1,2322,2362368,3124596,856259,1,1,3,"[3162032,3121561,3124596]","[856680,854026,856259]"
r3_syn_channel_rank16_1,zlpng,7,8,2322,2362368,1132025,221343,1,1,3,"[1036771,1132025,1291224]","[223587,221343,220492]"
r3_syn_channel_rank16_1,zlpng,8,1,1576,2362368,10439401,635637,1,1,3,"[10418219,10454433,10439401]","[635327,635637,642288]"
r3_syn_channel_rank16_1,zlpng,8,8,1576,2362368,2325702,169134,1,1,3,"[2334115,2303279,2325702]","[167372,169134,171579]"
cbsd68_0004,original_zpng,0,1,228014,463203,1093066,469577,1,1,3,"[1093066,1094728,1089461]","[468045,469577,471340]"
cbsd68_0004,png,0,1,293109,463203,24014695,1927112,1,1,3,"[24014695,23958360,24227906]","[1923827,1927112,1931469]"
cbsd68_0004,zlpng,1,1,204799,463203,864072,366332,1,1,3,"[864072,865193,863961]","[366642,365520,366332]"
cbsd68_0004,zlpng,1,8,204799,463203,534795,260943,1,1,3,"[532532,739994,534795]","[321424,260943,257648]"
cbsd68_0004,zlpng,2,1,209163,463203,945213,526182,1,1,3,"[944593,945213,946055]","[528195,525402,526182]"
cbsd68_0004,zlpng,2,8,209163,463203,650370,490228,1,1,3,"[561185,650370,802629]","[508896,490228,474254]"
cbsd68_0004,zlpng,3,1,211533,463203,1290924,516648,1,1,3,"[1287770,1290924,1292086]","[516648,519933,515727]"
cbsd68_0004,zlpng,3,8,211533,463203,779004,497139,1,1,3,"[822488,779004,776199]","[497139,478921,499762]"
cbsd68_0004,zlpng,4,1,217633,463203,1542332,566323,1,1,3,"[1539128,1549824,1542332]","[567725,566323,563379]"
cbsd68_0004,zlpng,4,8,217633,463203,1181108,516778,1,1,3,"[1192115,897772,1181108]","[516778,334264,664451]"
cbsd68_0004,zlpng,5,1,209605,463203,2756992,529287,1,1,3,"[2744472,2756992,2790432]","[529187,529287,529988]"
cbsd68_0004,zlpng,5,8,209605,463203,1805369,426091,1,1,3,"[1600771,1850657,1805369]","[310027,451810,426091]"
cbsd68_0004,zlpng,6,1,208331,463203,3483426,513323,1,1,3,"[3458278,3498478,3483426]","[516128,513323,507634]"
cbsd68_0004,zlpng,6,8,208331,463203,2045370,466763,1,1,3,"[2020873,2047674,2045370]","[488085,466763,462016]"
cbsd68_0004,zlpng,7,1,207084,463203,3890309,504881,1,1,3,"[3885401,3890309,3913233]","[504570,505391,504881]"
cbsd68_0004,zlpng,7,8,207084,463203,2274045,465661,1,1,3,"[2308236,2257210,2274045]","[472341,298129,465661]"
cbsd68_0004,zlpng,8,1,193950,463203,17403839,1755454,1,1,3,"[17424070,17394805,17403839]","[1747592,1757357,1755454]"
cbsd68_0004,zlpng,8,8,193950,463203,9098381,1146036,1,1,3,"[9378895,8725480,9098381]","[1215801,973106,1146036]"
syn_alpha_flat_2,original_zpng,0,1,15155,3145728,1496624,1323834,1,1,3,"[1449713,1496624,1497134]","[1276302,1323834,1328200]"
syn_alpha_flat_2,png,0,1,13085,3145728,15859754,5774617,1,1,3,"[15859754,15974116,15840204]","[5773454,5774617,5786955]"
syn_alpha_flat_2,zlpng,1,1,31790,3145728,619303,1430314,1,1,3,"[615857,619303,625361]","[1427951,1431946,1430314]"
syn_alpha_flat_2,zlpng,1,8,31790,3145728,249366,355416,1,1,3,"[249366,167462,269706]","[408305,355416,343267]"
syn_alpha_flat_2,zlpng,2,1,19954,3145728,577450,1311525,1,1,3,"[576258,587856,577450]","[1311525,1316953,1309752]"
syn_alpha_flat_2,zlpng,2,8,19954,3145728,215044,297288,1,1,3,"[215044,216295,155865]","[297288,305470,262365]"
syn_alpha_flat_2,zlpng,3,1,17029,3145728,590349,1276161,1,1,3,"[590179,590349,590720]","[1269722,1278205,1276161]"
syn_alpha_flat_2,zlpng,3,8,17029,3145728,225910,462317,1,1,3,"[194293,308274,225910]","[575417,462317,264759]"
syn_alpha_flat_2,zlpng,4,1,17264,3145728,643739,1278395,1,1,3,"[648807,641406,643739]","[1283984,1278395,1275982]"
syn_alpha_flat_2,zlpng,4,8,17264,3145728,209656,480173,1,1,3,"[171028,209656,292250]","[276116,480173,488245]"
syn_alpha_flat_2,zlpng,5,1,16861,3145728,1637106,1290613,1,1,3,"[1632499,1637106,1668172]","[1288871,1292226,1290613]"
syn_alpha_flat_2,zlpng,5,8,16861,3145728,398179,269647,1,1,3,"[398179,510169,370117]","[269647,269105,282816]"
syn_alpha_flat_2,zlpng,6,1,17290,3145728,1989096,1506539,1,1,3,"[1795383,1989096,1996706]","[1276393,1506539,1513419]"
syn_alpha_flat_2,zlpng,6,8,17290,3145728,514445,262856,1,1,3,"[514445,515076,468436]","[262856,282365,261343]"
syn_alpha_flat_2,zlpng,7,1,16844,3145728,2246773,1272857,1,1,3,"[2240133,2246773,2256609]","[1272857,1270724,1274569]"
syn_alpha_flat_2,zlpng,7,8,16844,3145728,846084,262275,1,1,3,"[846084,826745,1402311]","[262275,258379,267512]"
syn_alpha_flat_2,zlpng,8,1,15101,3145728,26378304,1317684,1,1,3,"[26410102,26011352,26378304]","[1319217,1317684,1309112]"
syn_alpha_flat_2,zlpng,8,8,15101,3145728,4640789,283627,1,1,3,"[4785767,4640789,4579877]","[275345,355355,283627]"
rgb8_bridge,original_zpng,0,1,21180312,33392103,33566790,25591971,1,1,3,"[33566790,33616715,33456333]","[25501754,25591971,26082499]"
rgb8_bridge,png,0,1,19809252,33392103,1238789762,183868216,1,1,3,"[1236925645,1238789762,1255216751]","[183868216,183965733,181884378]"
rgb8_bridge,zlpng,1,1,20108759,33392103,30435204,22565252,1,1,3,"[31485355,30407592,30435204]","[23406288,22565252,22491230]"
rgb8_bridge,zlpng,1,8,20108759,33392103,6310553,3674143,1,1,3,"[6810196,6310553,6095971]","[3674143,3381372,4188037]"
rgb8_bridge,zlpng,2,1,20004737,33392103,26822232,26338725,1,1,3,"[26855403,26822232,26740720]","[26338725,31328629,26235449]"
rgb8_bridge,zlpng,2,8,20004737,33392103,6056510,3881946,1,1,3,"[6061418,6056510,5701236]","[3939392,3881946,3877359]"
rgb8_bridge,zlpng,3,1,20080020,33392103,50029752,27721337,1,1,3,"[49984203,50029752,50157725]","[27721337,27707145,27745513]"
rgb8_bridge,zlpng,3,8,20080020,33392103,8900634,4085012,1,1,3,"[8900634,9308018,8815405]","[4030129,4099824,4085012]"
rgb8_bridge,zlpng,4,1,21312630,33392103,141871641,38837718,1,1,3,"[141871641,142196571,141733904]","[38849315,38837718,38732610]"
rgb8_bridge,zlpng,4,8,21312630,33392103,20904131,5590239,1,1,3,"[20904131,20762538,21075579]","[5261774,5590239,5663058]"
rgb8_bridge,zlpng,5,1,20221923,33392103,169395280,31483062,1,1,3,"[168931822,170947778,169395280]","[31483062,31569753,31475641]"
rgb8_bridge,zlpng,5,8,20221923,33392103,24311502,4468379,1,1,3,"[24390481,24181075,24311502]","[4468379,4375689,4623663]"
rgb8_bridge,zlpng,6,1,20249168,33392103,185460214,31915543,1,1,3,"[184762963,185500784,185460214]","[31937636,31915543,31851247]"
rgb8_bridge,zlpng,6,8,20249168,33392103,26320858,4557604,1,1,3,"[26055007,26320858,26382020]","[4576532,4427748,4557604]"
rgb8_bridge,zlpng,7,1,20246235,33392103,182690653,31884827,1,1,3,"[182690653,182405273,182877154]","[36461399,31875162,31884827]"
rgb8_bridge,zlpng,7,8,20246235,33392103,27234684,4577143,1,1,3,"[27234684,27253322,27000281]","[4577143,4879157,4455950]"
rgb8_bridge,zlpng,8,1,19929028,33392103,386879079,37774346,1,1,3,"[386879079,387088325,386651367]","[37797461,37701346,37774346]"
rgb8_bridge,zlpng,8,8,19929028,33392103,52836619,5285229,1,1,3,"[52936059,52802388,52836619]","[5285229,5359541,5132699]"
r3_syn_nonlinear_color_1,original_zpng,0,1,7131,1181184,416528,398079,1,1,3,"[412762,416528,478921]","[402666,398079,397769]"
r3_syn_nonlinear_color_1,png,0,1,45963,1181184,12442708,1405347,1,1,3,"[12442708,12413024,12446684]","[1405347,1406808,1404956]"
r3_syn_nonlinear_color_1,zlpng,1,1,34929,1181184,376016,647956,1,1,3,"[379041,376016,364709]","[647655,649048,647956]"
r3_syn_nonlinear_color_1,zlpng,1,8,34929,1181184,198619,322065,1,1,3,"[205560,198619,111749]","[322065,331218,169325]"
r3_syn_nonlinear_color_1,zlpng,2,1,10328,1181184,265169,693144,1,1,3,"[273722,262125,265169]","[692724,693144,700806]"
r3_syn_nonlinear_color_1,zlpng,2,8,10328,1181184,141754,230447,1,1,3,"[141754,148984,77907]","[343567,230447,183667]"
r3_syn_nonlinear_color_1,zlpng,3,1,7106,1181184,250537,635006,1,1,3,"[252280,241033,250537]","[637200,633654,635006]"
r3_syn_nonlinear_color_1,zlpng,3,8,7106,1181184,135283,313051,1,1,3,"[135283,147653,134933]","[304418,313051,313752]"
r3_syn_nonlinear_color_1,zlpng,4,1,7946,1181184,277939,637560,1,1,3,"[277939,275825,278499]","[637560,637480,640545]"
r3_syn_nonlinear_color_1,zlpng,4,8,7946,1181184,153922,313141,1,1,3,"[156326,153922,83686]","[313141,317769,159771]"
r3_syn_nonlinear_color_1,zlpng,5,1,13619,1181184,635968,736569,1,1,3,"[646634,633354,635968]","[738923,730140,736569]"
r3_syn_nonlinear_color_1,zlpng,5,8,13619,1181184,359432,359231,1,1,3,"[369677,359432,185489]","[359231,368044,226211]"
r3_syn_nonlinear_color_1,zlpng,6,1,6631,1181184,438941,635848,1,1,3,"[431920,438941,842359]","[636389,635848,635757]"
r3_syn_nonlinear_color_1,zlpng,6,8,6631,1181184,152630,165840,1,1,3,"[140812,152630,216536]","[163326,165840,307773]"
r3_syn_nonlinear_color_1,zlpng,7,1,9147,1181184,823480,686975,1,1,3,"[823480,818382,829729]","[686975,686805,689428]"
r3_syn_nonlinear_color_1,zlpng,7,8,9147,1181184,424489,342245,1,1,3,"[384018,424489,429758]","[342245,321935,355375]"
r3_syn_nonlinear_color_1,zlpng,8,1,29168,1181184,11646218,859124,1,1,3,"[11569923,11646218,11659959]","[857962,859124,860176]"
r3_syn_nonlinear_color_1,zlpng,8,8,29168,1181184,3833173,367754,1,1,3,"[3602615,4046714,3833173]","[367754,516068,304659]"
r3_coco_802,original_zpng,0,1,318344,814080,2065481,876480,1,1,3,"[2125921,2065481,2064439]","[880586,876480,874286]"
r3_coco_802,png,0,1,315614,814080,49811344,4319975,1,1,3,"[49811344,49729600,49830441]","[4323641,4309621,4319975]"
r3_coco_802,zlpng,1,1,278779,814080,1700200,633664,1,1,3,"[1702354,1696405,1700200]","[634205,624791,633664]"
r3_coco_802,zlpng,1,8,278779,814080,1048318,392832,1,1,3,"[1048318,595226,1147768]","[232831,392832,463228]"
r3_coco_802,zlpng,2,1,283667,814080,1899961,953586,1,1,3,"[1900121,1899961,1897167]","[953707,953446,953586]"
r3_coco_802,zlpng,2,8,283667,814080,1056391,672873,1,1,3,"[1318596,1056391,656139]","[672873,677220,359441]"
r3_coco_802,zlpng,3,1,290520,814080,2454546,940576,1,1,3,"[2448197,2512814,2454546]","[940576,938934,940997]"
r3_coco_802,zlpng,3,8,290520,814080,1085064,384810,1,1,3,"[867136,1329352,1085064]","[322786,384810,495616]"
r3_coco_802,zlpng,4,1,299663,814080,2678073,998013,1,1,3,"[2678073,2680637,2669510]","[998013,1001368,996151]"
r3_coco_802,zlpng,4,8,299663,814080,1457045,607995,1,1,3,"[1572898,1457045,1295010]","[674306,607995,603940]"
r3_coco_802,zlpng,5,1,286478,814080,4807660,955899,1,1,3,"[4832788,4803124,4807660]","[959405,955899,954928]"
r3_coco_802,zlpng,5,8,286478,814080,2209157,657490,1,1,3,"[2209157,1658207,2279152]","[667916,657490,329547]"
r3_coco_802,zlpng,6,1,283101,814080,6618197,923300,1,1,3,"[6591236,6618197,6620210]","[923300,922820,923381]"
r3_coco_802,zlpng,6,8,283101,814080,2499754,587264,1,1,3,"[2680527,2499754,2200433]","[324819,676439,587264]"
r3_coco_802,zlpng,7,1,279551,814080,7537802,901387,1,1,3,"[7559754,7532253,7537802]","[906385,901387,900776]"
r3_coco_802,zlpng,7,8,279551,814080,3114981,604921,1,1,3,"[3318337,3114981,2502719]","[621857,555907,604921]"
r3_coco_802,zlpng,8,1,236505,814080,26514440,2933588,1,1,3,"[26501440,26514440,26585086]","[2933588,2963543,2930113]"
r3_coco_802,zlpng,8,8,236505,814080,9317632,1527300,1,1,3,"[9259775,9540087,9317632]","[1662975,1527300,1506900]"
cbsd68_0058,original_zpng,0,1,218745,463203,1020487,431951,1,1,3,"[1098945,1020487,1019856]","[469337,431210,431951]"
cbsd68_0058,png,0,1,260526,463203,18385287,1923677,1,1,3,"[19895942,18360269,18385287]","[2061685,1923677,1919551]"
cbsd68_0058,zlpng,1,1,197461,463203,776349,364279,1,1,3,"[835839,775307,776349]","[388325,359972,364279]"
cbsd68_0058,zlpng,1,8,197461,463203,596087,319010,1,1,3,"[475737,596087,754356]","[230006,319010,350187]"
cbsd68_0058,zlpng,2,1,201877,463203,844692,514084,1,1,3,"[904993,844692,842999]","[556678,514084,513143]"
cbsd68_0058,zlpng,2,8,201877,463203,761407,494775,1,1,3,"[665151,864552,761407]","[496538,494775,485892]"
cbsd68_0058,zlpng,3,1,205347,463203,1291786,523308,1,1,3,"[1388581,1291786,1272136]","[562748,523308,522186]"
cbsd68_0058,zlpng,3,8,205347,463203,1070522,486493,1,1,3,"[1124794,662007,1070522]","[559934,287894,486493]"
cbsd68_0058,zlpng,4,1,210262,463203,1517946,560925,1,1,3,"[1630815,1507430,1517946]","[609127,558451,560925]"
cbsd68_0058,zlpng,4,8,210262,463203,995499,522737,1,1,3,"[1149350,793925,995499]","[522737,310538,576408]"
cbsd68_0058,zlpng,5,1,202988,463203,2690362,526603,1,1,3,"[2864444,2682549,2690362]","[563338,525061,526603]"
cbsd68_0058,zlpng,5,8,202988,463203,1550535,434815,1,1,3,"[1550535,1973932,1428512]","[506532,434815,333853]"
cbsd68_0058,zlpng,6,1,202290,463203,3232398,516478,1,1,3,"[3466260,3232398,3214121]","[553123,516478,514635]"
cbsd68_0058,zlpng,6,8,202290,463203,1965720,491109,1,1,3,"[2071520,1964008,1965720]","[492121,491109,283236]"
cbsd68_0058,zlpng,7,1,201155,463203,3689706,507565,1,1,3,"[3971601,3689476,3689706]","[547545,507294,507565]"
cbsd68_0058,zlpng,7,8,201155,463203,2088785,436698,1,1,3,"[2732926,2009736,2088785]","[436698,486353,280983]"
cbsd68_0058,zlpng,8,1,190880,463203,16309020,1515242,1,1,3,"[17561587,16309020,16227167]","[1623906,1510966,1515242]"
cbsd68_0058,zlpng,8,8,190880,463203,9363751,1226937,1,1,3,"[10055103,9361708,9363751]","[1373779,1226937,783380]"
sk_kidney_z00_c0,original_zpng,0,1,339525,524288,508947,305841,1,1,3,"[508947,508265,512401]","[305841,305120,307643]"
sk_kidney_z00_c0,png,0,1,339241,524288,55189182,2618203,1,1,3,"[56104150,55068170,55189182]","[2618203,2621057,2611533]"
sk_kidney_z00_c0,zlpng,1,1,345856,524288,437399,432662,1,1,3,"[442136,435145,437399]","[436377,432421,432662]"
sk_kidney_z00_c0,zlpng,1,8,345856,524288,491160,490068,1,1,3,"[491160,513834,490128]","[473433,490268,490068]"
sk_kidney_z00_c0,zlpng,2,1,295229,524288,2328036,668347,1,1,3,"[2328036,2326794,2333445]","[665893,668347,669578]"
sk_kidney_z00_c0,zlpng,2,8,295229,524288,1838608,679453,1,1,3,"[1838608,1789635,1915084]","[709048,679453,564550]"
sk_kidney_z00_c0,zlpng,3,1,295242,524288,2847027,670640,1,1,3,"[2841930,2876562,2847027]","[670640,672373,667445]"
sk_kidney_z00_c0,zlpng,3,8,295242,524288,1887392,643649,1,1,3,"[1887392,2345162,1736625]","[643649,660284,622227]"
sk_kidney_z00_c0,zlpng,4,1,295242,524288,2859957,670280,1,1,3,"[2825865,2872856,2859957]","[664842,674356,670280]"
sk_kidney_z00_c0,zlpng,4,8,295242,524288,2213143,539232,1,1,3,"[2213143,2380335,1700030]","[539232,686514,467354]"
sk_kidney_z00_c0,zlpng,5,1,290524,524288,4512145,675607,1,1,3,"[4512145,4505425,4536832]","[675607,673164,675878]"
sk_kidney_z00_c0,zlpng,5,8,290524,524288,3147651,703730,1,1,3,"[3383105,3088791,3147651]","[693074,703730,715818]"
sk_kidney_z00_c0,zlpng,6,1,290524,524288,4829904,674856,1,1,3,"[4820580,4829904,4831776]","[677851,674856,670870]"
sk_kidney_z00_c0,zlpng,6,8,290524,524288,3365538,710891,1,1,3,"[3365538,3197815,3528574]","[396707,710891,737010]"
sk_kidney_z00_c0,zlpng,7,1,290524,524288,5106561,674586,1,1,3,"[5099880,5106561,5120972]","[672562,674586,676248]"
sk_kidney_z00_c0,zlpng,7,8,290524,524288,3701915,679623,1,1,3,"[3701915,3553711,4232955]","[679623,358480,711261]"
sk_kidney_z00_c0,zlpng,8,1,261034,524288,7164770,679163,1,1,3,"[7184099,7164770,7160854]","[677971,679163,680886]"
sk_kidney_z00_c0,zlpng,8,8,261034,524288,4147967,716049,1,1,3,"[4147967,4099815,4514779]","[716049,615146,746704]"
sk_protein_t14_c1,original_zpng,0,1,20181,32940,66571,27772,1,1,3,"[68113,66090,66571]","[28433,27581,27772]"
sk_protein_t14_c1,png,0,1,19296,32940,1045144,189506,1,1,3,"[1051864,1045144,1033567]","[194232,189506,187332]"
sk_protein_t14_c1,zlpng,1,1,20177,32940,37576,45558,1,1,3,"[37576,37256,39800]","[45328,45558,46661]"
sk_protein_t14_c1,zlpng,1,8,20177,32940,37126,44958,1,1,3,"[37126,39189,35504]","[44958,46069,44166]"
sk_protein_t14_c1,zlpng,2,1,20064,32940,32319,52049,1,1,3,"[30986,32769,32319]","[51808,52049,52239]"
sk_protein_t14_c1,zlpng,2,8,20064,32940,32349,52298,1,1,3,"[32559,32349,32168]","[52298,52228,52339]"
sk_protein_t14_c1,zlpng,3,1,20178,32940,63276,55724,1,1,3,"[63276,62514,65058]","[55724,56695,55593]"
sk_protein_t14_c1,zlpng,3,8,20178,32940,63877,55944,1,1,3,"[66931,63877,62765]","[56084,55944,55033]"
sk_protein_t14_c1,zlpng,4,1,20191,32940,101172,55834,1,1,3,"[98578,101172,105669]","[55713,55834,56485]"
sk_protein_t14_c1,zlpng,4,8,20191,32940,101663,57055,1,1,3,"[101663,95654,105970]","[57055,54873,57246]"
sk_protein_t14_c1,zlpng,5,1,20768,32940,137207,65168,1,1,3,"[134302,137207,139210]","[64327,65658,65168]"
sk_protein_t14_c1,zlpng,5,8,20768,32940,141703,65419,1,1,3,"[141703,146441,136436]","[65469,65419,65248]"
sk_protein_t14_c1,zlpng,6,1,20754,32940,236747,66601,1,1,3,"[242345,236747,228834]","[66601,67562,64638]"
sk_protein_t14_c1,zlpng,6,8,20754,32940,238449,66179,1,1,3,"[238449,235094,238620]","[64407,66570,66179]"
sk_protein_t14_c1,zlpng,7,1,20744,32940,260662,63796,1,1,3,"[261744,260662,256397]","[64467,63195,63796]"
sk_protein_t14_c1,zlpng,7,8,20744,32940,270487,65269,1,1,3,"[270487,271639,263126]","[65719,65268,65269]"
sk_protein_t14_c1,zlpng,8,1,19970,32940,408826,60511,1,1,3,"[406623,416327,408826]","[60511,61072,60421]"
sk_protein_t14_c1,zlpng,8,8,19970,32940,409828,60712,1,1,3,"[409517,409828,424329]","[60712,60421,60872]"
r3_syn_channel_rank16_0,original_zpng,0,1,13768,593670,275295,165279,1,1,3,"[275295,277037,270488]","[166230,164448,165279]"
r3_syn_channel_rank16_0,png,0,1,6115,593670,3221011,500924,1,1,3,"[3224526,3220590,3221011]","[500063,503048,500924]"
r3_syn_channel_rank16_0,zlpng,1,1,1332,593670,97386,153862,1,1,3,"[110557,97386,96695]","[158629,153862,153541]"
r3_syn_channel_rank16_0,zlpng,1,8,1332,593670,79159,88664,1,1,3,"[79049,79159,115093]","[84657,88664,150476]"
r3_syn_channel_rank16_0,zlpng,2,1,1309,593670,178589,235685,1,1,3,"[178589,170326,179050]","[235685,231709,236536]"
r3_syn_channel_rank16_0,zlpng,2,8,1309,593670,236476,206371,1,1,3,"[236476,156326,303187]","[238129,206371,187623]"
r3_syn_channel_rank16_0,zlpng,3,1,1309,593670,190116,232570,1,1,3,"[191699,184107,190116]","[235494,231719,232570]"
r3_syn_channel_rank16_0,zlpng,3,8,1309,593670,262735,127082,1,1,3,"[101763,519332,262735]","[127082,190266,123797]"
r3_syn_channel_rank16_0,zlpng,4,1,1309,593670,189335,235995,1,1,3,"[189024,189736,189335]","[237067,232270,235995]"
r3_syn_channel_rank16_0,zlpng,4,8,1309,593670,399481,128604,1,1,3,"[399481,583108,253993]","[128604,220993,122174]"
r3_syn_channel_rank16_0,zlpng,5,1,795,593670,834607,219020,1,1,3,"[834607,830280,837201]","[219020,220082,218790]"
r3_syn_channel_rank16_0,zlpng,5,8,795,593670,824482,112660,1,1,3,"[824482,539382,1225455]","[210908,110827,112660]"
r3_syn_channel_rank16_0,zlpng,6,1,795,593670,835008,219661,1,1,3,"[840445,833576,835008]","[219661,221022,218168]"
r3_syn_channel_rank16_0,zlpng,6,8,795,593670,722338,116085,1,1,3,"[1024403,565943,722338]","[116085,214042,111037]"
r3_syn_channel_rank16_0,zlpng,7,1,795,593670,829559,217698,1,1,3,"[827476,832314,829559]","[220292,217677,217698]"
r3_syn_channel_rank16_0,zlpng,7,8,795,593670,1089070,115704,1,1,3,"[714526,1217153,1089070]","[115704,131157,111659]"
r3_syn_channel_rank16_0,zlpng,8,1,487,593670,2641738,162204,1,1,3,"[2637462,2641738,2645494]","[162204,164037,160702]"
r3_syn_channel_rank16_0,zlpng,8,8,487,593670,1419848,129695,1,1,3,"[1721663,1419848,1417465]","[169916,129695,86400]"
cbsd68_0008,original_zpng,0,1,242816,463203,993376,459412,1,1,3,"[996981,993376,993066]","[464740,457408,459412]"
cbsd68_0008,png,0,1,338526,463203,21096410,2063077,1,1,3,"[21096410,21091332,21106836]","[2066412,2063077,2059321]"
cbsd68_0008,zlpng,1,1,222211,463203,779304,362336,1,1,3,"[777961,779304,782388]","[359352,362336,362586]"
cbsd68_0008,zlpng,1,8,222211,463203,608306,349757,1,1,3,"[737922,564010,608306]","[357648,342496,349757]"
cbsd68_0008,zlpng,2,1,228105,463203,819173,546343,1,1,3,"[817241,819173,819494]","[544480,546343,546393]"
cbsd68_0008,zlpng,2,8,228105,463203,653273,517519,1,1,3,"[744111,558572,653273]","[517519,509257,527764]"
cbsd68_0008,zlpng,3,1,229333,463203,1085144,520785,1,1,3,"[1086606,1085144,1084032]","[520785,521976,518411]"
cbsd68_0008,zlpng,3,8,229333,463203,854738,491400,1,1,3,"[854738,712232,988959]","[491400,296897,510669]"
cbsd68_0008,zlpng,4,1,232141,463203,1311004,548696,1,1,3,"[1313468,1311004,1306758]","[548696,550048,548516]"
cbsd68_0008,zlpng,4,8,232141,463203,1064753,499652,1,1,3,"[791773,1064753,1088460]","[529417,496658,499652]"
cbsd68_0008,zlpng,5,1,226339,463203,2112872,513723,1,1,3,"[2083177,2112872,2119972]","[515466,513723,513643]"
cbsd68_0008,zlpng,5,8,226339,463203,1324605,473533,1,1,3,"[1250653,1324605,1400649]","[298209,492421,473533]"
cbsd68_0008,zlpng,6,1,225257,463203,2684062,504008,1,1,3,"[2687196,2679335,2684062]","[504008,506853,503067]"
cbsd68_0008,zlpng,6,8,225257,463203,1615513,391519,1,1,3,"[1615513,1624016,1613119]","[483478,391519,295395]"
cbsd68_0008,zlpng,7,1,224289,463203,3093508,495496,1,1,3,"[3101670,3093508,3070744]","[495496,496528,494044]"
cbsd68_0008,zlpng,7,8,224289,463203,1826190,291338,1,1,3,"[1819200,1826190,1831969]","[291338,287823,455335]"
cbsd68_0008,zlpng,8,1,211958,463203,16573559,1539098,1,1,3,"[16573559,16533919,16608131]","[1537435,1539098,1544926]"
cbsd68_0008,zlpng,8,8,211958,463203,8632900,928989,1,1,3,"[8632900,8525008,8761945]","[927507,1038044,928989]"
syn_alpha_flat_0,original_zpng,0,1,7345,786432,285160,259761,1,1,3,"[286602,285160,284198]","[260062,259761,257988]"
syn_alpha_flat_0,png,0,1,5508,786432,4036109,1361851,1,1,3,"[4060075,4036109,4020695]","[1365686,1361851,1361570]"
syn_alpha_flat_0,zlpng,1,1,12977,786432,187663,335646,1,1,3,"[184508,189024,187663]","[335646,334995,337899]"
syn_alpha_flat_0,zlpng,1,8,12977,786432,170527,257067,1,1,3,"[195895,170527,164648]","[292480,257067,145639]"
syn_alpha_flat_0,zlpng,2,1,8087,786432,187603,357599,1,1,3,"[187603,194784,184498]","[356286,358219,357599]"
syn_alpha_flat_0,zlpng,2,8,8087,786432,151318,177027,1,1,3,"[150757,151318,151969]","[177027,300743,142465]"
syn_alpha_flat_0,zlpng,3,1,7961,786432,187953,345029,1,1,3,"[187132,187953,191338]","[342496,345029,349205]"
syn_alpha_flat_0,zlpng,3,8,7961,786432,154303,176495,1,1,3,"[156365,153892,154303]","[266371,144438,176495]"
syn_alpha_flat_0,zlpng,4,1,7974,786432,203606,347434,1,1,3,"[195915,206701,203606]","[347674,346963,347434]"
syn_alpha_flat_0,zlpng,4,8,7974,786432,164818,254734,1,1,3,"[203116,91918,164818]","[266481,139239,254734]"
syn_alpha_flat_0,zlpng,5,1,7995,786432,814857,349997,1,1,3,"[816330,812533,814857]","[350047,349497,349997]"
syn_alpha_flat_0,zlpng,5,8,7995,786432,576839,254463,1,1,3,"[621626,576839,555306]","[279060,160922,254463]"
syn_alpha_flat_0,zlpng,6,1,8075,786432,865874,342516,1,1,3,"[863220,870421,865874]","[338740,344509,342516]"
syn_alpha_flat_0,zlpng,6,8,8075,786432,426682,255835,1,1,3,"[426682,327233,566253]","[261194,136345,255835]"
syn_alpha_flat_0,zlpng,7,1,8032,786432,1056110,339101,1,1,3,"[1056110,1059465,1049200]","[339101,340273,334294]"
syn_alpha_flat_0,zlpng,7,8,8032,786432,613584,254323,1,1,3,"[867676,613584,383778]","[262105,254323,132891]"
syn_alpha_flat_0,zlpng,8,1,6309,786432,7320194,349306,1,1,3,"[7289087,7332212,7320194]","[353873,347604,349306]"
syn_alpha_flat_0,zlpng,8,8,6309,786432,2769851,253462,1,1,3,"[2782090,2495628,2769851]","[208844,253462,256677]"
syn_impulses_0,original_zpng,0,1,2298,196608,90516,77727,1,1,3,"[88113,91998,90516]","[77727,78498,74172]"
syn_impulses_0,png,0,1,2712,196608,1151634,261814,1,1,3,"[1151634,1154669,1117383]","[263207,261133,261814]"
syn_impulses_0,zlpng,1,1,2543,196608,61923,254033,1,1,3,"[64347,61923,60631]","[255565,251889,254033]"
syn_impulses_0,zlpng,1,8,2543,196608,58498,251168,1,1,3,"[58498,60291,51197]","[251168,254383,246561]"
syn_impulses_0,zlpng,2,1,1532,196608,49995,259651,1,1,3,"[49224,49995,53691]","[260312,259651,259060]"
syn_impulses_0,zlpng,2,8,1532,196608,43216,257267,1,1,3,"[43025,43216,47291]","[255435,257267,257959]"
syn_impulses_0,zlpng,3,1,1700,196608,55544,252731,1,1,3,"[46901,55544,55804]","[248284,252731,256156]"
syn_impulses_0,zlpng,3,8,1700,196608,53691,252360,1,1,3,"[53691,55894,51547]","[252360,252570,252030]"
syn_impulses_0,zlpng,4,1,1697,196608,53530,252591,1,1,3,"[53530,61292,53380]","[252591,253502,250007]"
syn_impulses_0,zlpng,4,8,1697,196608,51238,251198,1,1,3,"[51238,53080,48082]","[251198,252079,250517]"
syn_impulses_0,zlpng,5,1,1673,196608,114121,251689,1,1,3,"[116655,114121,114012]","[251689,251648,251809]"
syn_impulses_0,zlpng,5,8,1673,196608,114863,252189,1,1,3,"[120291,110817,114863]","[254283,249155,252189]"
syn_impulses_0,zlpng,6,1,1671,196608,119180,253151,1,1,3,"[126641,119180,118468]","[254323,253151,250016]"
syn_impulses_0,zlpng,6,8,1671,196608,119721,251438,1,1,3,"[118308,119721,120742]","[249896,251438,260542]"
syn_impulses_0,zlpng,7,1,1555,196608,173472,251730,1,1,3,"[173472,170016,179510]","[250828,251730,253241]"
syn_impulses_0,zlpng,7,8,1555,196608,184709,251618,1,1,3,"[184709,185399,173210]","[255685,251618,249706]"
syn_impulses_0,zlpng,8,1,1325,196608,1647090,249235,1,1,3,"[1665067,1644957,1647090]","[249255,249235,245550]"
syn_impulses_0,zlpng,8,8,1325,196608,1676785,246591,1,1,3,"[1650495,1682624,1676785]","[246972,246591,246261]"
r3_syn_outlier_ramp16_0,original_zpng,0,1,4698,197890,110507,87992,1,1,3,"[112679,110507,107402]","[90587,87612,87992]"
r3_syn_outlier_ramp16_0,png,0,1,5200,197890,1438456,225960,1,1,3,"[1445988,1423143,1438456]","[228844,220502,225960]"
r3_syn_outlier_ramp16_0,zlpng,1,1,4637,197890,70677,144918,1,1,3,"[72810,70677,64247]","[144317,144918,145299]"
r3_syn_outlier_ramp16_0,zlpng,1,8,4637,197890,68273,144347,1,1,3,"[68273,68072,70146]","[145589,143256,144347]"
r3_syn_outlier_ramp16_0,zlpng,2,1,3425,197890,103426,148814,1,1,3,"[178829,103426,101773]","[148814,151919,145048]"
r3_syn_outlier_ramp16_0,zlpng,2,8,3425,197890,102304,149805,1,1,3,"[96115,102304,109475]","[147182,149805,153902]"
r3_syn_outlier_ramp16_0,zlpng,3,1,3428,197890,118919,150577,1,1,3,"[109145,249556,118919]","[144157,150577,151518]"
r3_syn_outlier_ramp16_0,zlpng,3,8,3428,197890,180462,149796,1,1,3,"[180462,262866,110096]","[149796,161002,146962]"
r3_syn_outlier_ramp16_0,zlpng,4,1,3428,197890,251148,147192,1,1,3,"[251148,106020,256997]","[147192,143306,149255]"
r3_syn_outlier_ramp16_0,zlpng,4,8,3428,197890,120471,150727,1,1,3,"[103135,120471,264378]","[142865,150727,155234]"
r3_syn_outlier_ramp16_0,zlpng,5,1,3324,197890,313813,144728,1,1,3,"[613634,313813,311369]","[172509,144728,143336]"
r3_syn_outlier_ramp16_0,zlpng,5,8,3324,197890,487674,175955,1,1,3,"[619103,477599,487674]","[176225,150076,175955]"
r3_syn_outlier_ramp16_0,zlpng,6,1,3324,197890,505180,176335,1,1,3,"[505180,603769,486273]","[177257,170296,176335]"
r3_syn_outlier_ramp16_0,zlpng,6,8,3324,197890,481095,150988,1,1,3,"[481095,598801,308945]","[177808,150988,144537]"
r3_syn_outlier_ramp16_0,zlpng,7,1,3324,197890,592402,171979,1,1,3,"[607655,362306,592402]","[171979,180562,150166]"
r3_syn_outlier_ramp16_0,zlpng,7,8,3324,197890,490518,175264,1,1,3,"[484109,609017,490518]","[176566,171458,175264]"
r3_syn_outlier_ramp16_0,zlpng,8,1,2904,197890,2390129,182015,1,1,3,"[2390129,2400986,2383589]","[182015,207242,178960]"
r3_syn_outlier_ramp16_0,zlpng,8,8,2904,197890,2376288,179490,1,1,3,"[2376288,2377731,2374026]","[179490,182395,179310]"
cbsd68_0011,original_zpng,0,1,197978,463203,1113958,462216,1,1,3,"[1111333,1115049,1113958]","[462666,461365,462216]"
cbsd68_0011,png,0,1,235650,463203,29923904,2513134,1,1,3,"[29946748,29913408,29923904]","[2525073,2505923,2513134]"
cbsd68_0011,zlpng,1,1,178195,463203,866705,348915,1,1,3,"[865674,867066,866705]","[351078,348915,348906]"
cbsd68_0011,zlpng,1,8,178195,463203,726494,334795,1,1,3,"[633704,726494,732352]","[334795,336938,333232]"
cbsd68_0011,zlpng,2,1,180609,463203,979545,526904,1,1,3,"[981398,979545,977652]","[525561,527425,526904]"
cbsd68_0011,zlpng,2,8,180609,463203,609357,488215,1,1,3,"[603839,814537,609357]","[452772,492201,488215]"
cbsd68_0011,zlpng,3,1,183959,463203,1341571,524249,1,1,3,"[1342762,1341571,1330093]","[527755,524249,521435]"
cbsd68_0011,zlpng,3,8,183959,463203,931162,458480,1,1,3,"[990542,871132,931162]","[501876,458480,316646]"
cbsd68_0011,zlpng,4,1,189785,463203,1551626,576859,1,1,3,"[1551626,1551135,1552468]","[576859,590949,573804]"
cbsd68_0011,zlpng,4,8,189785,463203,1373428,533043,1,1,3,"[1461801,1370484,1373428]","[533043,325149,543459]"
cbsd68_0011,zlpng,5,1,181081,463203,2790692,539272,1,1,3,"[2790692,2782560,2808109]","[537820,539272,542196]"
cbsd68_0011,zlpng,5,8,181081,463203,1691988,508075,1,1,3,"[1582814,1691988,1758058]","[508075,356677,514004]"
cbsd68_0011,zlpng,6,1,179637,463203,3608985,522076,1,1,3,"[3597578,3619351,3608985]","[522076,520013,522387]"
cbsd68_0011,zlpng,6,8,179637,463203,2095917,305040,1,1,3,"[2095917,2103217,2091579]","[303697,502147,305040]"
cbsd68_0011,zlpng,7,1,178294,463203,4322950,511240,1,1,3,"[4322950,4327397,4311483]","[510980,514725,511240]"
cbsd68_0011,zlpng,7,8,178294,463203,2446795,470259,1,1,3,"[2447616,2430690,2446795]","[464049,470259,513133]"
cbsd68_0011,zlpng,8,1,157414,463203,16075649,1781674,1,1,3,"[16004963,16075649,16077021]","[1780702,1807902,1781674]"
cbsd68_0011,zlpng,8,8,157414,463203,8947164,1022680,1,1,3,"[8922467,8984220,8947164]","[1022680,1016040,1390835]"
syn_uniform_0,original_zpng,0,1,589857,589824,285169,171769,1,1,3,"[285169,274113,286261]","[172049,171218,171769]"
syn_uniform_0,png,0,1,591320,589824,11985049,688426,1,1,3,"[11995765,11985049,11967853]","[689409,688126,688426]"
syn_uniform_0,zlpng,1,1,589893,589824,196456,286521,1,1,3,"[196456,195374,204457]","[286521,287663,285591]"
syn_uniform_0,zlpng,1,8,589893,589824,109184,141043,1,1,3,"[192249,109184,106791]","[274233,141043,140752]"
syn_uniform_0,zlpng,2,1,589917,589824,90136,286411,1,1,3,"[93320,90136,88503]","[288615,286411,285841]"
syn_uniform_0,zlpng,2,8,589917,589824,94773,233441,1,1,3,"[100762,94773,57767]","[142114,270768,233441]"
syn_uniform_0,zlpng,3,1,589917,589824,99060,288144,1,1,3,"[99060,99199,99019]","[286611,288144,289266]"
syn_uniform_0,zlpng,3,8,589917,589824,99840,141924,1,1,3,"[59260,99840,101222]","[140612,272220,141924]"
syn_uniform_0,zlpng,4,1,589917,589824,109565,286281,1,1,3,"[109315,109565,110146]","[288124,286051,286281]"
syn_uniform_0,zlpng,4,8,589917,589824,76665,202145,1,1,3,"[109274,76665,65709]","[141564,202145,272641]"
syn_uniform_0,zlpng,5,1,589917,589824,152780,286732,1,1,3,"[157347,151878,152780]","[286732,286682,286782]"
syn_uniform_0,zlpng,5,8,589917,589824,152790,274103,1,1,3,"[162935,152790,151528]","[271990,274103,278940]"
syn_uniform_0,zlpng,6,1,589917,589824,166651,286201,1,1,3,"[167662,166651,165390]","[286101,286201,288965]"
syn_uniform_0,zlpng,6,8,589917,589824,162134,142284,1,1,3,"[180141,162134,158699]","[142284,271890,141333]"
syn_uniform_0,zlpng,7,1,589917,589824,182124,286511,1,1,3,"[181493,182124,183276]","[287482,286071,286511]"
syn_uniform_0,zlpng,7,8,589917,589824,171959,141303,1,1,3,"[699694,96455,171959]","[139580,141303,274744]"
syn_uniform_0,zlpng,8,1,589917,589824,6280448,286661,1,1,3,"[6259347,6295330,6280448]","[286661,289036,286101]"
syn_uniform_0,zlpng,8,8,589917,589824,2786516,224679,1,1,3,"[2750092,2786516,3224666]","[198118,224679,272370]"
syn_alpha_soft_2,original_zpng,0,1,24453,3145728,1578157,1393649,1,1,3,"[1452106,1582042,1578157]","[1304034,1397986,1393649]"
syn_alpha_soft_2,png,0,1,31826,3145728,19768210,5008532,1,1,3,"[19710944,19768210,19894621]","[5016414,5004988,5008532]"
syn_alpha_soft_2,zlpng,1,1,46555,3145728,722578,1272236,1,1,3,"[722578,726364,716278]","[1272196,1272236,1274089]"
syn_alpha_soft_2,zlpng,1,8,46555,3145728,219060,369066,1,1,3,"[369876,198029,219060]","[543568,280422,369066]"
syn_alpha_soft_2,zlpng,2,1,35872,3145728,769669,1439437,1,1,3,"[758893,809690,769669]","[1437825,1780231,1439437]"
syn_alpha_soft_2,zlpng,2,8,35872,3145728,220121,310387,1,1,3,"[317798,220121,193471]","[382586,310387,291920]"
syn_alpha_soft_2,zlpng,3,1,33637,3145728,810029,1401821,1,1,3,"[810029,812443,805113]","[1412737,1401461,1401821]"
syn_alpha_soft_2,zlpng,3,8,33637,3145728,201573,287794,1,1,3,"[389537,201573,184708]","[534725,287794,280002]"
syn_alpha_soft_2,zlpng,4,1,34078,3145728,842599,1398717,1,1,3,"[842599,852343,833305]","[1398717,1398005,1403073]"
syn_alpha_soft_2,zlpng,4,8,34078,3145728,268093,281685,1,1,3,"[268093,441866,211339]","[281685,511530,279961]"
syn_alpha_soft_2,zlpng,5,1,29874,3145728,1786440,1380519,1,1,3,"[1786440,1790116,1785018]","[1380309,1384665,1380519]"
syn_alpha_soft_2,zlpng,5,8,29874,3145728,447814,296657,1,1,3,"[443768,479081,447814]","[296657,337058,293442]"
syn_alpha_soft_2,zlpng,6,1,27613,3145728,2061094,1349793,1,1,3,"[2070818,2060684,2061094]","[1349282,1353077,1349793]"
syn_alpha_soft_2,zlpng,6,8,27613,3145728,611161,276597,1,1,3,"[611161,662107,561426]","[274383,276597,278149]"
syn_alpha_soft_2,zlpng,7,1,27021,3145728,2428457,1350734,1,1,3,"[2428457,2420955,2449759]","[1344665,1354400,1350734]"
syn_alpha_soft_2,zlpng,7,8,27021,3145728,1325826,280983,1,1,3,"[1061098,1325826,1405467]","[287864,278670,280983]"
syn_alpha_soft_2,zlpng,8,1,29543,3145728,52198258,2459323,1,1,3,"[52198258,52418719,52009814]","[2459323,2459374,2458833]"
syn_alpha_soft_2,zlpng,8,8,29543,3145728,10155254,587865,1,1,3,"[10057106,10268904,10155254]","[587865,589358,551430]"
rgb8_flower_foveon,original_zpng,0,1,3742310,10287648,25716278,11763355,1,1,3,"[25837250,25716278,25670638]","[12596339,11760781,11763355]"
rgb8_flower_foveon,png,0,1,3267376,10287648,692652077,41468830,1,1,3,"[692652077,692774141,691872944]","[41603153,41417613,41468830]"
rgb8_flower_foveon,zlpng,1,1,3245736,10287648,19548469,7312582,1,1,3,"[21042048,19452715,19548469]","[7854208,7280715,7312582]"
rgb8_flower_foveon,zlpng,1,8,3245736,10287648,2689901,1037051,1,1,3,"[3715976,2671233,2689901]","[1191625,1024333,1037051]"
rgb8_flower_foveon,zlpng,2,1,3318005,10287648,22063306,11239526,1,1,3,"[22064498,22063306,21933891]","[11240617,11239526,11227989]"
rgb8_flower_foveon,zlpng,2,8,3318005,10287648,3023554,1521311,1,1,3,"[3023554,3510747,2994620]","[1528041,1521311,1520470]"
rgb8_flower_foveon,zlpng,3,1,3390411,10287648,28130513,10764681,1,1,3,"[28130513,28135140,28060748]","[10764681,10762187,10779453]"
rgb8_flower_foveon,zlpng,3,8,3390411,10287648,4373846,1470144,1,1,3,"[4373846,4647699,3788315]","[1470134,1722384,1470144]"
rgb8_flower_foveon,zlpng,4,1,3467121,10287648,29142176,11330954,1,1,3,"[29142176,29352203,29131070]","[11334900,11322772,11330954]"
rgb8_flower_foveon,zlpng,4,8,3467121,10287648,4483923,1575082,1,1,3,"[5344869,4418924,4483923]","[1900752,1565798,1575082]"
rgb8_flower_foveon,zlpng,5,1,3303796,10287648,61190490,11270933,1,1,3,"[64017858,61190490,60963358]","[11288971,11268780,11270933]"
rgb8_flower_foveon,zlpng,5,8,3303796,10287648,8279809,1553210,1,1,3,"[8577066,8109423,8279809]","[1575202,1539248,1553210]"
rgb8_flower_foveon,zlpng,6,1,3262361,10287648,88530423,10615576,1,1,3,"[89162103,88530423,87904330]","[10616208,10615576,10595726]"
rgb8_flower_foveon,zlpng,6,8,3262361,10287648,11932660,1473629,1,1,3,"[12311821,11741923,11932660]","[1478556,1457995,1473629]"
rgb8_flower_foveon,zlpng,7,1,3257560,10287648,95129590,10797290,1,1,3,"[95265805,95129590,95119485]","[10775237,10802458,10797290]"
rgb8_flower_foveon,zlpng,7,8,3257560,10287648,13327430,1507370,1,1,3,"[13489774,13327430,12874078]","[1518807,1507370,1503263]"
rgb8_flower_foveon,zlpng,8,1,2925085,10287648,417679844,35466932,1,1,3,"[417679844,422287994,417080591]","[35474323,35434042,35466932]"
rgb8_flower_foveon,zlpng,8,8,2925085,10287648,55677397,5087932,1,1,3,"[55428903,56051741,55677397]","[5159970,4982764,5087932]"
sk_camera,original_zpng,0,1,150364,262144,714586,262806,1,1,3,"[718682,711902,714586]","[265911,262806,259651]"
sk_camera,png,0,1,140481,262144,15068332,1579408,1,1,3,"[15050075,15076014,15068332]","[1579919,1579408,1576944]"
sk_camera,zlpng,1,1,142262,262144,496148,395256,1,1,3,"[497809,494044,496148]","[395256,396116,394924]"
sk_camera,zlpng,1,8,142262,262144,495656,394304,1,1,3,"[497279,493543,495656]","[395285,393032,394304]"
sk_camera,zlpng,2,1,141792,262144,513032,480634,1,1,3,"[513032,519212,508686]","[482727,480634,480454]"
sk_camera,zlpng,2,8,141792,262144,514284,479081,1,1,3,"[518130,509868,514284]","[479081,477889,483859]"
sk_camera,zlpng,3,1,143818,262144,774656,486813,1,1,3,"[774656,777181,774516]","[487064,486803,486813]"
sk_camera,zlpng,3,8,143818,262144,775959,487504,1,1,3,"[766835,775959,781557]","[486643,487504,489427]"
sk_camera,zlpng,4,1,146024,262144,925854,515636,1,1,3,"[929530,925854,922519]","[515636,516227,515236]"
sk_camera,zlpng,4,8,146024,262144,924593,512972,1,1,3,"[928238,924593,922599]","[512972,516317,512622]"
sk_camera,zlpng,5,1,141495,262144,1710406,497509,1,1,3,"[1710406,1711668,1703255]","[498180,495777,497509]"
sk_camera,zlpng,5,8,141495,262144,1714222,495275,1,1,3,"[1699780,1714222,1714993]","[495005,496688,495275]"
sk_camera,zlpng,6,1,140842,262144,2135225,491911,1,1,3,"[2135225,2136998,2114725]","[494775,491911,487815]"
sk_camera,zlpng,6,8,140842,262144,2131390,491610,1,1,3,"[2131219,2137119,2131390]","[493343,490438,491610]"
sk_camera,zlpng,7,1,141077,262144,2245301,493994,1,1,3,"[2245301,2244861,2252172]","[492852,493994,496197]"
sk_camera,zlpng,7,8,141077,262144,2243949,490779,1,1,3,"[2244340,2243949,2235106]","[490779,492813,489978]"
sk_camera,zlpng,8,1,144376,262144,8549916,585462,1,1,3,"[8576376,8549916,8525229]","[587935,582167,585462]"
sk_camera,zlpng,8,8,144376,262144,8499730,585011,1,1,3,"[8499730,8486570,8557347]","[584681,585011,586183]"
r3_raw_824,original_zpng,0,1,6314395,8388608,9000214,6345156,1,1,3,"[9000214,8957299,10345820]","[6325215,6364485,6345156]"
r3_raw_824,png,0,1,6262425,8388608,431554488,29639095,1,1,3,"[431468769,431554488,431998577]","[29586976,29642030,29639095]"
r3_raw_824,zlpng,1,1,6371663,8388608,7720406,6896866,1,1,3,"[7618283,7720406,7998555]","[6888344,6957798,6896866]"
r3_raw_824,zlpng,1,8,6371663,8388608,1641232,972765,1,1,3,"[1656164,1275520,1641232]","[979165,972765,972464]"
r3_raw_824,zlpng,2,1,4749897,8388608,34210449,11139305,1,1,3,"[34210449,34255907,34064059]","[11139325,11125385,11139305]"
r3_raw_824,zlpng,2,8,4749897,8388608,5096415,1567440,1,1,3,"[4807290,5385641,5096415]","[1556094,1567440,1571857]"
r3_raw_824,zlpng,3,1,4754016,8388608,42733695,11250062,1,1,3,"[43806981,42647645,42733695]","[11874002,11199586,11250062]"
r3_raw_824,zlpng,3,8,4754016,8388608,6285306,1575142,1,1,3,"[6285306,6547360,6261931]","[1575142,1591156,1572588]"
r3_raw_824,zlpng,4,1,4745284,8388608,43029550,10987898,1,1,3,"[44233544,42758662,43029550]","[11692018,10938703,10987898]"
r3_raw_824,zlpng,4,8,4745284,8388608,6776244,1572088,1,1,3,"[6776244,7131039,6344504]","[1572088,1692348,1570636]"
r3_raw_824,zlpng,5,1,4738629,8388608,63603193,11051753,1,1,3,"[63469051,63603193,65384766]","[11011773,11051753,11314779]"
r3_raw_824,zlpng,5,8,4738629,8388608,14194977,1584426,1,1,3,"[14342389,14042427,14194977]","[1588623,1584426,1575873]"
r3_raw_824,zlpng,6,1,4731705,8388608,72931150,11116070,1,1,3,"[72931150,72684329,72995857]","[11141148,11114668,11116070]"
r3_raw_824,zlpng,6,8,4731705,8388608,14707859,1585117,1,1,3,"[14707859,14741590,14679396]","[1585117,1598898,1583174]"
r3_raw_824,zlpng,7,1,4719133,8388608,80941233,10982690,1,1,3,"[80743756,80948595,80941233]","[11002319,10970702,10982690]"
r3_raw_824,zlpng,7,8,4719133,8388608,15841797,1581492,1,1,3,"[15799593,15841797,17382347]","[1563314,1581492,1636935]"
r3_raw_824,zlpng,8,1,5256682,8388608,84864231,23181100,1,1,3,"[85543194,84130977,84864231]","[23213969,23070433,23181100]"
r3_raw_824,zlpng,8,8,5256682,8388608,12185972,3068221,1,1,3,"[12203818,11576153,12185972]","[3055472,3068221,3073268]"
kodak_13,original_zpng,0,1,661169,1179648,2252102,995028,1,1,3,"[2251711,2258381,2252102]","[996190,995028,993596]"
kodak_13,png,0,1,892750,1179648,46169780,4754880,1,1,3,"[46133044,46223901,46169780]","[4760769,4754880,4750744]"
kodak_13,zlpng,1,1,643438,1179648,1411956,816079,1,1,3,"[1411956,1422853,1408090]","[816079,817672,814437]"
kodak_13,zlpng,1,8,643438,1179648,621566,437679,1,1,3,"[621566,606824,923611]","[445681,391059,437679]"
kodak_13,zlpng,2,1,669605,1179648,1973111,1318486,1,1,3,"[1973502,1970498,1973111]","[1318486,1318415,1319357]"
kodak_13,zlpng,2,8,669605,1179648,1099826,634465,1,1,3,"[1099826,551961,1102130]","[634465,336747,650640]"
kodak_13,zlpng,3,1,676367,1179648,3463196,1328781,1,1,3,"[3463196,3458017,3469535]","[1328781,1326528,1329241]"
kodak_13,zlpng,3,8,676367,1179648,1322912,628967,1,1,3,"[1511456,1322912,861087]","[628967,650560,328495]"
kodak_13,zlpng,4,1,689517,1179648,4321227,1472327,1,1,3,"[4326205,4318474,4321227]","[1472327,1473479,1471827]"
kodak_13,zlpng,4,8,689517,1179648,1107177,691622,1,1,3,"[1027087,1107177,1290443]","[697711,671882,691622]"
kodak_13,zlpng,5,1,667178,1179648,7056236,1326848,1,1,3,"[7037949,7070718,7056236]","[1326718,1328421,1326848]"
kodak_13,zlpng,5,8,667178,1179648,1792619,603950,1,1,3,"[1792619,1699990,2049256]","[332782,603950,631571]"
kodak_13,zlpng,6,1,666543,1179648,8230244,1318285,1,1,3,"[8283815,8219528,8230244]","[1318285,1315431,1322231]"
kodak_13,zlpng,6,8,666543,1179648,2311321,559783,1,1,3,"[2556861,2040853,2311321]","[559783,532662,633033]"
kodak_13,zlpng,7,1,665306,1179648,9514358,1313688,1,1,3,"[9463201,9514358,9544964]","[1311595,1314028,1313688]"
kodak_13,zlpng,7,8,665306,1179648,2553615,629548,1,1,3,"[2764763,2553615,2319904]","[650991,629548,624941]"
kodak_13,zlpng,8,1,633196,1179648,13933864,1356202,1,1,3,"[13933864,13832090,14034845]","[1356202,1358606,1355332]"
kodak_13,zlpng,8,8,633196,1179648,3434492,652142,1,1,3,"[3434492,3384968,3454081]","[652142,655758,514335]"
sk_kidney_z15_c1,original_zpng,0,1,298387,524288,1204123,375115,1,1,3,"[1196262,1208049,1204123]","[373082,382246,375115]"
sk_kidney_z15_c1,png,0,1,294246,524288,51903805,2916832,1,1,3,"[51856543,55144775,51903805]","[2915230,2921079,2916832]"
sk_kidney_z15_c1,zlpng,1,1,313710,524288,645052,456687,1,1,3,"[694646,645052,644750]","[489137,454855,456687]"
sk_kidney_z15_c1,zlpng,1,8,313710,524288,699514,522236,1,1,3,"[699514,485081,917552]","[522236,262716,538911]"
sk_kidney_z15_c1,zlpng,2,1,264749,524288,2052391,709739,1,1,3,"[2052391,2205462,2049807]","[709739,758432,701967]"
sk_kidney_z15_c1,zlpng,2,8,264749,524288,1412166,638312,1,1,3,"[1679739,1312005,1412166]","[638312,619774,813906]"
sk_kidney_z15_c1,zlpng,3,1,264598,524288,2566795,707095,1,1,3,"[2566795,2743552,2544993]","[707095,756589,695487]"
sk_kidney_z15_c1,zlpng,3,8,264598,524288,1673119,729809,1,1,3,"[2318262,1673119,1320679]","[743670,729809,693545]"
sk_kidney_z15_c1,zlpng,4,1,264598,524288,2542810,703940,1,1,3,"[2542810,2541097,2543170]","[706163,703940,699043]"
sk_kidney_z15_c1,zlpng,4,8,264598,524288,2179122,780145,1,1,3,"[2179122,1395811,2395077]","[408775,780886,780145]"
sk_kidney_z15_c1,zlpng,5,1,260652,524288,4511444,693875,1,1,3,"[4511444,4522761,4509561]","[695848,693875,681317]"
sk_kidney_z15_c1,zlpng,5,8,260652,524288,3021650,674026,1,1,3,"[3021650,3930760,2673947]","[674026,762128,515967]"
sk_kidney_z15_c1,zlpng,6,1,260652,524288,5029764,737881,1,1,3,"[5029764,5038948,4711906]","[742468,737881,686785]"
sk_kidney_z15_c1,zlpng,6,8,260652,524288,3410115,748096,1,1,3,"[3441293,3410115,3290235]","[748096,778683,737681]"
sk_kidney_z15_c1,zlpng,7,1,260652,524288,4909984,684631,1,1,3,"[5219701,4879909,4909984]","[741096,684631,683810]"
sk_kidney_z15_c1,zlpng,7,8,260652,524288,3290204,711791,1,1,3,"[3290204,3470196,3184014]","[717550,553854,711791]"
sk_kidney_z15_c1,zlpng,8,1,226689,524288,7050298,607575,1,1,3,"[7526975,7014403,7050298]","[651360,607575,602087]"
sk_kidney_z15_c1,zlpng,8,8,226689,524288,4269189,658301,1,1,3,"[4030069,4400197,4269189]","[658301,672002,369857]"
r3_dicom_mr_siemens_dicom_withoverlays_f0,original_zpng,0,1,150489,468512,957773,382346,1,1,3,"[957773,959725,956610]","[382346,384920,379972]"
r3_dicom_mr_siemens_dicom_withoverlays_f0,png,0,1,135591,468512,24789642,2169608,1,1,3,"[24729361,24789642,24794599]","[2208276,2169608,2168927]"
r3_dicom_mr_siemens_dicom_withoverlays_f0,zlpng,1,1,134477,468512,689639,453733,1,1,3,"[690089,688497,689639]","[452902,453733,473653]"
r3_dicom_mr_siemens_dicom_withoverlays_f0,zlpng,1,8,134477,468512,402426,469848,1,1,3,"[400904,678111,402426]","[300562,469848,476738]"
r3_dicom_mr_siemens_dicom_withoverlays_f0,zlpng,2,1,120232,468512,1444746,677791,1,1,3,"[1458466,1427420,1444746]","[680104,672893,677791]"
r3_dicom_mr_siemens_dicom_withoverlays_f0,zlpng,2,8,120232,468512,1170112,495967,1,1,3,"[1408871,854117,1170112]","[389246,495967,620725]"
r3_dicom_mr_siemens_dicom_withoverlays_f0,zlpng,3,1,115636,468512,1393628,565632,1,1,3,"[1388872,1393628,1401160]","[564269,567385,565632]"
r3_dicom_mr_siemens_dicom_withoverlays_f0,zlpng,3,8,115636,468512,1334209,545061,1,1,3,"[785032,1436703,1334209]","[305720,601536,545061]"
r3_dicom_mr_siemens_dicom_withoverlays_f0,zlpng,4,1,115636,468512,1400198,569097,1,1,3,"[1388170,1405557,1400198]","[569638,569097,562958]"
r3_dicom_mr_siemens_dicom_withoverlays_f0,zlpng,4,8,115636,468512,841958,335074,1,1,3,"[1310804,841958,790300]","[564841,335074,313131]"
r3_dicom_mr_siemens_dicom_withoverlays_f0,zlpng,5,1,111585,468512,3100079,549217,1,1,3,"[3090193,3100079,3118055]","[546483,549217,554866]"
r3_dicom_mr_siemens_dicom_withoverlays_f0,zlpng,5,8,111585,468512,2001514,564350,1,1,3,"[2239563,2001514,1843446]","[564350,579433,313513]"
r3_dicom_mr_siemens_dicom_withoverlays_f0,zlpng,6,1,111585,468512,3119898,550980,1,1,3,"[3114740,3123134,3119898]","[549598,553393,550980]"
r3_dicom_mr_siemens_dicom_withoverlays_f0,zlpng,6,8,111585,468512,2167854,592693,1,1,3,"[2376529,1863196,2167854]","[592693,600724,576889]"
r3_dicom_mr_siemens_dicom_withoverlays_f0,zlpng,7,1,111585,468512,3198808,555436,1,1,3,"[3198808,3187711,3200860]","[555436,553023,557570]"
r3_dicom_mr_siemens_dicom_withoverlays_f0,zlpng,7,8,111585,468512,2066462,531541,1,1,3,"[1987643,2360044,2066462]","[531541,298219,603409]"
r3_dicom_mr_siemens_dicom_withoverlays_f0,zlpng,8,1,95995,468512,11865759,928638,1,1,3,"[11999550,11865759,11858378]","[927707,935930,928638]"
r3_dicom_mr_siemens_dicom_withoverlays_f0,zlpng,8,8,95995,468512,7064699,795077,1,1,3,"[7150048,7054083,7064699]","[795077,655367,887266]"
syn_radial_1,original_zpng,0,1,38965,1178877,693124,583218,1,1,3,"[693124,691441,693344]","[587685,582538,583218]"
syn_radial_1,png,0,1,40450,1178877,12514225,2116137,1,1,3,"[12501376,12562258,12514225]","[2115055,2116137,2120804]"
syn_radial_1,zlpng,1,1,59832,1178877,589247,717221,1,1,3,"[590829,579653,589247]","[717221,720926,714286]"
syn_radial_1,zlpng,1,8,59832,1178877,291439,344689,1,1,3,"[307463,280132,291439]","[344689,366762,279901]"
syn_radial_1,zlpng,2,1,57671,1178877,714256,974217,1,1,3,"[719092,714256,712013]","[973777,974217,974417]"
syn_radial_1,zlpng,2,8,57671,1178877,219601,354854,1,1,3,"[188013,219601,372681]","[240191,354854,471239]"
syn_radial_1,zlpng,3,1,53751,1178877,645432,881207,1,1,3,"[649178,645432,640935]","[883270,881207,878754]"
syn_radial_1,zlpng,3,8,53751,1178877,327844,420212,1,1,3,"[174993,331719,327844]","[219331,426983,420212]"
syn_radial_1,zlpng,4,1,53524,1178877,652423,879935,1,1,3,"[657800,652423,649428]","[882059,879745,879935]"
syn_radial_1,zlpng,4,8,53524,1178877,334584,416237,1,1,3,"[350638,334584,296767]","[416237,479082,260512]"
syn_radial_1,zlpng,5,1,45340,1178877,1683295,1031033,1,1,3,"[1683295,1686600,1675002]","[1031043,1030613,1031033]"
syn_radial_1,zlpng,5,8,45340,1178877,744922,493303,1,1,3,"[748046,411300,744922]","[497039,302005,493303]"
syn_radial_1,zlpng,6,1,38919,1178877,2268436,969100,1,1,3,"[2248887,2282317,2268436]","[969049,970011,969100]"
syn_radial_1,zlpng,6,8,38919,1178877,848077,460343,1,1,3,"[825333,848077,1062610]","[460343,469287,246481]"
syn_radial_1,zlpng,7,1,40988,1178877,2532694,859975,1,1,3,"[2550922,2532443,2532694]","[856269,860186,859975]"
syn_radial_1,zlpng,7,8,40988,1178877,624320,228624,1,1,3,"[1124724,624320,618492]","[414464,218029,228624]"
syn_radial_1,zlpng,8,1,40685,1178877,20372791,1177764,1,1,3,"[20390257,20372791,20259230]","[1177764,1178344,1177733]"
syn_radial_1,zlpng,8,8,40685,1178877,5081032,560304,1,1,3,"[5116024,5081032,4553187]","[560304,564039,558862]"
cbsd68_0033,original_zpng,0,1,241569,463203,1080638,478000,1,1,3,"[1080638,1078414,1081158]","[475476,478000,478832]"
cbsd68_0033,png,0,1,352628,463203,20447763,2090438,1,1,3,"[20457819,20447763,20428804]","[2096086,2080123,2090438]"
cbsd68_0033,zlpng,1,1,228030,463203,834166,364889,1,1,3,"[842178,833325,834166]","[364889,366722,361765]"
cbsd68_0033,zlpng,1,8,228030,463203,763991,340673,1,1,3,"[795047,763991,504720]","[349957,218388,340673]"
cbsd68_0033,zlpng,2,1,233855,463203,902990,558652,1,1,3,"[902990,894958,905894]","[559352,555466,558652]"
cbsd68_0033,zlpng,2,8,233855,463203,786044,484329,1,1,3,"[788828,786044,776950]","[314694,484329,488586]"
cbsd68_0033,zlpng,3,1,235372,463203,1174849,543328,1,1,3,"[1174449,1177063,1174849]","[540324,546232,543328]"
cbsd68_0033,zlpng,3,8,235372,463203,843981,322325,1,1,3,"[728327,959385,843981]","[322325,322906,320502]"
cbsd68_0033,zlpng,4,1,238106,463203,1289883,559543,1,1,3,"[1287389,1289883,1295311]","[559543,561205,559462]"
cbsd68_0033,zlpng,4,8,238106,463203,830841,542036,1,1,3,"[830841,828277,1007738]","[529217,542036,546833]"
cbsd68_0033,zlpng,5,1,232830,463203,2335166,540244,1,1,3,"[2327946,2339733,2335166]","[539953,544640,540244]"
cbsd68_0033,zlpng,5,8,232830,463203,1496634,311049,1,1,3,"[1603255,1496634,1486910]","[521786,311049,310297]"
cbsd68_0033,zlpng,6,1,231578,463203,3064975,528396,1,1,3,"[3064975,3070804,3057244]","[528396,529487,527274]"
cbsd68_0033,zlpng,6,8,231578,463203,1955765,490509,1,1,3,"[1939310,1955765,1955795]","[299481,499792,490509]"
cbsd68_0033,zlpng,7,1,230778,463203,3439189,519643,1,1,3,"[3439189,3443866,3414141]","[522096,519643,519082]"
cbsd68_0033,zlpng,7,8,230778,463203,2134895,489247,1,1,3,"[2132812,2134895,2148336]","[485131,497690,489247]"
cbsd68_0033,zlpng,8,1,213505,463203,17157889,1483725,1,1,3,"[17089756,17157889,17343698]","[1484316,1483725,1479939]"
cbsd68_0033,zlpng,8,8,213505,463203,9706918,1204694,1,1,3,"[9670664,9731154,9706918]","[1037272,1360760,1204694]"
cbsd68_0016,original_zpng,0,1,206249,463203,1098685,455737,1,1,3,"[1100988,1095850,1098685]","[455737,456488,454955]"
cbsd68_0016,png,0,1,263049,463203,22509157,2216698,1,1,3,"[22346583,22509157,22591852]","[2216698,2210359,2227515]"
cbsd68_0016,zlpng,1,1,187779,463203,827195,360393,1,1,3,"[827195,827236,826215]","[360393,362606,359972]"
cbsd68_0016,zlpng,1,8,187779,463203,748147,341244,1,1,3,"[747656,752563,748147]","[341244,371660,217628]"
cbsd68_0016,zlpng,2,1,192438,463203,928489,517399,1,1,3,"[928489,927647,937542]","[515596,517399,521806]"
cbsd68_0016,zlpng,2,8,192438,463203,773335,475116,1,1,3,"[827446,728497,773335]","[475116,482326,462536]"
cbsd68_0016,zlpng,3,1,195558,463203,1286787,519051,1,1,3,"[1291094,1283814,1286787]","[517830,519051,521024]"
cbsd68_0016,zlpng,3,8,195558,463203,897712,477719,1,1,3,"[1248710,839865,897712]","[477719,473844,501545]"
cbsd68_0016,zlpng,4,1,201461,463203,1497765,567004,1,1,3,"[1500439,1497215,1497765]","[567004,569347,566113]"
cbsd68_0016,zlpng,4,8,201461,463203,1337213,534865,1,1,3,"[1367510,970822,1337213]","[324569,543869,534865]"
cbsd68_0016,zlpng,5,1,193318,463203,2731043,523759,1,1,3,"[2731043,2715239,2734798]","[523468,523759,524220]"
cbsd68_0016,zlpng,5,8,193318,463203,1559979,493112,1,1,3,"[1559979,1778228,1513660]","[493112,508877,303557]"
cbsd68_0016,zlpng,6,1,192160,463203,3451148,511100,1,1,3,"[3454582,3437868,3451148]","[511100,509467,513873]"
cbsd68_0016,zlpng,6,8,192160,463203,2019762,470658,1,1,3,"[1929626,2019762,2092130]","[470658,464359,470910]"
cbsd68_0016,zlpng,7,1,190870,463203,3888255,504540,1,1,3,"[3874695,3888255,3938241]","[506112,504540,503098]"
cbsd68_0016,zlpng,7,8,190870,463203,2369659,482727,1,1,3,"[2220404,2369659,2402128]","[457809,482727,500684]"
cbsd68_0016,zlpng,8,1,171938,463203,16132715,1614802,1,1,3,"[16165515,16123110,16132715]","[1617886,1614802,1609724]"
cbsd68_0016,zlpng,8,8,171938,463203,8663387,1196251,1,1,3,"[8665239,8643246,8663387]","[1338225,1196251,1028108]"
r3_syn_tuple_palette_1,original_zpng,0,1,2174,1574912,456467,449207,1,1,3,"[449106,456467,461495]","[446052,449207,449336]"
r3_syn_tuple_palette_1,png,0,1,5838,1574912,7228085,2627267,1,1,3,"[7228085,7187163,7299773]","[2625604,2627267,2734678]"
r3_syn_tuple_palette_1,zlpng,1,1,5161,1574912,247503,657541,1,1,3,"[247503,247202,258910]","[656549,657541,659403]"
r3_syn_tuple_palette_1,zlpng,1,8,5161,1574912,98739,161443,1,1,3,"[99300,98739,96125]","[166090,161443,157667]"
r3_syn_tuple_palette_1,zlpng,2,1,17028,1574912,403628,744120,1,1,3,"[420594,403628,395225]","[744120,747406,743399]"
r3_syn_tuple_palette_1,zlpng,2,8,17028,1574912,188173,300543,1,1,3,"[195074,184708,188173]","[303987,300543,285760]"
r3_syn_tuple_palette_1,zlpng,3,1,11776,1574912,391570,695437,1,1,3,"[387413,391570,391590]","[694386,695437,697451]"
r3_syn_tuple_palette_1,zlpng,3,8,11776,1574912,181664,274063,1,1,3,"[183196,114443,181664]","[289136,158479,274063]"
r3_syn_tuple_palette_1,zlpng,4,1,11718,1574912,439772,694797,1,1,3,"[439772,436507,444439]","[694797,691882,695978]"
r3_syn_tuple_palette_1,zlpng,4,8,11718,1574912,135404,164808,1,1,3,"[196466,135404,129946]","[283888,164808,161834]"
r3_syn_tuple_palette_1,zlpng,5,1,8663,1574912,353373,661946,1,1,3,"[353373,344630,392562]","[664420,661946,660174]"
r3_syn_tuple_palette_1,zlpng,5,8,8663,1574912,183115,274773,1,1,3,"[185739,183115,173271]","[274773,276307,260422]"
r3_syn_tuple_palette_1,zlpng,6,1,8278,1574912,385260,658902,1,1,3,"[377679,385260,421384]","[657501,671251,658902]"
r3_syn_tuple_palette_1,zlpng,6,8,8278,1574912,237507,272410,1,1,3,"[549698,237507,187472]","[273192,163587,272410]"
r3_syn_tuple_palette_1,zlpng,7,1,2377,1574912,379271,614165,1,1,3,"[379271,380413,367914]","[616308,614165,613454]"
r3_syn_tuple_palette_1,zlpng,7,8,2377,1574912,515867,219721,1,1,3,"[515867,532151,176706]","[152630,219721,257347]"
r3_syn_tuple_palette_1,zlpng,8,1,1743,1574912,12861618,610509,1,1,3,"[12627066,12861618,12929571]","[610509,608807,614906]"
r3_syn_tuple_palette_1,zlpng,8,8,1743,1574912,2234074,237327,1,1,3,"[2239052,2234074,2219181]","[235956,239260,237327]"
sk_ihc,original_zpng,0,1,401063,786432,1642193,697029,1,1,3,"[1653260,1637245,1642193]","[696589,697029,700054]"
sk_ihc,png,0,1,469522,786432,38689514,4353166,1,1,3,"[38689514,38757436,38688202]","[4353166,4657173,4337522]"
sk_ihc,zlpng,1,1,344469,786432,1393068,578902,1,1,3,"[1393068,1403023,1387139]","[576197,583539,578902]"
sk_ihc,zlpng,1,8,344469,786432,943210,231939,1,1,3,"[943210,737671,948739]","[436898,231939,223437]"
sk_ihc,zlpng,2,1,351017,786432,1621222,812894,1,1,3,"[1620791,1621222,1623936]","[813435,810861,812894]"
sk_ihc,zlpng,2,8,351017,786432,941998,554245,1,1,3,"[1093947,941998,842108]","[554245,306933,570249]"
sk_ihc,zlpng,3,1,358560,786432,2300414,848277,1,1,3,"[2302437,2300414,2289448]","[847656,852313,848277]"
sk_ihc,zlpng,3,8,358560,786432,1060317,514865,1,1,3,"[1002820,1378907,1060317]","[524220,322285,514865]"
sk_ihc,zlpng,4,1,374438,786432,2816471,980877,1,1,3,"[2814238,2826927,2816471]","[979665,980877,982089]"
sk_ihc,zlpng,4,8,374438,786432,1454591,638511,1,1,3,"[1221039,1454591,1559128]","[673495,349667,638511]"
sk_ihc,zlpng,5,1,354767,786432,4836894,881748,1,1,3,"[4854140,4826729,4836894]","[881748,882199,881578]"
sk_ihc,zlpng,5,8,354767,786432,1902265,607354,1,1,3,"[2111450,1902265,1684757]","[548897,607354,613784]"
sk_ihc,zlpng,6,1,353178,786432,6115109,860426,1,1,3,"[6115109,6034678,6181719]","[860426,860066,861137]"
sk_ihc,zlpng,6,8,353178,786432,2174975,598632,1,1,3,"[2395518,2055025,2174975]","[603138,531140,598632]"
sk_ihc,zlpng,7,1,351655,786432,6861904,854768,1,1,3,"[6845158,6877828,6861904]","[856400,854768,852374]"
sk_ihc,zlpng,7,8,351655,786432,2589160,598311,1,1,3,"[2589160,2767147,2531562]","[521195,598311,609218]"
sk_ihc,zlpng,8,1,322337,786432,9582921,911593,1,1,3,"[9589511,9582921,9527047]","[911052,911593,912023]"
sk_ihc,zlpng,8,8,322337,786432,3744109,535576,1,1,3,"[3644999,3795446,3744109]","[356016,550579,535576]"
kodak_23,original_zpng,0,1,543560,1179648,2891925,1071273,1,1,3,"[2890954,2897954,2891925]","[1067818,1071273,1073086]"
kodak_23,png,0,1,562274,1179648,92174801,4788391,1,1,3,"[92178306,92116883,92174801]","[4774420,4805587,4788391]"
kodak_23,zlpng,1,1,494248,1179648,2075145,846334,1,1,3,"[2058540,2075145,2091670]","[843420,846334,855920]"
kodak_23,zlpng,1,8,494248,1179648,1059265,425451,1,1,3,"[747415,1059265,1098104]","[449247,425451,421555]"
kodak_23,zlpng,2,1,507727,1179648,2796060,1247659,1,1,3,"[2796060,2790282,2796922]","[1247509,1247659,1255942]"
kodak_23,zlpng,2,8,507727,1179648,1170042,586123,1,1,3,"[1170042,1361630,1098384]","[581857,590069,586123]"
kodak_23,zlpng,3,1,527649,1179648,4108077,1339237,1,1,3,"[4108077,4112403,4101857]","[1340388,1339237,1334680]"
kodak_23,zlpng,3,8,527649,1179648,1386538,561526,1,1,3,"[1386538,1361150,1547921]","[554936,561526,611621]"
kodak_23,zlpng,4,1,549684,1179648,4665416,1522773,1,1,3,"[4665416,4663933,4672146]","[1522773,1524837,1521602]"
kodak_23,zlpng,4,8,549684,1179648,1634632,368655,1,1,3,"[1754202,1094258,1634632]","[363948,611181,368655]"
kodak_23,zlpng,5,1,517935,1179648,7644332,1363303,1,1,3,"[7616179,7681518,7644332]","[1362773,1372647,1363303]"
kodak_23,zlpng,5,8,517935,1179648,2395988,635217,1,1,3,"[2402769,2395988,1756896]","[665201,633404,635217]"
kodak_23,zlpng,6,1,515453,1179648,9653478,1332126,1,1,3,"[9653478,9635871,9663453]","[1332126,1333929,1330583]"
kodak_23,zlpng,6,8,515453,1179648,2852696,641987,1,1,3,"[2624042,2880748,2852696]","[641987,472000,644130]"
kodak_23,zlpng,7,1,513944,1179648,11243692,1329913,1,1,3,"[11236031,11243692,11295611]","[1328791,1329913,1332967]"
kodak_23,zlpng,7,8,513944,1179648,2882211,620064,1,1,3,"[2613856,2882211,3071375]","[614436,628096,620064]"
kodak_23,zlpng,8,1,466544,1179648,20329556,2098951,1,1,3,"[20354553,20329556,20241282]","[2098240,2099201,2098951]"
kodak_23,zlpng,8,8,466544,1179648,9320076,1435562,1,1,3,"[9388428,9320076,9272413]","[1516384,1435562,1268079]"
syn_checker_0,original_zpng,0,1,436,196608,61012,50867,1,1,3,"[68984,60802,61012]","[52529,50867,50796]"
syn_checker_0,png,0,1,1133,196608,886736,266181,1,1,3,"[887236,886736,881808]","[266181,269145,264728]"
syn_checker_0,zlpng,1,1,122,196608,32329,241884,1,1,3,"[34091,30266,32329]","[242715,241884,241834]"
syn_checker_0,zlpng,1,8,122,196608,30286,241794,1,1,3,"[30286,28533,31377]","[241794,241293,244107]"
syn_checker_0,zlpng,2,1,434,196608,30596,245490,1,1,3,"[30596,29875,33440]","[244118,247092,245490]"
syn_checker_0,zlpng,2,8,434,196608,31157,245309,1,1,3,"[31418,30166,31157]","[246942,245309,244929]"
syn_checker_0,zlpng,3,1,434,196608,32559,245169,1,1,3,"[32559,31687,33330]","[244819,246892,245169]"
syn_checker_0,zlpng,3,8,434,196608,31958,245190,1,1,3,"[31768,31958,32438]","[245350,244969,245190]"
syn_checker_0,zlpng,4,1,2139,196608,119460,280933,1,1,3,"[120211,118198,119460]","[286762,280933,280833]"
syn_checker_0,zlpng,4,8,2139,196608,120021,281774,1,1,3,"[121493,120021,119360]","[281814,281774,281644]"
syn_checker_0,zlpng,5,1,599,196608,44126,252380,1,1,3,"[42635,45449,44126]","[254443,252380,250267]"
syn_checker_0,zlpng,5,8,599,196608,42074,249756,1,1,3,"[44137,41452,42074]","[249756,254013,249175]"
syn_checker_0,zlpng,6,1,434,196608,39189,245569,1,1,3,"[40161,38609,39189]","[246200,245569,245329]"
syn_checker_0,zlpng,6,8,434,196608,38699,245871,1,1,3,"[40831,38367,38699]","[245590,245871,248113]"
syn_checker_0,zlpng,7,1,401,196608,53241,254082,1,1,3,"[53241,50076,53461]","[255294,254082,253802]"
syn_checker_0,zlpng,7,8,401,196608,50887,254503,1,1,3,"[53691,50786,50887]","[256887,253922,254503]"
syn_checker_0,zlpng,8,1,90,196608,1661752,257939,1,1,3,"[1658617,1661752,1684577]","[260623,257939,257338]"
syn_checker_0,zlpng,8,8,90,196608,1666320,259981,1,1,3,"[1672268,1643015,1666320]","[260312,259981,257928]"
r3_syn_bias_field_0,original_zpng,0,1,74755,197890,655748,186761,1,1,3,"[659404,655597,655748]","[186761,185730,187122]"
r3_syn_bias_field_0,png,0,1,64716,197890,13825901,1036000,1,1,3,"[13801915,13825901,13828164]","[1036000,1035329,1037162]"
r3_syn_bias_field_0,zlpng,1,1,64551,197890,495656,175584,1,1,3,"[499783,492782,495656]","[180772,175584,174152]"
r3_syn_bias_field_0,zlpng,1,8,64551,197890,498080,176106,1,1,3,"[497058,499081,498080]","[176606,176106,175223]"
r3_syn_bias_field_0,zlpng,2,1,62005,197890,696018,344329,1,1,3,"[697100,692322,696018]","[344329,343237,345260]"
r3_syn_bias_field_0,zlpng,2,8,62005,197890,692232,342305,1,1,3,"[835438,691301,692232]","[350998,341935,342305]"
r3_syn_bias_field_0,zlpng,3,1,59752,197890,614465,324449,1,1,3,"[614465,615176,608817]","[327013,324449,321214]"
r3_syn_bias_field_0,zlpng,3,8,59752,197890,623199,324269,1,1,3,"[802288,613093,623199]","[328185,324269,324048]"
r3_syn_bias_field_0,zlpng,4,1,59752,197890,615097,326792,1,1,3,"[802929,611611,615097]","[331459,323207,326792]"
r3_syn_bias_field_0,zlpng,4,8,59752,197890,614035,325611,1,1,3,"[678612,612913,614035]","[325049,325611,326392]"
r3_syn_bias_field_0,zlpng,5,1,57783,197890,1627782,333863,1,1,3,"[1983878,1627782,1622173]","[393642,333863,330437]"
r3_syn_bias_field_0,zlpng,5,8,57783,197890,1625107,336908,1,1,3,"[1979761,1625107,1622574]","[393182,336908,334123]"
r3_syn_bias_field_0,zlpng,6,1,57783,197890,1641132,334053,1,1,3,"[1985630,1641132,1637166]","[393913,332240,334053]"
r3_syn_bias_field_0,zlpng,6,8,57783,197890,1645328,337328,1,1,3,"[1795614,1645328,1623475]","[369166,337328,332761]"
r3_syn_bias_field_0,zlpng,7,1,57783,197890,1631748,333512,1,1,3,"[1822544,1630816,1631748]","[400373,333512,331719]"
r3_syn_bias_field_0,zlpng,7,8,57783,197890,1632578,333903,1,1,3,"[1771047,1632578,1621953]","[337558,333903,332641]"
r3_syn_bias_field_0,zlpng,8,1,46314,197890,2286664,207352,1,1,3,"[2291561,2284160,2286664]","[206140,207522,207352]"
r3_syn_bias_field_0,zlpng,8,8,46314,197890,2283910,204828,1,1,3,"[2291180,2283910,2280555]","[204779,208413,204828]"
syn_checker_1,original_zpng,0,1,609,392959,117297,97927,1,1,3,"[117356,117297,117077]","[98479,97617,97927]"
syn_checker_1,png,0,1,1526,392959,1770756,565161,1,1,3,"[1764717,1774763,1770756]","[565161,568636,561967]"
syn_checker_1,zlpng,1,1,342,392959,57617,499152,1,1,3,"[61222,57617,54112]","[499152,499202,496107]"
syn_checker_1,zlpng,1,8,342,392959,69505,368305,1,1,3,"[85829,69505,42824]","[368686,367634,368305]"
syn_checker_1,zlpng,2,1,887,392959,81863,521956,1,1,3,"[82644,80501,81863]","[522698,521956,518351]"
syn_checker_1,zlpng,2,8,887,392959,77256,367353,1,1,3,"[77256,58117,124417]","[365861,416387,367353]"
syn_checker_1,zlpng,3,1,602,392959,65588,499332,1,1,3,"[68974,65588,63225]","[500374,499332,495777]"
syn_checker_1,zlpng,3,8,602,392959,53010,355445,1,1,3,"[53010,76755,41893]","[361224,334153,355445]"
syn_checker_1,zlpng,4,1,602,392959,79821,498661,1,1,3,"[82004,79821,78589]","[496728,499201,498661]"
syn_checker_1,zlpng,4,8,602,392959,52920,354724,1,1,3,"[51327,169375,52920]","[333753,354724,358860]"
syn_checker_1,zlpng,5,1,329,392959,61703,494785,1,1,3,"[63816,61703,61182]","[496177,494635,494785]"
syn_checker_1,zlpng,5,8,329,392959,72029,335675,1,1,3,"[72029,81723,70757]","[335675,335195,352170]"
syn_checker_1,zlpng,6,1,329,392959,72940,492962,1,1,3,"[72339,74432,72940]","[495286,492962,492322]"
syn_checker_1,zlpng,6,8,329,392959,85469,350578,1,1,3,"[89255,85469,84838]","[359391,349947,350578]"
syn_checker_1,zlpng,7,1,197,392959,99450,494945,1,1,3,"[100291,99450,98268]","[495476,494945,493443]"
syn_checker_1,zlpng,7,8,197,392959,107311,350408,1,1,3,"[107311,101573,111719]","[338250,350408,362986]"
syn_checker_1,zlpng,8,1,165,392959,3116113,490779,1,1,3,"[3116113,3123414,3103884]","[490779,492061,490349]"
syn_checker_1,zlpng,8,8,165,392959,2087073,351479,1,1,3,"[2122897,2085671,2087073]","[354854,351479,333132]"
cbsd68_0041,original_zpng,0,1,252316,463203,978584,402015,1,1,3,"[978584,979585,976470]","[399271,402887,402015]"
cbsd68_0041,png,0,1,290235,463203,23574071,2566054,1,1,3,"[23407120,23575023,23574071]","[2548648,2566054,2568418]"
cbsd68_0041,zlpng,1,1,224776,463203,753846,350147,1,1,3,"[753846,764472,750901]","[355996,350147,347703]"
cbsd68_0041,zlpng,1,8,224776,463203,721186,355366,1,1,3,"[607255,746915,721186]","[367644,340313,355366]"
cbsd68_0041,zlpng,2,1,230339,463203,872294,491019,1,1,3,"[876259,872294,871363]","[492753,488395,491019]"
cbsd68_0041,zlpng,2,8,230339,463203,701938,461495,1,1,3,"[588586,822168,701938]","[458521,465941,461495]"
cbsd68_0041,zlpng,3,1,236254,463203,1542893,521896,1,1,3,"[1545608,1542893,1541611]","[523708,520945,521896]"
cbsd68_0041,zlpng,3,8,236254,463203,1106357,311609,1,1,3,"[1137453,968809,1106357]","[311609,442977,301233]"
cbsd68_0041,zlpng,4,1,245505,463203,1824148,601996,1,1,3,"[1830186,1822484,1824148]","[603038,600585,601996]"
cbsd68_0041,zlpng,4,8,245505,463203,1353459,552322,1,1,3,"[1353459,1059566,1406318]","[566713,352842,552322]"
cbsd68_0041,zlpng,5,1,233933,463203,2998105,537209,1,1,3,"[2998105,3000429,2983363]","[537209,538881,531961]"
cbsd68_0041,zlpng,5,8,233933,463203,1736445,486933,1,1,3,"[1821834,1736445,1730306]","[309856,508947,486933]"
cbsd68_0041,zlpng,6,1,233454,463203,3535243,529578,1,1,3,"[3552850,3535114,3535243]","[529658,529357,529578]"
cbsd68_0041,zlpng,6,8,233454,463203,2054914,488336,1,1,3,"[2054914,2054124,2065190]","[488336,493413,474745]"
cbsd68_0041,zlpng,7,1,232666,463203,4107846,525311,1,1,3,"[4109629,4096088,4107846]","[526443,525311,523228]"
cbsd68_0041,zlpng,7,8,232666,463203,2414165,481175,1,1,3,"[2414165,2415688,2378953]","[470319,485712,481175]"
cbsd68_0041,zlpng,8,1,224242,463203,13706021,1278145,1,1,3,"[13738609,13706021,13701935]","[1278486,1278145,1274259]"
cbsd68_0041,zlpng,8,8,224242,463203,11238775,1050852,1,1,3,"[11283442,11219847,11238775]","[1050852,1056791,1046125]"
syn_ui_dark_2,original_zpng,0,1,20373,2359296,1156552,1004893,1,1,3,"[1159206,1111614,1156552]","[1014037,962930,1004893]"
syn_ui_dark_2,png,0,1,44936,2359296,11611265,4601910,1,1,3,"[11616313,11555742,11611265]","[4894752,4601910,4592847]"
syn_ui_dark_2,zlpng,1,1,44276,2359296,510649,1296262,1,1,3,"[532502,492161,510649]","[1321911,1291355,1296262]"
syn_ui_dark_2,zlpng,1,8,44276,2359296,217448,370027,1,1,3,"[227713,183846,217448]","[384009,353262,370027]"
syn_ui_dark_2,zlpng,2,1,32067,2359296,481846,1367960,1,1,3,"[481846,485361,479873]","[1367960,1368521,1363053]"
syn_ui_dark_2,zlpng,2,8,32067,2359296,175094,342966,1,1,3,"[139520,175094,179780]","[323137,377949,342966]"
syn_ui_dark_2,zlpng,3,1,32176,2359296,553975,1337284,1,1,3,"[553975,558552,541996]","[1335040,1337284,1338355]"
syn_ui_dark_2,zlpng,3,8,32176,2359296,195164,358680,1,1,3,"[151738,195164,208214]","[325270,429908,358680]"
syn_ui_dark_2,zlpng,4,1,32763,2359296,588987,1349132,1,1,3,"[588987,598271,576388]","[1355662,1349132,1348310]"
syn_ui_dark_2,zlpng,4,8,32763,2359296,231268,354824,1,1,3,"[240602,231268,209465]","[346122,369757,354824]"
syn_ui_dark_2,zlpng,5,1,31962,2359296,1051374,1316252,1,1,3,"[1051374,1055940,1039405]","[1315811,1317404,1316252]"
syn_ui_dark_2,zlpng,5,8,31962,2359296,342466,372581,1,1,3,"[342466,340773,389957]","[377919,372581,366672]"
syn_ui_dark_2,zlpng,6,1,31950,2359296,1132265,1311225,1,1,3,"[1132265,1126025,1135320]","[1311225,1304535,1312286]"
syn_ui_dark_2,zlpng,6,8,31950,2359296,418110,371380,1,1,3,"[403177,418110,426121]","[371380,319761,403338]"
syn_ui_dark_2,zlpng,7,1,31161,2359296,1537606,1300208,1,1,3,"[1538978,1533449,1537606]","[1297844,1300208,1303372]"
syn_ui_dark_2,zlpng,7,8,31161,2359296,521916,325220,1,1,3,"[844302,521916,490178]","[325220,362255,318359]"
syn_ui_dark_2,zlpng,8,1,28907,2359296,21507820,1347759,1,1,3,"[21507820,21534981,21486457]","[1347759,1348731,1341741]"
syn_ui_dark_2,zlpng,8,8,28907,2359296,4600759,386392,1,1,3,"[4693709,4591975,4600759]","[386392,380253,391139]"
sk_kidney_z08_c2,original_zpng,0,1,393616,524288,618371,364379,1,1,3,"[618371,620394,617299]","[366492,364379,362696]"
sk_kidney_z08_c2,png,0,1,390675,524288,28150944,2911755,1,1,3,"[28150944,28249141,28139667]","[2911755,2914620,2905405]"
sk_kidney_z08_c2,zlpng,1,1,389902,524288,423267,432692,1,1,3,"[403117,423267,427183]","[427784,432692,433313]"
sk_kidney_z08_c2,zlpng,1,8,389902,524288,266210,238539,1,1,3,"[263777,483638,266210]","[465831,237598,238539]"
sk_kidney_z08_c2,zlpng,2,1,340256,524288,2270299,593013,1,1,3,"[2270299,2263579,2273453]","[594035,593013,591981]"
sk_kidney_z08_c2,zlpng,2,8,340256,524288,1641922,610459,1,1,3,"[1699469,1641922,1398426]","[610459,650500,319932]"
sk_kidney_z08_c2,zlpng,3,1,340282,524288,2884484,592081,1,1,3,"[2884484,2884975,2883723]","[590178,592963,592081]"
sk_kidney_z08_c2,zlpng,3,8,340282,524288,2061575,589347,1,1,3,"[1484455,2061575,2281126]","[309556,589347,589988]"
sk_kidney_z08_c2,zlpng,4,1,340282,524288,3063684,592973,1,1,3,"[3074841,3053949,3063684]","[594906,592973,590529]"
sk_kidney_z08_c2,zlpng,4,8,340282,524288,2166513,324880,1,1,3,"[2166513,2341626,1901944]","[650600,324880,308945]"
sk_kidney_z08_c2,zlpng,5,1,339592,524288,3823828,589948,1,1,3,"[3832451,3823828,3815556]","[589948,592973,587344]"
sk_kidney_z08_c2,zlpng,5,8,339592,524288,2784453,560755,1,1,3,"[2902541,2784453,2527526]","[657169,560755,467154]"
sk_kidney_z08_c2,zlpng,6,1,339592,524288,4405805,588015,1,1,3,"[4405805,4396361,4423692]","[588015,584860,590589]"
sk_kidney_z08_c2,zlpng,6,8,339592,524288,3576626,585382,1,1,3,"[2932546,3593882,3576626]","[585382,634475,402997]"
sk_kidney_z08_c2,zlpng,7,1,339592,524288,5175774,589608,1,1,3,"[5183706,5175774,5153702]","[588156,589608,589848]"
sk_kidney_z08_c2,zlpng,7,8,339592,524288,3170174,318029,1,1,3,"[3261843,2968661,3170174]","[628777,318029,316938]"
sk_kidney_z08_c2,zlpng,8,1,332997,524288,8387311,849930,1,1,3,"[8381593,8395823,8387311]","[849930,850491,847446]"
sk_kidney_z08_c2,zlpng,8,8,332997,524288,4694860,456958,1,1,3,"[4970565,4525375,4694860]","[649378,456958,454825]"
r3_syn_serpentine_runs_1,original_zpng,0,1,7075,393728,211008,153211,1,1,3,"[211919,211008,202324]","[156817,153211,151087]"
r3_syn_serpentine_runs_1,png,0,1,4840,393728,1746430,888298,1,1,3,"[1747742,1746430,1744547]","[888007,888298,889139]"
r3_syn_serpentine_runs_1,zlpng,1,1,10529,393728,146610,527644,1,1,3,"[149706,146610,137447]","[527644,529488,521926]"
r3_syn_serpentine_runs_1,zlpng,1,8,10529,393728,147281,352891,1,1,3,"[94973,147281,162144]","[349997,402136,352891]"
r3_syn_serpentine_runs_1,zlpng,2,1,3731,393728,106050,524009,1,1,3,"[106050,108183,105839]","[520875,525512,524009]"
r3_syn_serpentine_runs_1,zlpng,2,8,3731,393728,94772,379351,1,1,3,"[111118,94772,61894]","[353041,385070,379351]"
r3_syn_serpentine_runs_1,zlpng,3,1,3138,393728,105840,522216,1,1,3,"[105840,105329,107633]","[524449,522216,518530]"
r3_syn_serpentine_runs_1,zlpng,3,8,3138,393728,133581,386563,1,1,3,"[133581,158138,72709]","[386563,390989,372651]"
r3_syn_serpentine_runs_1,zlpng,4,1,3394,393728,116685,521285,1,1,3,"[116685,115303,129425]","[521285,521095,527013]"
r3_syn_serpentine_runs_1,zlpng,4,8,3394,393728,127893,379581,1,1,3,"[127893,129224,120271]","[384840,352501,379581]"
r3_syn_serpentine_runs_1,zlpng,5,1,4776,393728,167833,530990,1,1,3,"[167833,172149,161603]","[530699,532192,530990]"
r3_syn_serpentine_runs_1,zlpng,5,8,4776,393728,131168,400082,1,1,3,"[131168,118007,242245]","[403117,400082,348485]"
r3_syn_serpentine_runs_1,zlpng,6,1,3124,393728,165239,519803,1,1,3,"[161914,168153,165239]","[520554,519803,519452]"
r3_syn_serpentine_runs_1,zlpng,6,8,3124,393728,182295,375966,1,1,3,"[199120,182034,182295]","[350458,382155,375966]"
r3_syn_serpentine_runs_1,zlpng,7,1,2084,393728,241043,513123,1,1,3,"[258860,239821,241043]","[514775,512432,513123]"
r3_syn_serpentine_runs_1,zlpng,7,8,2084,393728,245851,368525,1,1,3,"[286281,245851,221454]","[396437,365470,368525]"
r3_syn_serpentine_runs_1,zlpng,8,1,1422,393728,3570607,532181,1,1,3,"[3570186,3572851,3570607]","[531971,532782,532181]"
r3_syn_serpentine_runs_1,zlpng,8,8,1422,393728,2395818,363828,1,1,3,"[2395818,2390781,2434837]","[382356,363828,360964]"
r3_dicom_rg1_uncr_f0,original_zpng,0,1,5291605,7198310,6450314,4970475,1,1,3,"[6479999,6360339,6450314]","[5065459,4968462,4970475]"
r3_dicom_rg1_uncr_f0,png,0,1,5266011,7198310,358359571,35200790,1,1,3,"[358359571,366374501,357691855]","[36048717,35200790,35117896]"
r3_dicom_rg1_uncr_f0,zlpng,1,1,5179453,7198310,5468586,5871482,1,1,3,"[5402796,5582206,5468586]","[5859294,5889570,5871482]"
r3_dicom_rg1_uncr_f0,zlpng,1,8,5179453,7198310,1250303,923671,1,1,3,"[1250303,959074,1407049]","[931463,916500,923671]"
r3_dicom_rg1_uncr_f0,zlpng,2,1,4467072,7198310,31479586,7780217,1,1,3,"[31479586,31483353,31320848]","[7780217,7786686,7740286]"
r3_dicom_rg1_uncr_f0,zlpng,2,8,4467072,7198310,4844215,1228630,1,1,3,"[4861942,4844215,4830945]","[1231124,1228630,1220148]"
r3_dicom_rg1_uncr_f0,zlpng,3,1,4466189,7198310,41572175,7755178,1,1,3,"[41548109,41679347,41572175]","[7727007,7762580,7755178]"
r3_dicom_rg1_uncr_f0,zlpng,3,8,4466189,7198310,6522382,1254339,1,1,3,"[6522382,6413017,6697055]","[1241620,1392266,1254339]"
r3_dicom_rg1_uncr_f0,zlpng,4,1,4466189,7198310,42535546,7750292,1,1,3,"[42920737,42535546,42439902]","[8202553,7720116,7750292]"
r3_dicom_rg1_uncr_f0,zlpng,4,8,4466189,7198310,6603375,1239857,1,1,3,"[6603375,6601401,7127073]","[1238726,1239857,1259436]"
r3_dicom_rg1_uncr_f0,zlpng,5,1,4465225,7198310,46498564,7738104,1,1,3,"[46507167,46498564,46186264]","[7738104,7770912,7735509]"
r3_dicom_rg1_uncr_f0,zlpng,5,8,4465225,7198310,7839856,1494160,1,1,3,"[7839856,8049272,7819797]","[1494160,1267689,1611938]"
r3_dicom_rg1_uncr_f0,zlpng,6,1,4465225,7198310,56502720,7741128,1,1,3,"[56502720,56698435,56414327]","[7731223,7762410,7741128]"
r3_dicom_rg1_uncr_f0,zlpng,6,8,4465225,7198310,9124661,1443604,1,1,3,"[9122388,9124661,9182528]","[1443604,1509734,1331285]"
r3_dicom_rg1_uncr_f0,zlpng,7,1,4465225,7198310,68856764,7774739,1,1,3,"[67623547,68856764,69055825]","[7754748,8102071,7774739]"
r3_dicom_rg1_uncr_f0,zlpng,7,8,4465225,7198310,11120117,1371806,1,1,3,"[11086255,11120117,11658978]","[1299367,1388291,1371806]"
r3_dicom_rg1_uncr_f0,zlpng,8,1,4282618,7198310,103250019,9174426,1,1,3,"[103440686,103238382,103250019]","[9174426,9177070,9164161]"
r3_dicom_rg1_uncr_f0,zlpng,8,8,4282618,7198310,15523628,1631998,1,1,3,"[15523628,15734365,15311438]","[1631998,1712959,1510644]"
kodak_03,original_zpng,0,1,477328,1179648,3070905,1184454,1,1,3,"[3070905,3053378,3072047]","[1184454,1177754,1185385]"
kodak_03,png,0,1,549657,1179648,79886335,4798706,1,1,3,"[79886335,79890971,79838663]","[4798706,4808401,4786718]"
kodak_03,zlpng,1,1,478064,1179648,2468127,904061,1,1,3,"[2472183,2455128,2468127]","[915809,904061,900406]"
kodak_03,zlpng,1,8,478064,1179648,608997,238900,1,1,3,"[608997,1122380,605382]","[238900,449988,237478]"
kodak_03,zlpng,2,1,485823,1179648,2863903,1313268,1,1,3,"[2874058,2863903,2861409]","[1313268,1316432,1310914]"
kodak_03,zlpng,2,8,485823,1179648,936530,315365,1,1,3,"[936530,670940,937511]","[315365,314924,612572]"
kodak_03,zlpng,3,1,496981,1179648,3861375,1332286,1,1,3,"[3872222,3853043,3861375]","[1336703,1330313,1332286]"
kodak_03,zlpng,3,8,496981,1179648,1566429,643579,1,1,3,"[1566429,1332386,1726711]","[654656,643579,592512]"
kodak_03,zlpng,4,1,509594,1179648,4242569,1455322,1,1,3,"[4264342,4232914,4242569]","[1461040,1453079,1455322]"
kodak_03,zlpng,4,8,509594,1179648,1469153,670520,1,1,3,"[1688303,1469153,1369022]","[650569,670520,683990]"
kodak_03,zlpng,5,1,485471,1179648,7427035,1361631,1,1,3,"[7438933,7394476,7427035]","[1372327,1360739,1361631]"
kodak_03,zlpng,5,8,485471,1179648,2072461,591080,1,1,3,"[1745989,2170409,2072461]","[591080,567615,638822]"
kodak_03,zlpng,6,1,481868,1179648,10018818,1313868,1,1,3,"[10018818,9975422,10037576]","[1315250,1312656,1313868]"
kodak_03,zlpng,6,8,481868,1179648,2494547,629829,1,1,3,"[2536880,2490460,2494547]","[634385,624781,629829]"
kodak_03,zlpng,7,1,480401,1179648,11157622,1311515,1,1,3,"[11157622,11120137,11172275]","[1311275,1311515,1319908]"
kodak_03,zlpng,7,8,480401,1179648,2822431,618361,1,1,3,"[2822431,3003523,2782099]","[618361,626063,559903]"
kodak_03,zlpng,8,1,447931,1179648,38886301,3510286,1,1,3,"[39503340,38886301,38884127]","[3507743,3520521,3510286]"
kodak_03,zlpng,8,8,447931,1179648,10698412,1438616,1,1,3,"[10564650,11002259,10698412]","[1096932,1598216,1438616]"
syn_grains16_0,original_zpng,0,1,253735,393216,382196,228023,1,1,3,"[382196,384549,380172]","[226611,228023,228364]"
syn_grains16_0,png,0,1,254899,393216,42332530,1700051,1,1,3,"[42357488,42332530,42326701]","[1700051,1702404,1697256]"
syn_grains16_0,zlpng,1,1,265078,393216,325820,321654,1,1,3,"[327814,314985,325820]","[321654,320863,322336]"
syn_grains16_0,zlpng,1,8,265078,393216,287163,277918,1,1,3,"[293282,287163,230437]","[297578,277918,245600]"
syn_grains16_0,zlpng,2,1,228323,393216,1786100,470238,1,1,3,"[1804427,1786100,1777938]","[470238,468195,470438]"
syn_grains16_0,zlpng,2,8,228323,393216,1178665,375345,1,1,3,"[1288761,1178665,1178074]","[375345,387364,322335]"
syn_grains16_0,zlpng,3,1,228330,393216,2174214,472302,1,1,3,"[2174214,2162577,2183378]","[474755,466202,472302]"
syn_grains16_0,zlpng,3,8,228330,393216,1435031,352501,1,1,3,"[1439438,1435031,1428712]","[368455,352501,319211]"
syn_grains16_0,zlpng,4,1,228330,393216,2166153,467424,1,1,3,"[2166153,2166022,2175396]","[468455,466984,467424]"
syn_grains16_0,zlpng,4,8,228330,393216,1443254,328575,1,1,3,"[1461160,1437705,1443254]","[372711,328575,323397]"
syn_grains16_0,zlpng,5,1,222878,393216,3280040,503909,1,1,3,"[3289504,3278718,3280040]","[503909,500473,504400]"
syn_grains16_0,zlpng,5,8,222878,393216,2248697,351940,1,1,3,"[2241827,2249548,2248697]","[365730,341434,351940]"
syn_grains16_0,zlpng,6,1,222878,393216,3529224,500744,1,1,3,"[3529224,3518699,3530587]","[500744,498671,502306]"
syn_grains16_0,zlpng,6,8,222878,393216,2398091,345671,1,1,3,"[2378532,2398091,2399474]","[342606,345671,395966]"
syn_grains16_0,zlpng,7,1,222878,393216,3763698,501455,1,1,3,"[3770057,3750278,3763698]","[502207,501455,499552]"
syn_grains16_0,zlpng,7,8,222878,393216,2505744,383137,1,1,3,"[2505744,2505533,2518422]","[350968,383137,396097]"
syn_grains16_0,zlpng,8,1,198393,393216,5676499,545151,1,1,3,"[5673814,5676499,5679704]","[545892,545151,544600]"
syn_grains16_0,zlpng,8,8,198393,393216,3720443,392551,1,1,3,"[3720353,3720443,3725200]","[392551,391009,396617]"
syn_ramp16_2,original_zpng,0,1,22632,1572864,898794,765684,1,1,3,"[873976,898794,912705]","[765684,771632,680955]"
syn_ramp16_2,png,0,1,18691,1572864,7921760,1063161,1,1,3,"[7924574,7906958,7921760]","[1050011,1063161,1220689]"
syn_ramp16_2,zlpng,1,1,9681,1572864,258740,1208891,1,1,3,"[255385,267633,258740]","[1070983,1229591,1208891]"
syn_ramp16_2,zlpng,1,8,9681,1572864,176957,388094,1,1,3,"[205349,176957,170326]","[388094,404719,311479]"
syn_ramp16_2,zlpng,2,1,2744,1572864,593634,1216633,1,1,3,"[604420,593634,573193]","[1225335,1216633,1204434]"
syn_ramp16_2,zlpng,2,8,2744,1572864,446042,370488,1,1,3,"[446042,249796,448215]","[370488,406652,244298]"
syn_ramp16_2,zlpng,3,1,2744,1572864,709528,1114118,1,1,3,"[755067,440063,709528]","[1206988,1082109,1114118]"
syn_ramp16_2,zlpng,3,8,2744,1572864,603028,231579,1,1,3,"[733885,603028,523208]","[231579,231008,265029]"
syn_ramp16_2,zlpng,4,1,2744,1572864,446012,1087297,1,1,3,"[443768,721156,446012]","[1086596,1087297,1088349]"
syn_ramp16_2,zlpng,4,8,2744,1572864,848057,434905,1,1,3,"[951132,819535,848057]","[434905,435235,408235]"
syn_ramp16_2,zlpng,5,1,1013,1572864,2044909,1091274,1,1,3,"[2062136,1802245,2044909]","[1222241,1074989,1091274]"
syn_ramp16_2,zlpng,5,8,1013,1572864,1319517,489287,1,1,3,"[1319517,1404185,1229902]","[489287,529277,274093]"
syn_ramp16_2,zlpng,6,1,1013,1572864,2010818,1211104,1,1,3,"[2018300,1955004,2010818]","[1218154,1075680,1211104]"
syn_ramp16_2,zlpng,6,8,1013,1572864,1168039,349586,1,1,3,"[1168039,1115871,1426128]","[524170,349586,270157]"
syn_ramp16_2,zlpng,7,1,1013,1572864,1929365,1075860,1,1,3,"[1929365,1899381,2031950]","[1075860,1073426,1081038]"
syn_ramp16_2,zlpng,7,8,1013,1572864,1449503,552422,1,1,3,"[1449503,1246677,1509733]","[545702,558681,552422]"
syn_ramp16_2,zlpng,8,1,1785,1572864,19725235,1573159,1,1,3,"[19702802,19725235,19850724]","[1573159,1564366,1653451]"
syn_ramp16_2,zlpng,8,8,1785,1572864,4518985,509077,1,1,3,"[4518985,4730173,4513497]","[511671,504740,509077]"
kodak_22,original_zpng,0,1,626965,1179648,2247635,958824,1,1,3,"[2247635,2205942,2364090]","[958824,957342,1025794]"
kodak_22,png,0,1,703554,1179648,70477976,5847005,1,1,3,"[70065365,70477976,73428459]","[5847005,5844441,5932044]"
kodak_22,zlpng,1,1,570158,1179648,1645048,833054,1,1,3,"[1645048,1631848,1737817]","[829659,833054,881458]"
kodak_22,zlpng,1,8,570158,1179648,543469,219170,1,1,3,"[640705,543469,452521]","[421084,219170,212971]"
kodak_22,zlpng,2,1,581647,1179648,2002335,1161459,1,1,3,"[2005020,1993241,2002335]","[1161459,1161620,1159917]"
kodak_22,zlpng,2,8,581647,1179648,972685,540985,1,1,3,"[877902,972685,1078154]","[540985,290347,579142]"
kodak_22,zlpng,3,1,600286,1179648,3706472,1277975,1,1,3,"[3706472,3690648,3963338]","[1277975,1277514,1371665]"
kodak_22,zlpng,3,8,600286,1179648,980707,590690,1,1,3,"[951452,980707,1080006]","[620725,318069,590690]"
kodak_22,zlpng,4,1,625754,1179648,4766768,1529804,1,1,3,"[4766768,4739297,5108734]","[1527270,1529804,1644546]"
kodak_22,zlpng,4,8,625754,1179648,1453229,715578,1,1,3,"[1552529,1453229,1102851]","[738071,715578,377739]"
kodak_22,zlpng,5,1,593291,1179648,7145560,1312636,1,1,3,"[7167985,7145560,7144540]","[1314780,1311454,1312636]"
kodak_22,zlpng,5,8,593291,1179648,1978369,631251,1,1,3,"[2037038,1737376,1978369]","[517369,631251,647725]"
kodak_22,zlpng,6,1,592443,1179648,8380741,1305116,1,1,3,"[8376254,8380741,8920054]","[1305116,1304144,1400979]"
kodak_22,zlpng,6,8,592443,1179648,2458062,604109,1,1,3,"[2458062,2595649,2310599]","[620004,604109,593874]"
kodak_22,zlpng,7,1,591117,1179648,9977936,1293739,1,1,3,"[9996213,9965527,9977936]","[1293217,1293739,1295782]"
kodak_22,zlpng,7,8,591117,1179648,2660507,615757,1,1,3,"[2657252,2847519,2660507]","[587254,644180,615757]"
kodak_22,zlpng,8,1,552000,1179648,14015326,1356213,1,1,3,"[14013033,14015326,15005858]","[1350904,1356213,1448982]"
kodak_22,zlpng,8,8,552000,1179648,3817940,590950,1,1,3,"[3817940,3549245,4066794]","[590950,374013,676459]"
syn_map_0,original_zpng,0,1,44350,589824,600264,477289,1,1,3,"[600264,595907,600935]","[477289,477960,473213]"
syn_map_0,png,0,1,16860,589824,4306325,1114788,1,1,3,"[4306325,4303591,4324633]","[1118825,1114618,1114788]"
syn_map_0,zlpng,1,1,44554,589824,405871,402896,1,1,3,"[408245,405871,405410]","[401855,403208,402896]"
syn_map_0,zlpng,1,8,44554,589824,354073,280973,1,1,3,"[259831,369487,354073]","[198989,368875,280973]"
syn_map_0,zlpng,2,1,40100,589824,479002,511981,1,1,3,"[473453,479002,487504]","[511751,511981,512452]"
syn_map_0,zlpng,2,8,40100,589824,390328,269947,1,1,3,"[390328,407503,274193]","[452322,261765,269947]"
syn_map_0,zlpng,3,1,38650,589824,486953,495967,1,1,3,"[490138,486953,486863]","[495957,498241,495967]"
syn_map_0,zlpng,3,8,38650,589824,270798,255174,1,1,3,"[268825,270798,555487]","[253281,255174,259511]"
syn_map_0,zlpng,4,1,38753,589824,504860,501986,1,1,3,"[522908,500584,504860]","[502988,501986,501966]"
syn_map_0,zlpng,4,8,38753,589824,419652,424900,1,1,3,"[279130,419652,438551]","[347113,438791,424900]"
syn_map_0,zlpng,5,1,35588,589824,1501441,478751,1,1,3,"[1501441,1509743,1491146]","[477318,478751,478821]"
syn_map_0,zlpng,5,8,35588,589824,894567,397338,1,1,3,"[887927,894567,968308]","[242154,397338,424890]"
syn_map_0,zlpng,6,1,34287,589824,1923667,462998,1,1,3,"[1919150,1923667,1928644]","[462998,462827,465621]"
syn_map_0,zlpng,6,8,34287,589824,1138264,407594,1,1,3,"[1306457,1108009,1138264]","[407594,423057,242765]"
syn_map_0,zlpng,7,1,33576,589824,2253895,452741,1,1,3,"[2253244,2259232,2253895]","[452741,450619,454544]"
syn_map_0,zlpng,7,8,33576,589824,1341200,405701,1,1,3,"[1348731,1341200,1260358]","[410479,231739,405701]"
syn_map_0,zlpng,8,1,18446,589824,7360215,445301,1,1,3,"[7360215,7379293,7295076]","[448745,445291,445301]"
syn_map_0,zlpng,8,8,18446,589824,3838300,311449,1,1,3,"[3296684,4060105,3838300]","[230366,334083,311449]"
r3_dicom_jpeg2000_unc_f0,original_zpng,0,1,52139,524288,631040,497589,1,1,3,"[631040,629798,632783]","[498941,497589,496027]"
r3_dicom_jpeg2000_unc_f0,png,0,1,39409,524288,11786499,1441521,1,1,3,"[11786499,11778799,11787111]","[1431416,1446198,1441521]"
r3_dicom_jpeg2000_unc_f0,zlpng,1,1,44533,524288,447053,463458,1,1,3,"[435536,447053,448114]","[460974,465001,463458]"
r3_dicom_jpeg2000_unc_f0,zlpng,1,8,44533,524288,282806,255946,1,1,3,"[386362,282806,281013]","[469447,255375,255946]"
r3_dicom_jpeg2000_unc_f0,zlpng,2,1,41233,524288,1159466,820365,1,1,3,"[1145675,1167768,1159466]","[815708,822619,820365]"
r3_dicom_jpeg2000_unc_f0,zlpng,2,8,41233,524288,762539,477900,1,1,3,"[748026,889610,762539]","[477900,622758,477218]"
r3_dicom_jpeg2000_unc_f0,zlpng,3,1,38465,524288,961198,711832,1,1,3,"[961788,946305,961198]","[711832,708767,712853]"
r3_dicom_jpeg2000_unc_f0,zlpng,3,8,38465,524288,755367,669959,1,1,3,"[1464075,579093,755367]","[403959,681266,669959]"
r3_dicom_jpeg2000_unc_f0,zlpng,4,1,38465,524288,964563,713384,1,1,3,"[972495,964563,954648]","[716208,713104,713384]"
r3_dicom_jpeg2000_unc_f0,zlpng,4,8,38465,524288,830040,405851,1,1,3,"[696528,830040,1509974]","[403157,405851,690490]"
r3_dicom_jpeg2000_unc_f0,zlpng,5,1,33104,524288,2708588,613344,1,1,3,"[2722950,2708588,2707748]","[613344,614565,612112]"
r3_dicom_jpeg2000_unc_f0,zlpng,5,8,33104,524288,1860101,590930,1,1,3,"[2214826,1755424,1860101]","[603619,590930,349396]"
r3_dicom_jpeg2000_unc_f0,zlpng,6,1,33104,524288,2713306,616779,1,1,3,"[2713306,2717272,2709911]","[616758,616779,617580]"
r3_dicom_jpeg2000_unc_f0,zlpng,6,8,33104,524288,2377801,600595,1,1,3,"[2524682,2377801,2057829]","[619383,600595,592031]"
r3_dicom_jpeg2000_unc_f0,zlpng,7,1,33104,524288,2709720,613724,1,1,3,"[2718003,2698473,2709720]","[613724,614325,611681]"
r3_dicom_jpeg2000_unc_f0,zlpng,7,8,33104,524288,1712980,595467,1,1,3,"[1712980,1957578,1614762]","[596037,595467,349797]"
r3_dicom_jpeg2000_unc_f0,zlpng,8,1,24064,524288,6795334,670620,1,1,3,"[6789034,6927322,6795334]","[672362,668858,670620]"
r3_dicom_jpeg2000_unc_f0,zlpng,8,8,24064,524288,4567618,513724,1,1,3,"[4585806,4566206,4567618]","[525201,513724,442056]"
syn_interference16_2,original_zpng,0,1,1279166,1572864,1921164,1277674,1,1,3,"[1921164,2063377,1916136]","[1277674,1376603,1274660]"
syn_interference16_2,png,0,1,1150363,1572864,71772385,10449176,1,1,3,"[71709541,71772957,71772385]","[10438480,10449176,10454714]"
syn_interference16_2,zlpng,1,1,885196,1572864,3143033,1520620,1,1,3,"[3129933,3143033,3194401]","[1520099,1520620,1629103]"
syn_interference16_2,zlpng,1,8,885196,1572864,993687,565091,1,1,3,"[689669,993687,1239186]","[311489,565091,575227]"
syn_interference16_2,zlpng,2,1,693557,1572864,6868043,2375498,1,1,3,"[6744016,7243609,6868043]","[2374315,2550531,2375498]"
syn_interference16_2,zlpng,2,8,693557,1572864,1482222,849228,1,1,3,"[1482222,1779139,1273508]","[878794,849228,484069]"
syn_interference16_2,zlpng,3,1,663294,1572864,7618453,2045230,1,1,3,"[7618453,8127579,7606845]","[2045230,2186042,2039492]"
syn_interference16_2,zlpng,3,8,663294,1572864,2294205,841257,1,1,3,"[2221916,2403490,2294205]","[841257,848908,666954]"
syn_interference16_2,zlpng,4,1,663227,1572864,7944404,2049186,1,1,3,"[7944404,8330415,7944063]","[2049186,2197810,2035055]"
syn_interference16_2,zlpng,4,8,663227,1572864,2161024,761327,1,1,3,"[2372373,1952661,2161024]","[781247,721767,761327]"
syn_interference16_2,zlpng,5,1,645660,1572864,13114189,1945139,1,1,3,"[13078756,13539279,13114189]","[1945290,1942786,1945139]"
syn_interference16_2,zlpng,5,8,645660,1572864,4012222,688577,1,1,3,"[4012222,3633352,4454498]","[688577,445351,749509]"
syn_interference16_2,zlpng,6,1,644290,1572864,14842663,1944829,1,1,3,"[14946008,14784264,14842663]","[1944829,1938479,1953071]"
syn_interference16_2,zlpng,6,8,644290,1572864,4394799,743019,1,1,3,"[4394799,4295529,4554288]","[827376,743019,500203]"
syn_interference16_2,zlpng,7,1,644118,1572864,16216141,1938199,1,1,3,"[16138424,16216141,16218174]","[1937277,1944488,1938199]"
syn_interference16_2,zlpng,7,8,644118,1572864,4843163,828307,1,1,3,"[5054061,4843163,4384293]","[828307,493022,842890]"
syn_interference16_2,zlpng,8,1,592908,1572864,49604111,3516466,1,1,3,"[49604111,49525282,51567948]","[3502946,3547001,3516466]"
syn_interference16_2,zlpng,8,8,592908,1572864,13364406,1532868,1,1,3,"[13364406,13717348,12829170]","[1413539,1532868,1543745]"
r3_cp_stack_examplevitraimages,original_zpng,0,1,1046213,2785280,7209277,2955571,1,1,3,"[7209277,7209798,7201084]","[2959077,2955571,2929030]"
r3_cp_stack_examplevitraimages,png,0,1,1014739,2785280,201031983,15393552,1,1,3,"[201031983,200956109,201086195]","[15393552,15397608,15379661]"
r3_cp_stack_examplevitraimages,zlpng,1,1,992098,2785280,6009520,2576090,1,1,3,"[6005694,6009520,6176481]","[2569960,2576090,2846928]"
r3_cp_stack_examplevitraimages,zlpng,1,8,992098,2785280,1208450,526923,1,1,3,"[1773381,1184965,1208450]","[537129,517279,526923]"
r3_cp_stack_examplevitraimages,zlpng,2,1,996284,2785280,6405847,3657167,1,1,3,"[6394650,6405847,6410323]","[3653262,3657167,3658970]"
r3_cp_stack_examplevitraimages,zlpng,2,8,996284,2785280,1490645,730830,1,1,3,"[1490645,1272176,1590926]","[729789,730830,738282]"
r3_cp_stack_examplevitraimages,zlpng,3,1,1024024,2785280,8465229,3551037,1,1,3,"[8482294,8427982,8465229]","[3547983,3553422,3551037]"
r3_cp_stack_examplevitraimages,zlpng,3,8,1024024,2785280,1684227,704340,1,1,3,"[1646730,1684227,2066642]","[702608,704340,710250]"
r3_cp_stack_examplevitraimages,zlpng,4,1,1055245,2785280,9111271,3701945,1,1,3,"[9106483,9111271,9156018]","[3704159,3701945,3695896]"
r3_cp_stack_examplevitraimages,zlpng,4,8,1055245,2785280,2155627,731371,1,1,3,"[2367566,2153493,2155627]","[727786,731371,737941]"
r3_cp_stack_examplevitraimages,zlpng,5,1,1001062,2785280,17429158,3680032,1,1,3,"[17429158,17421346,17440915]","[3680032,3682916,3675435]"
r3_cp_stack_examplevitraimages,zlpng,5,8,1001062,2785280,4153755,771602,1,1,3,"[4153755,4156830,3371567]","[838253,771602,733945]"
r3_cp_stack_examplevitraimages,zlpng,6,1,988920,2785280,25755677,3517026,1,1,3,"[25755677,25756197,25367623]","[3519901,3515585,3517026]"
r3_cp_stack_examplevitraimages,zlpng,6,8,988920,2785280,4906859,718522,1,1,3,"[5032799,4906859,4896374]","[738262,718522,709659]"
r3_cp_stack_examplevitraimages,zlpng,7,1,992801,2785280,26909744,3576827,1,1,3,"[26812408,27370708,26909744]","[3575966,3597928,3576827]"
r3_cp_stack_examplevitraimages,zlpng,7,8,992801,2785280,6201890,771142,1,1,3,"[6449282,5981138,6201890]","[926495,758142,771142]"
r3_cp_stack_examplevitraimages,zlpng,8,1,974391,2785280,91496949,7895350,1,1,3,"[91550710,90789434,91496949]","[7955190,7876372,7895350]"
r3_cp_stack_examplevitraimages,zlpng,8,8,974391,2785280,16011793,1584025,1,1,3,"[16011793,16062008,15958102]","[1760051,1574601,1584025]"
r3_rgb16_hdr,original_zpng,0,1,29735107,37748736,39853147,30442074,1,1,3,"[39853147,40230995,39776371]","[30650528,30442074,30365749]"
r3_rgb16_hdr,png,0,1,29597702,37748736,1502039811,178463276,1,1,3,"[1502039811,1490676989,1503233509]","[178544168,176936847,178463276]"
r3_rgb16_hdr,zlpng,1,1,29347767,37748736,34933719,22512903,1,1,3,"[34963613,34558053,34933719]","[22287934,22512903,22907317]"
r3_rgb16_hdr,zlpng,1,8,29347767,37748736,6630055,3882697,1,1,3,"[6490734,6694652,6630055]","[3637468,4158473,3882697]"
r3_rgb16_hdr,zlpng,2,1,25525637,37748736,163737009,29072111,1,1,3,"[164213336,163668717,163737009]","[29058841,29330471,29072111]"
r3_rgb16_hdr,zlpng,2,8,25525637,37748736,23705419,4553858,1,1,3,"[24319314,23705419,23658718]","[4681641,4553858,4410922]"
r3_rgb16_hdr,zlpng,3,1,25526657,37748736,223063292,28997018,1,1,3,"[223021909,223063292,223838219]","[28997018,28859441,29349880]"
r3_rgb16_hdr,zlpng,3,8,25526657,37748736,31970315,4727169,1,1,3,"[32112359,31643293,31970315]","[4727169,4801431,4374248]"
r3_rgb16_hdr,zlpng,4,1,25526657,37748736,239781007,29522289,1,1,3,"[239824703,239781007,239714888]","[29522289,29449620,29645094]"
r3_rgb16_hdr,zlpng,4,8,25526657,37748736,34215647,4642160,1,1,3,"[34462979,34215647,33980623]","[4642160,4479025,4649512]"
r3_rgb16_hdr,zlpng,5,1,25547518,37748736,238746760,29960579,1,1,3,"[238642452,239431991,238746760]","[29598083,30091697,29960579]"
r3_rgb16_hdr,zlpng,5,8,25547518,37748736,36646708,4723042,1,1,3,"[36768982,36646708,36573098]","[4631344,5036935,4723042]"
r3_rgb16_hdr,zlpng,6,1,25547518,37748736,293277960,30015031,1,1,3,"[292655794,293277960,294159158]","[29809471,30065307,30015031]"
r3_rgb16_hdr,zlpng,6,8,25547518,37748736,43245325,4698776,1,1,3,"[43245325,43433429,43209291]","[4814601,4698776,4566176]"
r3_rgb16_hdr,zlpng,7,1,25547518,37748736,362676582,29713838,1,1,3,"[362575609,362765756,362676582]","[29572504,29984345,29713838]"
r3_rgb16_hdr,zlpng,7,8,25547518,37748736,52064015,4767329,1,1,3,"[51513137,52064015,52597959]","[4767329,4819378,4621971]"
r3_rgb16_hdr,zlpng,8,1,25527191,37748736,637590187,31599297,1,1,3,"[637590187,637214180,639965844]","[31599297,31307137,31783074]"
r3_rgb16_hdr,zlpng,8,8,25527191,37748736,87857409,4679247,1,1,3,"[87857409,86951625,87882547]","[4679247,5032879,4545445]"
r3_cp_stack_examplestraightenworms,original_zpng,0,1,930184,2171520,5998073,1803296,1,1,3,"[5808768,5998073,6008819]","[1764528,1803296,1807622]"
r3_cp_stack_examplestraightenworms,png,0,1,919029,2171520,174398104,8020999,1,1,3,"[174312485,174497134,174398104]","[7711884,8033247,8020999]"
r3_cp_stack_examplestraightenworms,zlpng,1,1,946187,2171520,4960000,1284334,1,1,3,"[4793419,4960000,5027922]","[1076812,1284334,1302632]"
r3_cp_stack_examplestraightenworms,zlpng,1,8,946187,2171520,1004112,218659,1,1,3,"[1244304,904362,1004112]","[221524,218659,215375]"
r3_cp_stack_examplestraightenworms,zlpng,2,1,844710,2171520,7904664,2367976,1,1,3,"[8145957,7891965,7904664]","[2382438,2367976,2361847]"
r3_cp_stack_examplestraightenworms,zlpng,2,8,844710,2171520,1683225,452191,1,1,3,"[1386528,1683225,1762314]","[440684,465611,452191]"
r3_cp_stack_examplestraightenworms,zlpng,3,1,833750,2171520,8941826,2197459,1,1,3,"[9405675,8843027,8941826]","[2211460,2197459,2186643]"
r3_cp_stack_examplestraightenworms,zlpng,3,8,833750,2171520,1836255,413012,1,1,3,"[1836255,1826320,2032821]","[416167,413012,400403]"
r3_cp_stack_examplestraightenworms,zlpng,4,1,833750,2171520,8980724,2193002,1,1,3,"[8980994,8931671,8980724]","[2188495,2201165,2193002]"
r3_cp_stack_examplestraightenworms,zlpng,4,8,833750,2171520,1842725,414174,1,1,3,"[2047113,1838209,1842725]","[402566,414174,417128]"
r3_cp_stack_examplestraightenworms,zlpng,5,1,812001,2171520,18054910,2136257,1,1,3,"[17841508,18074119,18054910]","[2136257,2159692,2135536]"
r3_cp_stack_examplestraightenworms,zlpng,5,8,812001,2171520,3676697,418310,1,1,3,"[3382333,3721374,3676697]","[409977,420624,418310]"
r3_cp_stack_examplestraightenworms,zlpng,6,1,812001,2171520,18223433,2152351,1,1,3,"[18717868,18184735,18223433]","[2152351,2132672,2177810]"
r3_cp_stack_examplestraightenworms,zlpng,6,8,812001,2171520,3510426,411600,1,1,3,"[3753703,3497838,3510426]","[417018,411600,407854]"
r3_cp_stack_examplestraightenworms,zlpng,7,1,811402,2171520,18999703,2159803,1,1,3,"[18920373,18999703,19012541]","[2159803,2158831,2163097]"
r3_cp_stack_examplestraightenworms,zlpng,7,8,811402,2171520,3628114,431810,1,1,3,"[3659741,3628114,3590577]","[431810,428075,439252]"
r3_cp_stack_examplestraightenworms,zlpng,8,1,692991,2171520,29585745,1481621,1,1,3,"[29546085,29585745,29700197]","[1481621,1490485,1477755]"
r3_cp_stack_examplestraightenworms,zlpng,8,8,692991,2171520,4725156,305220,1,1,3,"[4654699,4725156,5601545]","[295606,305220,325240]"
cbsd68_0018,original_zpng,0,1,210662,463203,1141829,476248,1,1,3,"[1140508,1141829,1144383]","[480514,476248,473764]"
cbsd68_0018,png,0,1,258904,463203,25783649,2578333,1,1,3,"[25783649,25790419,25695766]","[2578333,2578022,2585894]"
cbsd68_0018,zlpng,1,1,192689,463203,911312,366662,1,1,3,"[912635,911312,909810]","[366662,370808,366572]"
cbsd68_0018,zlpng,1,8,192689,463203,855908,300302,1,1,3,"[517990,889610,855908]","[382747,300302,221664]"
cbsd68_0018,zlpng,2,1,196747,463203,1021529,543548,1,1,3,"[1024403,1021529,1019806]","[542527,543548,544961]"
cbsd68_0018,zlpng,2,8,196747,463203,725042,495717,1,1,3,"[725042,754547,714506]","[493173,517349,495717]"
cbsd68_0018,zlpng,3,1,200907,463203,1416984,539392,1,1,3,"[1416984,1411055,1419437]","[542046,539392,538281]"
cbsd68_0018,zlpng,3,8,200907,463203,1236633,510518,1,1,3,"[1236633,1099646,1341711]","[513022,485341,510518]"
cbsd68_0018,zlpng,4,1,207571,463203,1611016,587816,1,1,3,"[1615122,1609514,1611016]","[587445,590579,587816]"
cbsd68_0018,zlpng,4,8,207571,463203,1058373,561856,1,1,3,"[1057953,1058373,1188550]","[342977,561856,568526]"
cbsd68_0018,zlpng,5,1,198361,463203,2839586,550830,1,1,3,"[2841759,2827128,2839586]","[546453,550830,550960]"
cbsd68_0018,zlpng,5,8,198361,463203,1694392,509598,1,1,3,"[1710146,1598097,1694392]","[524990,509598,379532]"
cbsd68_0018,zlpng,6,1,197060,463203,3628524,530860,1,1,3,"[3628524,3635504,3594112]","[530419,530860,533764]"
cbsd68_0018,zlpng,6,8,197060,463203,2238291,508405,1,1,3,"[2238291,2037759,2254745]","[511881,508405,313882]"
cbsd68_0018,zlpng,7,1,195689,463203,4091932,528336,1,1,3,"[4091932,4078642,4102278]","[525351,528336,529237]"
cbsd68_0018,zlpng,7,8,195689,463203,2349258,497138,1,1,3,"[2455899,2329048,2349258]","[305310,497138,508596]"
cbsd68_0018,zlpng,8,1,176625,463203,16171413,1760151,1,1,3,"[16171413,16090932,16191724]","[1755454,1764137,1760151]"
cbsd68_0018,zlpng,8,8,176625,463203,8749987,1265856,1,1,3,"[8749987,8776367,8697818]","[981238,1265856,1448211]"
sk_protein_t00_c0,original_zpng,0,1,15892,32940,135955,46880,1,1,3,"[137598,132619,135955]","[46880,45689,48343]"
sk_protein_t00_c0,png,0,1,16514,32940,1272877,202104,1,1,3,"[1260188,1272877,1276392]","[202895,201253,202104]"
sk_protein_t00_c0,zlpng,1,1,17916,32940,88393,53952,1,1,3,"[91538,88393,87592]","[55534,53952,53941]"
sk_protein_t00_c0,zlpng,1,8,17916,32940,91628,54582,1,1,3,"[93250,91628,89575]","[54572,55323,54582]"
sk_protein_t00_c0,zlpng,2,1,17697,32940,80091,64988,1,1,3,"[80091,85148,79279]","[64677,66650,64988]"
sk_protein_t00_c0,zlpng,2,8,17697,32940,81182,65118,1,1,3,"[81182,73631,85479]","[65118,61152,68954]"
sk_protein_t00_c0,zlpng,3,1,17758,32940,90997,67341,1,1,3,"[90746,92499,90997]","[67121,67682,67341]"
sk_protein_t00_c0,zlpng,3,8,17758,32940,90476,67432,1,1,3,"[90476,90326,92749]","[67271,67432,67742]"
sk_protein_t00_c0,zlpng,4,1,17610,32940,118398,64727,1,1,3,"[117767,118398,121634]","[64727,64808,64387]"
sk_protein_t00_c0,zlpng,4,8,17610,32940,118869,64547,1,1,3,"[114583,132099,118869]","[64267,65098,64547]"
sk_protein_t00_c0,zlpng,5,1,17718,32940,142915,67973,1,1,3,"[142915,145228,140391]","[66620,67973,69225]"
sk_protein_t00_c0,zlpng,5,8,17718,32940,137597,66080,1,1,3,"[144177,137597,137537]","[66661,66080,65779]"
sk_protein_t00_c0,zlpng,6,1,17625,32940,245820,68003,1,1,3,"[242365,247202,245820]","[67131,68033,68003]"
sk_protein_t00_c0,zlpng,6,8,17625,32940,241414,67571,1,1,3,"[251779,241414,240342]","[69535,67571,67131]"
sk_protein_t00_c0,zlpng,7,1,17474,32940,331690,65639,1,1,3,"[333302,328866,331690]","[65929,65639,65208]"
sk_protein_t00_c0,zlpng,7,8,17474,32940,330348,66401,1,1,3,"[330348,331710,330137]","[65689,66500,66401]"
sk_protein_t00_c0,zlpng,8,1,17007,32940,970622,121793,1,1,3,"[964082,1212926,970622]","[120532,123697,121793]"
sk_protein_t00_c0,zlpng,8,8,17007,32940,973737,123215,1,1,3,"[975599,973737,961447]","[123867,123215,120332]"
syn_checker_2,original_zpng,0,1,541,786432,214153,196525,1,1,3,"[214923,211188,214153]","[197207,196525,183426]"
syn_checker_2,png,0,1,2613,786432,3539410,1190052,1,1,3,"[3539410,3542675,3532400]","[1199276,1190052,1186968]"
syn_checker_2,zlpng,1,1,568,786432,93942,1017151,1,1,3,"[94692,89455,93942]","[1017062,1017392,1017151]"
syn_checker_2,zlpng,1,8,568,786432,100402,641536,1,1,3,"[124567,95855,100402]","[362767,641536,700965]"
syn_checker_2,zlpng,2,1,855,786432,107321,1024393,1,1,3,"[107321,106530,109295]","[1024393,1022961,1025815]"
syn_checker_2,zlpng,2,8,855,786432,99731,710741,1,1,3,"[104357,73100,99731]","[722989,710741,566022]"
syn_checker_2,zlpng,3,1,648,786432,110967,1008799,1,1,3,"[110967,105499,112930]","[1021138,1006847,1008799]"
syn_checker_2,zlpng,3,8,648,786432,95384,659613,1,1,3,"[95384,104988,94031]","[659613,475717,693054]"
syn_checker_2,zlpng,4,1,648,786432,122224,1007598,1,1,3,"[124908,117797,122224]","[1009690,1007598,1007307]"
syn_checker_2,zlpng,4,8,648,786432,97707,713424,1,1,3,"[99630,97707,90446]","[717220,420954,713424]"
syn_checker_2,zlpng,5,1,444,786432,117587,1003852,1,1,3,"[119560,111157,117587]","[1003852,1003071,1004533]"
syn_checker_2,zlpng,5,8,444,786432,102724,362916,1,1,3,"[102724,92188,106090]","[362336,362916,715006]"
syn_checker_2,zlpng,6,1,444,786432,128965,1002940,1,1,3,"[128965,127522,129835]","[1002940,1003231,1002831]"
syn_checker_2,zlpng,6,8,444,786432,78838,699964,1,1,3,"[78838,62675,97466]","[363507,717480,699964]"
syn_checker_2,zlpng,7,1,307,786432,180011,992204,1,1,3,"[180011,177007,185109]","[990912,992365,992204]"
syn_checker_2,zlpng,7,8,307,786432,148944,692994,1,1,3,"[148243,164838,148944]","[636729,692994,694546]"
syn_checker_2,zlpng,8,1,259,786432,6057943,981167,1,1,3,"[6057943,6073717,6057102]","[981167,980286,981368]"
syn_checker_2,zlpng,8,8,259,786432,2587126,671572,1,1,3,"[2587126,2065180,2631192]","[671572,349176,684702]"
r3_syn_piecewise_planes_0,original_zpng,0,1,3790,197890,100101,82144,1,1,3,"[100101,100521,98217]","[81613,84658,82144]"
r3_syn_piecewise_planes_0,png,0,1,3859,197890,1322071,317929,1,1,3,"[1318856,1327830,1322071]","[316686,319431,317929]"
r3_syn_piecewise_planes_0,zlpng,1,1,306,197890,36465,130437,1,1,3,"[31738,36465,38538]","[129815,130437,131618]"
r3_syn_piecewise_planes_0,zlpng,1,8,306,197890,33892,130897,1,1,3,"[35163,31588,33892]","[131188,129765,130897]"
r3_syn_piecewise_planes_0,zlpng,2,1,484,197890,62664,142365,1,1,3,"[63315,61663,62664]","[142365,142545,141524]"
r3_syn_piecewise_planes_0,zlpng,2,8,484,197890,64857,142304,1,1,3,"[63886,66941,64857]","[142304,144458,141534]"
r3_syn_piecewise_planes_0,zlpng,3,1,490,197890,70546,140762,1,1,3,"[71578,67452,70546]","[141183,140341,140762]"
r3_syn_piecewise_planes_0,zlpng,3,8,490,197890,73121,141433,1,1,3,"[79219,66721,73121]","[146361,139540,141433]"
r3_syn_piecewise_planes_0,zlpng,4,1,490,197890,70216,140963,1,1,3,"[68903,70216,76455]","[140963,140171,145019]"
r3_syn_piecewise_planes_0,zlpng,4,8,490,197890,70576,141703,1,1,3,"[70576,69154,74583]","[141703,140381,142585]"
r3_syn_piecewise_planes_0,zlpng,5,1,473,197890,202215,142925,1,1,3,"[202215,198339,203386]","[143045,141282,142925]"
r3_syn_piecewise_planes_0,zlpng,5,8,473,197890,201433,142204,1,1,3,"[203667,201433,199840]","[142204,141713,142574]"
r3_syn_piecewise_planes_0,zlpng,6,1,473,197890,201914,142245,1,1,3,"[199050,210747,201914]","[142154,146210,142245]"
r3_syn_piecewise_planes_0,zlpng,6,8,473,197890,200492,144087,1,1,3,"[200492,200111,201313]","[144087,142926,145739]"
r3_syn_piecewise_planes_0,zlpng,7,1,473,197890,200091,141714,1,1,3,"[202916,198409,200091]","[143406,141433,141714]"
r3_syn_piecewise_planes_0,zlpng,7,8,473,197890,202746,142414,1,1,3,"[199030,202746,204668]","[141764,142484,142414]"
r3_syn_piecewise_planes_0,zlpng,8,1,333,197890,1811318,154222,1,1,3,"[1817147,1806871,1811318]","[155814,153612,154222]"
r3_syn_piecewise_planes_0,zlpng,8,8,333,197890,1812790,155474,1,1,3,"[1820121,1809395,1812790]","[155384,156345,155474]"
syn_alpha_soft_1,original_zpng,0,1,12931,1571836,562828,516417,1,1,3,"[562828,574314,559092]","[582718,516417,512722]"
syn_alpha_soft_1,png,0,1,18494,1571836,10151187,2485954,1,1,3,"[10061382,10184948,10151187]","[2474056,2485954,2487657]"
syn_alpha_soft_1,zlpng,1,1,28089,1571836,419011,651511,1,1,3,"[415146,419011,419812]","[651511,649167,654746]"
syn_alpha_soft_1,zlpng,1,8,28089,1571836,142344,264238,1,1,3,"[142344,216085,137417]","[264238,274874,169626]"
syn_alpha_soft_1,zlpng,2,1,19654,1571836,410388,720104,1,1,3,"[410388,416217,402166]","[720104,722558,719894]"
syn_alpha_soft_1,zlpng,2,8,19654,1571836,165609,293712,1,1,3,"[126210,165609,224728]","[168384,293712,305450]"
syn_alpha_soft_1,zlpng,3,1,19460,1571836,426142,705652,1,1,3,"[440393,424039,426142]","[708707,703138,705652]"
syn_alpha_soft_1,zlpng,3,8,19460,1571836,232600,297849,1,1,3,"[232600,241063,123326]","[297849,299852,161072]"
syn_alpha_soft_1,zlpng,4,1,19509,1571836,443047,705472,1,1,3,"[446502,443047,442987]","[705472,702839,710350]"
syn_alpha_soft_1,zlpng,4,8,19509,1571836,206812,299431,1,1,3,"[206812,215454,147592]","[306682,299431,163486]"
syn_alpha_soft_1,zlpng,5,1,16866,1571836,911813,696008,1,1,3,"[927086,901748,911813]","[706875,696008,694446]"
syn_alpha_soft_1,zlpng,5,8,16866,1571836,421114,164798,1,1,3,"[421114,259941,434354]","[162965,164798,292300]"
syn_alpha_soft_1,zlpng,6,1,16354,1571836,1086717,694275,1,1,3,"[1075530,1088670,1086717]","[689769,696068,694275]"
syn_alpha_soft_1,zlpng,6,8,16354,1571836,508055,280452,1,1,3,"[517819,508055,278319]","[286552,280452,261073]"
syn_alpha_soft_1,zlpng,7,1,16072,1571836,1300789,686044,1,1,3,"[1289452,1300789,1311134]","[684811,686044,688367]"
syn_alpha_soft_1,zlpng,7,8,16072,1571836,600324,166130,1,1,3,"[600324,845193,325200]","[285260,166130,165619]"
syn_alpha_soft_1,zlpng,8,1,18850,1571836,20236695,993926,1,1,3,"[20269365,20168031,20236695]","[996330,993926,992886]"
syn_alpha_soft_1,zlpng,8,8,18850,1571836,5013009,511961,1,1,3,"[4969564,5013009,5024627]","[519532,435987,511961]"
rgb8_nightshot_iso_1600,original_zpng,0,1,13303781,22127616,31784796,18992431,1,1,3,"[31841061,31784796,31677385]","[18869046,19001456,18992431]"
rgb8_nightshot_iso_1600,png,0,1,12569249,22127616,1081645350,107457465,1,1,3,"[1079399146,1084854082,1081645350]","[107457465,107264885,110540297]"
rgb8_nightshot_iso_1600,zlpng,1,1,12498459,22127616,22093612,15062684,1,1,3,"[22105480,22068685,22093612]","[15003034,15121602,15062684]"
rgb8_nightshot_iso_1600,zlpng,1,8,12498459,22127616,3650898,2120513,1,1,3,"[3382834,5057496,3650898]","[2099912,2672565,2120513]"
rgb8_nightshot_iso_1600,zlpng,2,1,12493399,22127616,24705035,19449029,1,1,3,"[24734179,24705035,24670663]","[19436771,19449029,19484693]"
rgb8_nightshot_iso_1600,zlpng,2,8,12493399,22127616,3752671,2653286,1,1,3,"[3752671,5253541,3746051]","[2632244,3163804,2653286]"
rgb8_nightshot_iso_1600,zlpng,3,1,12745528,22127616,57144086,22152581,1,1,3,"[57144086,57183315,57006338]","[22167373,22152581,22132100]"
rgb8_nightshot_iso_1600,zlpng,3,8,12745528,22127616,7963843,2972116,1,1,3,"[9478464,7963843,7950483]","[3606822,2967288,2972116]"
rgb8_nightshot_iso_1600,zlpng,4,1,13555670,22127616,98789611,27105429,1,1,3,"[100996035,98689731,98789611]","[29113143,27105429,27091488]"
rgb8_nightshot_iso_1600,zlpng,4,8,13555670,22127616,13807493,3609176,1,1,3,"[13807493,13480661,13960854]","[3605009,3609176,3804519]"
rgb8_nightshot_iso_1600,zlpng,5,1,12867197,22127616,145529219,23949667,1,1,3,"[146257215,144816065,145529219]","[23935004,23969697,23949667]"
rgb8_nightshot_iso_1600,zlpng,5,8,12867197,22127616,19591664,3216694,1,1,3,"[19591664,19211492,19897976]","[3214932,3216694,3231316]"
rgb8_nightshot_iso_1600,zlpng,6,1,12879848,22127616,160145941,24160865,1,1,3,"[161693522,160145941,160010107]","[24214225,24144751,24160865]"
rgb8_nightshot_iso_1600,zlpng,6,8,12879848,22127616,21352045,3242253,1,1,3,"[21229381,21352045,21482862]","[3241712,3242253,3419870]"
rgb8_nightshot_iso_1600,zlpng,7,1,12868369,22127616,172161225,24110409,1,1,3,"[172216729,171768684,172161225]","[24166854,24094875,24110409]"
rgb8_nightshot_iso_1600,zlpng,7,8,12868369,22127616,24099913,3751289,1,1,3,"[25219479,24033453,24099913]","[4114276,3250415,3751289]"
rgb8_nightshot_iso_1600,zlpng,8,1,12335469,22127616,257517047,24975031,1,1,3,"[257370746,257517047,257680072]","[24988241,24944916,24975031]"
rgb8_nightshot_iso_1600,zlpng,8,8,12335469,22127616,33941414,3358158,1,1,3,"[34148255,33270544,33941414]","[3369204,3358158,3356134]"
kodak_05,original_zpng,0,1,653997,1179648,2450510,1029039,1,1,3,"[2450991,2442087,2450510]","[1030152,1029039,1024583]"
kodak_05,png,0,1,810344,1179648,58384954,5184538,1,1,3,"[58336272,58384954,58415781]","[5171217,5184538,5191027]"
kodak_05,zlpng,1,1,624074,1179648,2004980,888558,1,1,3,"[2001104,2004980,2007823]","[888558,885503,890061]"
kodak_05,zlpng,1,8,624074,1179648,534195,256226,1,1,3,"[507564,849409,534195]","[229656,438541,256226]"
kodak_05,zlpng,2,1,631014,1179648,2254526,1265125,1,1,3,"[2236598,2254526,2259933]","[1261550,1265125,1268590]"
kodak_05,zlpng,2,8,631014,1179648,874897,601305,1,1,3,"[1063772,874897,558851]","[601305,605322,310608]"
kodak_05,zlpng,3,1,643242,1179648,3853974,1322732,1,1,3,"[3849307,3853974,3858110]","[1322732,1322752,1322552]"
kodak_05,zlpng,3,8,643242,1179648,908949,323467,1,1,3,"[898583,1425147,908949]","[323467,618812,321604]"
kodak_05,zlpng,4,1,664642,1179648,4629933,1504856,1,1,3,"[4629933,4605165,4641860]","[1503254,1504856,1510985]"
kodak_05,zlpng,4,8,664642,1179648,1508261,728507,1,1,3,"[1395932,1588322,1508261]","[732633,721817,728507]"
kodak_05,zlpng,5,1,636876,1179648,7645333,1343083,1,1,3,"[7640015,7649059,7645333]","[1343083,1343764,1342642]"
kodak_05,zlpng,5,8,636876,1179648,1966983,615226,1,1,3,"[1966983,2280173,1953832]","[615226,638502,568275]"
kodak_05,zlpng,6,1,635904,1179648,9021256,1326989,1,1,3,"[9021256,8950128,9068066]","[1324324,1326989,1327950]"
kodak_05,zlpng,6,8,635904,1179648,2333254,629358,1,1,3,"[2500816,2333254,2066041]","[324388,638341,629358]"
kodak_05,zlpng,7,1,634353,1179648,10318930,1327980,1,1,3,"[10318930,10339100,10316596]","[1325817,1327980,1328320]"
kodak_05,zlpng,7,8,634353,1179648,2823231,638562,1,1,3,"[2823231,2764634,2978015]","[638562,651832,623549]"
kodak_05,zlpng,8,1,603172,1179648,14260605,1357354,1,1,3,"[14281637,14076329,14260605]","[1357354,1356753,1358565]"
kodak_05,zlpng,8,8,603172,1179648,3269624,660305,1,1,3,"[3640422,3269624,3207009]","[660305,662868,656128]"
r3_coco_785,original_zpng,0,1,316291,816000,1795815,860446,1,1,3,"[1827712,1795815,1791498]","[860446,859094,863791]"
r3_coco_785,png,0,1,382081,816000,44244309,3304676,1,1,3,"[44288766,44244309,44233774]","[3299189,3304676,3304787]"
r3_coco_785,zlpng,1,1,317416,816000,1370574,640094,1,1,3,"[1371685,1364796,1370574]","[644410,640094,639363]"
r3_coco_785,zlpng,1,8,317416,816000,492822,425441,1,1,3,"[961107,492822,478681]","[447213,227984,425441]"
r3_coco_785,zlpng,2,1,317877,816000,1467641,926385,1,1,3,"[1467641,1466168,1470154]","[925523,927627,926385]"
r3_coco_785,zlpng,2,8,317877,816000,812053,321254,1,1,3,"[809249,997302,812053]","[318870,666374,321254]"
r3_coco_785,zlpng,3,1,319278,816000,2013452,907166,1,1,3,"[2020283,2010698,2013452]","[905644,907166,911332]"
r3_coco_785,zlpng,3,8,319278,816000,1213157,616259,1,1,3,"[1213157,1019695,1273778]","[622728,616259,614015]"
r3_coco_785,zlpng,4,1,330986,816000,2543210,975289,1,1,3,"[2543210,2546074,2508748]","[975989,975289,975159]"
r3_coco_785,zlpng,4,8,330986,816000,1363023,340503,1,1,3,"[1363023,1142871,1433819]","[340503,683109,339501]"
r3_coco_785,zlpng,5,1,318934,816000,4613828,939234,1,1,3,"[4613828,4628660,4601209]","[936431,940276,939234]"
r3_coco_785,zlpng,5,8,318934,816000,1743646,349346,1,1,3,"[1743646,1986492,1603274]","[613023,322766,349346]"
r3_coco_785,zlpng,6,1,316162,816000,5951392,912294,1,1,3,"[5939404,5951392,6010842]","[911302,912294,912865]"
r3_coco_785,zlpng,6,8,316162,816000,2120343,594355,1,1,3,"[2223359,2041114,2120343]","[606733,558401,594355]"
r3_coco_785,zlpng,7,1,313153,816000,6722274,878623,1,1,3,"[6706770,6732810,6722274]","[877372,880596,878623]"
r3_coco_785,zlpng,7,8,313153,816000,2425513,581315,1,1,3,"[2824704,2223849,2425513]","[636779,581315,469697]"
r3_coco_785,zlpng,8,1,288909,816000,24927149,2601227,1,1,3,"[24942382,24927149,24910965]","[2576140,2604773,2601227]"
r3_coco_785,zlpng,8,8,288909,816000,8670177,1465357,1,1,3,"[8644418,8709215,8670177]","[1137453,1465357,1492688]"
syn_diagram_0,original_zpng,0,1,5589,589824,223626,213311,1,1,3,"[221654,223928,223626]","[212850,215705,213311]"
syn_diagram_0,png,0,1,8619,589824,2830102,807767,1,1,3,"[2830102,2827898,2832866]","[810771,807767,805223]"
syn_diagram_0,zlpng,1,1,11770,589824,150266,322426,1,1,3,"[150266,152740,150046]","[321023,322426,325401]"
syn_diagram_0,zlpng,1,8,11770,589824,174413,299110,1,1,3,"[174413,177117,155745]","[155034,305420,299110]"
syn_diagram_0,zlpng,2,1,8077,589824,139260,331349,1,1,3,"[129064,147903,139260]","[324980,331349,332711]"
syn_diagram_0,zlpng,2,8,8077,589824,138298,247303,1,1,3,"[168884,80361,138298]","[247303,226111,277749]"
syn_diagram_0,zlpng,3,1,7931,589824,145950,329546,1,1,3,"[166431,144328,145950]","[332691,326882,329546]"
syn_diagram_0,zlpng,3,8,7931,589824,149916,309335,1,1,3,"[159481,149916,131858]","[309335,256507,326973]"
syn_diagram_0,zlpng,4,1,8154,589824,167051,331019,1,1,3,"[160111,167051,168974]","[328565,331019,333282]"
syn_diagram_0,zlpng,4,8,8154,589824,141083,185149,1,1,3,"[172089,141083,89565]","[160712,185149,303237]"
syn_diagram_0,zlpng,5,1,7545,589824,443598,326852,1,1,3,"[436918,443598,444229]","[327263,326011,326852]"
syn_diagram_0,zlpng,5,8,7545,589824,323818,159931,1,1,3,"[229415,323818,334744]","[159610,161133,159931]"
syn_diagram_0,zlpng,6,1,7026,589824,430739,324659,1,1,3,"[421174,430739,434574]","[321895,324659,326371]"
syn_diagram_0,zlpng,6,8,7026,589824,444930,312310,1,1,3,"[637630,238109,444930]","[313312,158308,312310]"
syn_diagram_0,zlpng,7,1,7202,589824,544080,325941,1,1,3,"[533414,544080,544580]","[325620,325941,329937]"
syn_diagram_0,zlpng,7,8,7202,589824,470949,163406,1,1,3,"[470949,556638,275916]","[163406,314865,160692]"
syn_diagram_0,zlpng,8,1,5662,589824,5639223,397489,1,1,3,"[5639223,5611150,5641486]","[396717,397489,398880]"
syn_diagram_0,zlpng,8,8,5662,589824,2628358,343297,1,1,3,"[2775890,2628358,2627227]","[343297,346171,175595]"
syn_uniform_1,original_zpng,0,1,1178922,1178877,570078,346502,1,1,3,"[570078,570549,569558]","[346502,347253,345831]"
syn_uniform_1,png,0,1,1181539,1178877,23686301,1378085,1,1,3,"[23691969,23686301,23681634]","[1378085,1378996,1373448]"
syn_uniform_1,zlpng,1,1,1178984,1178877,379462,569878,1,1,3,"[381845,379462,376657]","[569408,570158,569878]"
syn_uniform_1,zlpng,1,8,1178984,1178877,121984,150447,1,1,3,"[128744,121984,120261]","[151108,150447,148844]"
syn_uniform_1,zlpng,2,1,1179024,1178877,170768,571260,1,1,3,"[170026,170768,180752]","[570179,571260,571962]"
syn_uniform_1,zlpng,2,8,1179024,1178877,106070,282626,1,1,3,"[119000,105219,106070]","[285129,271479,282626]"
syn_uniform_1,zlpng,3,1,1179024,1178877,192650,569107,1,1,3,"[192650,196205,191649]","[572362,568567,569107]"
syn_uniform_1,zlpng,3,8,1179024,1178877,110416,148413,1,1,3,"[80181,124738,110416]","[146971,148413,289887]"
syn_uniform_1,zlpng,4,1,1179024,1178877,210517,570529,1,1,3,"[209906,216506,210517]","[572722,570529,568366]"
syn_uniform_1,zlpng,4,8,1179024,1178877,80562,148934,1,1,3,"[80562,78929,126129]","[148934,147713,285580]"
syn_uniform_1,zlpng,5,1,1179024,1178877,293843,569477,1,1,3,"[295375,290758,293843]","[568637,569477,572202]"
syn_uniform_1,zlpng,5,8,1179024,1178877,176176,282986,1,1,3,"[176176,184027,161594]","[279080,282986,285119]"
syn_uniform_1,zlpng,6,1,1179024,1178877,327803,568426,1,1,3,"[333151,327803,325249]","[568426,568386,570369]"
syn_uniform_1,zlpng,6,8,1179024,1178877,168744,149084,1,1,3,"[210367,111889,168744]","[283096,147993,149084]"
syn_uniform_1,zlpng,7,1,1179024,1178877,378330,569187,1,1,3,"[378330,368835,383217]","[569287,567996,569187]"
syn_uniform_1,zlpng,7,8,1179024,1178877,137788,150376,1,1,3,"[120070,137788,201764]","[149876,150376,286932]"
syn_uniform_1,zlpng,8,1,1179024,1178877,12457510,570379,1,1,3,"[12457510,12532733,12426353]","[568897,571200,570379]"
syn_uniform_1,zlpng,8,8,1179024,1178877,2814439,281955,1,1,3,"[2814439,2823882,2777293]","[281955,282686,152880]"
rgb8_big_tree,original_zpng,0,1,54378540,83101200,108205071,77683257,1,1,3,"[108385332,108056898,108205071]","[77101721,77683257,77871540]"
rgb8_big_tree,png,0,1,48286181,83101200,3677809108,400422555,1,1,3,"[3686484765,3668943868,3677809108]","[400614553,399932777,400422555]"
rgb8_big_tree,zlpng,1,1,46810387,83101200,90487609,71180965,1,1,3,"[90564766,90391835,90487609]","[70689985,71189828,71180965]"
rgb8_big_tree,zlpng,1,8,46810387,83101200,16393197,9981792,1,1,3,"[16368530,16393197,16429202]","[9979528,9981792,10308644]"
rgb8_big_tree,zlpng,2,1,47165472,83101200,112544345,87562595,1,1,3,"[112544345,112311104,112585307]","[87430916,87639701,87562595]"
rgb8_big_tree,zlpng,2,8,47165472,83101200,19473386,12209427,1,1,3,"[19503541,19473386,19226664]","[11987623,12264690,12209427]"
rgb8_big_tree,zlpng,3,1,48076540,83101200,227658962,97236863,1,1,3,"[227450068,227658962,228086375]","[97123653,97236863,97319918]"
rgb8_big_tree,zlpng,3,8,48076540,83101200,33880262,13314951,1,1,3,"[34041635,33880262,33585678]","[13292288,13314951,13389584]"
rgb8_big_tree,zlpng,4,1,50950758,83101200,382560075,115348258,1,1,3,"[382560075,383031013,381997627]","[115348258,115314627,115759587]"
rgb8_big_tree,zlpng,4,8,50950758,83101200,54201034,15601685,1,1,3,"[53836274,54541046,54201034]","[15574765,15601685,15886104]"
rgb8_big_tree,zlpng,5,1,48425754,83101200,558701654,102949086,1,1,3,"[558701654,558755275,557303358]","[102949086,102980803,102886922]"
rgb8_big_tree,zlpng,5,8,48425754,83101200,76301967,13991220,1,1,3,"[76137129,76324120,76301967]","[13991220,13920133,14228588]"
rgb8_big_tree,zlpng,6,1,48490133,83101200,610925100,104077765,1,1,3,"[611281707,608838457,610925100]","[104529686,104077765,104053008]"
rgb8_big_tree,zlpng,6,8,48490133,83101200,83184171,14126293,1,1,3,"[83024710,83184171,83194456]","[14181607,14061276,14126293]"
rgb8_big_tree,zlpng,7,1,48437920,83101200,666957211,104154191,1,1,3,"[666957211,670872427,666570438]","[104154191,103952587,104387652]"
rgb8_big_tree,zlpng,7,8,48437920,83101200,91980247,14146835,1,1,3,"[91985084,91980247,91789229]","[14146835,14251562,14051581]"
rgb8_big_tree,zlpng,8,1,46403565,83101200,990936056,108278692,1,1,3,"[986739155,990936056,991582438]","[108399624,108121575,108278692]"
rgb8_big_tree,zlpng,8,8,46403565,83101200,129863207,14564183,1,1,3,"[129863207,129578598,130038040]","[14564183,14634458,14333746]"
sk_kidney_z00_c2,original_zpng,0,1,304849,524288,1132876,361575,1,1,3,"[1136271,1130512,1132876]","[365871,361575,360814]"
sk_kidney_z00_c2,png,0,1,298619,524288,53142659,3307201,1,1,3,"[53238344,53142659,52979283]","[3306640,3307201,3317256]"
sk_kidney_z00_c2,zlpng,1,1,313637,524288,684982,462316,1,1,3,"[688196,682378,684982]","[467384,461665,462316]"
sk_kidney_z00_c2,zlpng,1,8,313637,524288,511090,253352,1,1,3,"[586743,511090,456528]","[253622,253352,250277]"
sk_kidney_z00_c2,zlpng,2,1,264227,524288,2043597,699954,1,1,3,"[2033352,2054744,2043597]","[699954,701617,697701]"
sk_kidney_z00_c2,zlpng,2,8,264227,524288,1443594,655066,1,1,3,"[1702204,1305146,1443594]","[560304,655066,750500]"
sk_kidney_z00_c2,zlpng,3,1,264129,524288,2543791,697891,1,1,3,"[2543791,2541708,2554046]","[697891,695127,708788]"
sk_kidney_z00_c2,zlpng,3,8,264129,524288,2261205,702488,1,1,3,"[2288697,1827042,2261205]","[715407,702488,375425]"
sk_kidney_z00_c2,zlpng,4,1,264129,524288,2545524,695317,1,1,3,"[2557742,2545524,2540946]","[698822,695317,693654]"
sk_kidney_z00_c2,zlpng,4,8,264129,524288,1667161,505942,1,1,3,"[1667161,1732058,1582433]","[370678,505942,704131]"
sk_kidney_z00_c2,zlpng,5,1,260077,524288,4610012,684321,1,1,3,"[4603783,4610012,4619527]","[684321,680595,685752]"
sk_kidney_z00_c2,zlpng,5,8,260077,524288,3320811,486322,1,1,3,"[3320811,3303505,3473992]","[370589,486322,757962]"
sk_kidney_z00_c2,zlpng,6,1,260077,524288,4762101,683719,1,1,3,"[4750444,4769923,4762101]","[683719,685863,683379]"
sk_kidney_z00_c2,zlpng,6,8,260077,524288,3619621,370719,1,1,3,"[3817619,2988380,3619621]","[366582,370719,686624]"
sk_kidney_z00_c2,zlpng,7,1,260077,524288,4989013,684420,1,1,3,"[4970775,4989013,4991597]","[684420,689719,679283]"
sk_kidney_z00_c2,zlpng,7,8,260077,524288,3228151,597450,1,1,3,"[3197726,4361158,3228151]","[398970,735698,597450]"
sk_kidney_z00_c2,zlpng,8,1,227529,524288,7074805,634455,1,1,3,"[7065390,7091589,7074805]","[634455,646764,634425]"
sk_kidney_z00_c2,zlpng,8,8,227529,524288,4042187,611932,1,1,3,"[4042187,4131712,3729496]","[611932,710119,605321]"
r3_syn_nonlinear_color_0,original_zpng,0,1,3588,296835,126530,114522,1,1,3,"[128534,126530,121583]","[117247,114522,112449]"
r3_syn_nonlinear_color_0,png,0,1,9327,296835,3388052,239961,1,1,3,"[3388052,3378948,3390416]","[239821,240152,239961]"
r3_syn_nonlinear_color_0,zlpng,1,1,13755,296835,162645,189425,1,1,3,"[162645,161363,162755]","[189245,189425,189515]"
r3_syn_nonlinear_color_0,zlpng,1,8,13755,296835,146481,171498,1,1,3,"[165069,146481,125238]","[171498,168053,173832]"
r3_syn_nonlinear_color_0,zlpng,2,1,2758,296835,80681,169666,1,1,3,"[78979,86671,80681]","[168183,171899,169666]"
r3_syn_nonlinear_color_0,zlpng,2,8,2758,296835,69875,148584,1,1,3,"[67591,74462,69875]","[148473,148584,149645]"
r3_syn_nonlinear_color_0,zlpng,3,1,3042,296835,85068,171818,1,1,3,"[85068,98018,83035]","[170186,175945,171818]"
r3_syn_nonlinear_color_0,zlpng,3,8,3042,296835,73751,150677,1,1,3,"[73751,70616,75213]","[148233,150677,152400]"
r3_syn_nonlinear_color_0,zlpng,4,1,2551,296835,92689,167002,1,1,3,"[92689,92859,92299]","[167102,167002,166611]"
r3_syn_nonlinear_color_0,zlpng,4,8,2551,296835,75895,147993,1,1,3,"[74342,75895,78428]","[147472,149235,147993]"
r3_syn_nonlinear_color_0,zlpng,5,1,2521,296835,100321,164538,1,1,3,"[100321,99760,107362]","[164538,164508,167793]"
r3_syn_nonlinear_color_0,zlpng,5,8,2521,296835,81854,147983,1,1,3,"[85539,81854,81613]","[149044,147983,147713]"
r3_syn_nonlinear_color_0,zlpng,6,1,2698,296835,136085,169094,1,1,3,"[134142,136085,143255]","[168634,170577,169094]"
r3_syn_nonlinear_color_0,zlpng,6,8,2698,296835,113811,149305,1,1,3,"[94773,113811,116396]","[154863,149045,149305]"
r3_syn_nonlinear_color_0,zlpng,7,1,2686,296835,446142,172540,1,1,3,"[446142,441595,449036]","[172740,170236,172540]"
r3_syn_nonlinear_color_0,zlpng,7,8,2686,296835,393122,153871,1,1,3,"[393122,375415,400123]","[154243,153631,153871]"
r3_syn_nonlinear_color_0,zlpng,8,1,3244,296835,2596490,177537,1,1,3,"[2595298,2596490,2602910]","[178919,176636,177537]"
r3_syn_nonlinear_color_0,zlpng,8,8,3244,296835,2259292,158519,1,1,3,"[2265972,2259292,2236328]","[157638,158519,159350]"
r3_syn_vector_edges_1,original_zpng,0,1,1837,1574912,453693,442557,1,1,3,"[453243,453693,483017]","[446913,441024,442557]"
r3_syn_vector_edges_1,png,0,1,3529,1574912,7297360,2696370,1,1,3,"[7297360,7336768,7290249]","[2696370,2697302,2684472]"
r3_syn_vector_edges_1,zlpng,1,1,2357,1574912,213141,706003,1,1,3,"[212339,213141,218539]","[704671,706003,709058]"
r3_syn_vector_edges_1,zlpng,1,8,2357,1574912,94372,157797,1,1,3,"[94612,91458,94372]","[155874,161523,157797]"
r3_syn_vector_edges_1,zlpng,2,1,3282,1574912,246861,670980,1,1,3,"[245840,246861,249496]","[673574,670339,670980]"
r3_syn_vector_edges_1,zlpng,2,8,3282,1574912,119740,261424,1,1,3,"[119740,142134,95714]","[261424,275014,155444]"
r3_syn_vector_edges_1,zlpng,3,1,2758,1574912,258138,642487,1,1,3,"[253181,258138,281785]","[640023,642798,642487]"
r3_syn_vector_edges_1,zlpng,3,8,2758,1574912,123436,240502,1,1,3,"[104507,123436,124317]","[152300,240502,241624]"
r3_syn_vector_edges_1,zlpng,4,1,2696,1574912,279221,643829,1,1,3,"[279221,283217,277418]","[645752,643829,639924]"
r3_syn_vector_edges_1,zlpng,4,8,2696,1574912,156256,154783,1,1,3,"[156256,168724,96355]","[154783,266331,152650]"
r3_syn_vector_edges_1,zlpng,5,1,2185,1574912,257188,641286,1,1,3,"[257188,256176,257528]","[649388,641286,639573]"
r3_syn_vector_edges_1,zlpng,5,8,2185,1574912,125469,255895,1,1,3,"[118949,125469,147803]","[254544,255895,258549]"
r3_syn_vector_edges_1,zlpng,6,1,2155,1574912,293682,638502,1,1,3,"[291949,294303,293682]","[638502,637981,641586]"
r3_syn_vector_edges_1,zlpng,6,8,2155,1574912,137777,258169,1,1,3,"[137777,149876,111408]","[258169,263357,152369]"
r3_syn_vector_edges_1,zlpng,7,1,1405,1574912,352121,605983,1,1,3,"[352121,351309,358319]","[604350,605983,609498]"
r3_syn_vector_edges_1,zlpng,7,8,1405,1574912,195665,249716,1,1,3,"[522667,195665,160482]","[238519,249716,260011]"
r3_syn_vector_edges_1,zlpng,8,1,1276,1574912,12484371,587835,1,1,3,"[12387365,12484371,12517171]","[587835,587595,590469]"
r3_syn_vector_edges_1,zlpng,8,8,1276,1574912,2367746,222304,1,1,3,"[2367746,2552183,2155956]","[183706,230067,222304]"
r3_syn_misregistered_bands_1,original_zpng,0,1,1957937,2362368,2244921,1654942,1,1,3,"[2246603,2244921,1880062]","[1668493,1649845,1654942]"
r3_syn_misregistered_bands_1,png,0,1,1891420,2362368,82604398,13280870,1,1,3,"[85362791,82604398,82407912]","[13280870,13625419,13250955]"
r3_syn_misregistered_bands_1,zlpng,1,1,1827655,2362368,1955475,967858,1,1,3,"[2070648,1955475,1884979]","[1033727,967858,959495]"
r3_syn_misregistered_bands_1,zlpng,1,8,1827655,2362368,664651,324789,1,1,3,"[678412,664651,586043]","[361955,324789,296246]"
r3_syn_misregistered_bands_1,zlpng,2,1,561128,2362368,3982308,1004622,1,1,3,"[3982308,3789787,4105793]","[1004622,963471,1126576]"
r3_syn_misregistered_bands_1,zlpng,2,8,561128,2362368,1155390,311879,1,1,3,"[1188089,1155390,1116231]","[321174,291850,311879]"
r3_syn_misregistered_bands_1,zlpng,3,1,561128,2362368,4917485,1150994,1,1,3,"[5304247,4917485,4594259]","[1259036,1150994,958684]"
r3_syn_misregistered_bands_1,zlpng,3,8,561128,2362368,1513790,308435,1,1,3,"[1600601,1329623,1513790]","[321194,259901,308435]"
r3_syn_misregistered_bands_1,zlpng,4,1,561128,2362368,5243276,1149421,1,1,3,"[5261694,5097897,5243276]","[1149421,996691,1153437]"
r3_syn_misregistered_bands_1,zlpng,4,8,561128,2362368,1480740,306111,1,1,3,"[1468952,1572728,1480740]","[306111,302706,321835]"
r3_syn_misregistered_bands_1,zlpng,5,1,560912,2362368,7734247,1137323,1,1,3,"[7744954,7548488,7734247]","[1137323,982279,1140778]"
r3_syn_misregistered_bands_1,zlpng,5,8,560912,2362368,2223178,322055,1,1,3,"[1941073,2223178,2259993]","[302005,324889,322055]"
r3_syn_misregistered_bands_1,zlpng,6,1,560912,2362368,9018912,976611,1,1,3,"[8966573,9056488,9018912]","[980987,975489,976611]"
r3_syn_misregistered_bands_1,zlpng,6,8,560912,2362368,2408797,298720,1,1,3,"[2590701,2408797,2252392]","[320352,298479,298720]"
r3_syn_misregistered_bands_1,zlpng,7,1,560912,2362368,11069910,1140637,1,1,3,"[11281469,10959754,11069910]","[1043321,1140637,1154398]"
r3_syn_misregistered_bands_1,zlpng,7,8,560912,2362368,2872335,291790,1,1,3,"[3106178,2872335,2839126]","[324098,290747,291790]"
r3_syn_misregistered_bands_1,zlpng,8,1,560912,2362368,25910159,972354,1,1,3,"[26043300,25813504,25910159]","[1170723,968168,972354]"
r3_syn_misregistered_bands_1,zlpng,8,8,560912,2362368,6212706,430268,1,1,3,"[6212706,5955338,6225175]","[430268,356206,437669]"
rgb8_artificial,original_zpng,0,1,1930814,18874368,25049103,17414885,1,1,3,"[22723170,25049103,25055793]","[17495788,17414885,17172821]"
rgb8_artificial,png,0,1,1736935,18874368,211981743,45895226,1,1,3,"[211981743,211663513,211995193]","[48265275,45895226,45855466]"
rgb8_artificial,zlpng,1,1,2164719,18874368,16412176,13362253,1,1,3,"[16412176,16470904,16306497]","[13338728,13396454,13362253]"
rgb8_artificial,zlpng,1,8,2164719,18874368,2925816,1905530,1,1,3,"[2925816,3037685,2409399]","[2306684,1905530,1904928]"
rgb8_artificial,zlpng,2,1,2014937,18874368,18741734,17521527,1,1,3,"[18741734,19512956,18147039]","[18832280,17521527,16622843]"
rgb8_artificial,zlpng,2,8,2014937,18874368,2992537,2327886,1,1,3,"[2843643,3087740,2992537]","[2317350,2344050,2327886]"
rgb8_artificial,zlpng,3,1,2010107,18874368,20087581,16616183,1,1,3,"[20706843,20085528,20087581]","[18840813,16616183,16387429]"
rgb8_artificial,zlpng,3,8,2010107,18874368,2853707,2305101,1,1,3,"[3552329,2853707,2850693]","[2308676,2305101,2304451]"
rgb8_artificial,zlpng,4,1,2046720,18874368,22142946,16620490,1,1,3,"[22816460,22142946,21730675]","[18882476,16620490,16573428]"
rgb8_artificial,zlpng,4,8,2046720,18874368,3178096,2334826,1,1,3,"[3178096,3168141,3855115]","[2332653,2334826,2730011]"
rgb8_artificial,zlpng,5,1,1947886,18874368,53040997,16043020,1,1,3,"[52989419,53040997,53100236]","[16034247,16080416,16043020]"
rgb8_artificial,zlpng,5,8,1947886,18874368,7852024,2278642,1,1,3,"[8037674,7852024,7418302]","[2697693,2268245,2278642]"
rgb8_artificial,zlpng,6,1,1893710,18874368,62252008,15692913,1,1,3,"[62188072,62290546,62252008]","[15688616,15693293,15692913]"
rgb8_artificial,zlpng,6,8,1893710,18874368,8583216,2213733,1,1,3,"[8583216,8572409,8669465]","[2213644,2213733,2226343]"
rgb8_artificial,zlpng,7,1,1881007,18874368,75964258,15115163,1,1,3,"[76639024,75905199,75964258]","[17422498,15094772,15115163]"
rgb8_artificial,zlpng,7,8,1881007,18874368,10718572,2140885,1,1,3,"[10718572,10647354,10781977]","[2141956,2140885,2140313]"
rgb8_artificial,zlpng,8,1,1643246,18874368,283085021,20095303,1,1,3,"[283085021,283104680,282795164]","[20117456,20095303,20031486]"
rgb8_artificial,zlpng,8,8,1643246,18874368,37833095,3185307,1,1,3,"[37962800,37833095,37316297]","[3220019,3185307,3010374]"
kodak_19,original_zpng,0,1,572621,1179648,2468237,1045444,1,1,3,"[2468237,2458963,2521237]","[1041899,1045444,1049671]"
kodak_19,png,0,1,674212,1179648,80386849,5291038,1,1,3,"[80342551,80386849,86222296]","[5291038,5285079,5706584]"
kodak_19,zlpng,1,1,534154,1179648,1607211,809419,1,1,3,"[1601101,1607211,1783846]","[802399,809419,889300]"
kodak_19,zlpng,1,8,534154,1179648,500524,226381,1,1,3,"[500524,498541,542978]","[226381,224609,240392]"
kodak_19,zlpng,2,1,554646,1179648,2486064,1212096,1,1,3,"[2486064,2484442,2516479]","[1212096,1211003,1283213]"
kodak_19,zlpng,2,8,554646,1179648,1105656,564850,1,1,3,"[680505,1195160,1105656]","[320893,576358,564850]"
kodak_19,zlpng,3,1,570465,1179648,3826482,1308601,1,1,3,"[3826482,3828265,3815225]","[1309052,1308601,1307279]"
kodak_19,zlpng,3,8,570465,1179648,1281690,630430,1,1,3,"[1281690,1323653,927908]","[640825,630430,314884]"
kodak_19,zlpng,4,1,588528,1179648,4380968,1505297,1,1,3,"[4382370,4380437,4380968]","[1505297,1507370,1502412]"
kodak_19,zlpng,4,8,588528,1179648,1171274,710130,1,1,3,"[1171274,1049670,1785709]","[715127,710130,695828]"
kodak_19,zlpng,5,1,559871,1179648,7184960,1329813,1,1,3,"[7351981,7169978,7184960]","[1327749,1330584,1329813]"
kodak_19,zlpng,5,8,559871,1179648,2109627,625923,1,1,3,"[2555408,2097438,2109627]","[625923,613995,637881]"
kodak_19,zlpng,6,1,557939,1179648,8847163,1306447,1,1,3,"[8831159,8863858,8847163]","[1310093,1306447,1306077]"
kodak_19,zlpng,6,8,557939,1179648,2480806,560564,1,1,3,"[2232873,2814218,2480806]","[560564,525561,614205]"
kodak_19,zlpng,7,1,556669,1179648,10420153,1305005,1,1,3,"[10344428,10443978,10420153]","[1302281,1306467,1305005]"
kodak_19,zlpng,7,8,556669,1179648,2817253,532702,1,1,3,"[2817253,3118056,2728679]","[333862,662918,532702]"
kodak_19,zlpng,8,1,514161,1179648,18467261,1869015,1,1,3,"[18461542,18467261,19815751]","[1869015,1867542,2008785]"
kodak_19,zlpng,8,8,514161,1179648,7875971,1154028,1,1,3,"[7875971,7706926,8241952]","[1154028,1055769,1316362]"
r3_syn_cfa_mosaic_0,original_zpng,0,1,176394,197890,261013,147142,1,1,3,"[264799,261013,258699]","[147142,148273,146521]"
r3_syn_cfa_mosaic_0,png,0,1,172759,197890,4949233,764562,1,1,3,"[4934181,4951236,4949233]","[768787,764562,761997]"
r3_syn_cfa_mosaic_0,zlpng,1,1,173833,197890,186591,165009,1,1,3,"[186591,186200,196796]","[165009,162445,165429]"
r3_syn_cfa_mosaic_0,zlpng,1,8,173833,197890,199741,166962,1,1,3,"[196416,200531,199741]","[165810,166981,166962]"
r3_syn_cfa_mosaic_0,zlpng,2,1,111364,197890,777501,247803,1,1,3,"[777501,781157,777151]","[244308,247803,248023]"
r3_syn_cfa_mosaic_0,zlpng,2,8,111364,197890,777261,244328,1,1,3,"[781487,777261,773765]","[244728,243707,244328]"
r3_syn_cfa_mosaic_0,zlpng,3,1,111592,197890,1037593,247663,1,1,3,"[1035269,1037593,1040066]","[246110,248784,247663]"
r3_syn_cfa_mosaic_0,zlpng,3,8,111592,197890,1035489,248975,1,1,3,"[1037933,1032024,1035489]","[248975,250157,247262]"
r3_syn_cfa_mosaic_0,zlpng,4,1,111120,197890,1040377,244378,1,1,3,"[1040377,1047147,1039235]","[245730,242825,244378]"
r3_syn_cfa_mosaic_0,zlpng,4,8,111120,197890,1049871,243787,1,1,3,"[1055810,1047507,1049871]","[244879,241724,243787]"
r3_syn_cfa_mosaic_0,zlpng,5,1,111399,197890,1069200,244128,1,1,3,"[1069200,1057262,1073116]","[244128,243407,244318]"
r3_syn_cfa_mosaic_0,zlpng,5,8,111399,197890,1072355,245539,1,1,3,"[1111925,1072355,1070743]","[246601,244358,245539]"
r3_syn_cfa_mosaic_0,zlpng,6,1,110867,197890,1398676,245700,1,1,3,"[1414240,1392617,1398676]","[250167,244749,245700]"
r3_syn_cfa_mosaic_0,zlpng,6,8,110867,197890,1392397,244828,1,1,3,"[1395242,1392397,1390754]","[244828,245730,243878]"
r3_syn_cfa_mosaic_0,zlpng,7,1,110088,197890,1687481,236366,1,1,3,"[1687481,1695904,1682905]","[236366,237698,235915]"
r3_syn_cfa_mosaic_0,zlpng,7,8,110088,197890,1690576,239060,1,1,3,"[1691768,1689934,1690576]","[236106,239131,239060]"
r3_syn_cfa_mosaic_0,zlpng,8,1,164794,197890,1408100,390187,1,1,3,"[1418897,1404005,1408100]","[390839,390187,384980]"
r3_syn_cfa_mosaic_0,zlpng,8,8,164794,197890,1406618,388956,1,1,3,"[1406618,1403544,1409673]","[388956,390217,387023]"
rgb8_hdr,original_zpng,0,1,7500993,18874368,48873811,17827217,1,1,3,"[48873811,48750626,50444847]","[17827217,17615628,18245727]"
rgb8_hdr,png,0,1,7114602,18874368,1617512504,87598688,1,1,3,"[1616777337,1617512504,1623874104]","[87510936,87784268,87598688]"
rgb8_hdr,zlpng,1,1,7127048,18874368,41240967,13559209,1,1,3,"[41448379,41240967,41153365]","[13722606,13559209,13467722]"
rgb8_hdr,zlpng,1,8,7127048,18874368,6272707,1992221,1,1,3,"[6272707,6339557,5990522]","[1992221,1997398,1978800]"
rgb8_hdr,zlpng,2,1,7328716,18874368,50693451,20008151,1,1,3,"[50742956,50606681,50693451]","[20025747,20008151,19965807]"
rgb8_hdr,zlpng,2,8,7328716,18874368,7423299,2837553,1,1,3,"[7554897,7423299,7380114]","[2837553,2838244,2823833]"
rgb8_hdr,zlpng,3,1,7668505,18874368,65915335,21366587,1,1,3,"[66012752,65915335,65723726]","[21373627,21353388,21366587]"
rgb8_hdr,zlpng,3,8,7668505,18874368,9464503,3027148,1,1,3,"[9464503,9369250,9465074]","[3027148,3013558,3033188]"
rgb8_hdr,zlpng,4,1,7968721,18874368,70645408,23368041,1,1,3,"[70969637,70645408,70512468]","[23403955,23368041,23326418]"
rgb8_hdr,zlpng,4,8,7968721,18874368,10146780,3298748,1,1,3,"[10194362,10146780,10097987]","[3304727,3298748,3298518]"
rgb8_hdr,zlpng,5,1,7392379,18874368,121838562,21310222,1,1,3,"[122223201,121457909,121838562]","[21413167,21310222,21308980]"
rgb8_hdr,zlpng,5,8,7392379,18874368,17287524,3083584,1,1,3,"[17287524,17257939,17310579]","[3162814,3083584,3033098]"
rgb8_hdr,zlpng,6,1,7348129,18874368,166926952,20653704,1,1,3,"[163738802,167696151,166926952]","[20653704,20648476,20668035]"
rgb8_hdr,zlpng,6,8,7348129,18874368,23555523,3014980,1,1,3,"[23715504,23513780,23555523]","[2958025,3014980,3106469]"
rgb8_hdr,zlpng,7,1,7327802,18874368,187921780,20824120,1,1,3,"[187921780,187156056,187955300]","[20832232,20824120,20781756]"
rgb8_hdr,zlpng,7,8,7327802,18874368,26707119,3148441,1,1,3,"[26707119,26678136,26825688]","[3148441,3028882,3173839]"
rgb8_hdr,zlpng,8,1,6500906,18874368,350713425,34919256,1,1,3,"[350713425,350655488,351838009]","[34869953,34919256,35259119]"
rgb8_hdr,zlpng,8,8,6500906,18874368,47939284,5158809,1,1,3,"[47146800,47939284,48939470]","[5256376,5072448,5158809]"
syn_radial_2,original_zpng,0,1,87294,2359296,1951569,1548161,1,1,3,"[1799520,1951569,1958158]","[1455131,1551196,1548161]"
syn_radial_2,png,0,1,69051,2359296,22139941,4022948,1,1,3,"[21421390,22139941,22870011]","[3947925,4224793,4022948]"
syn_radial_2,zlpng,1,1,108630,2359296,1082681,1418967,1,1,3,"[1076902,1171204,1082681]","[1418967,1459828,1416553]"
syn_radial_2,zlpng,1,8,108630,2359296,376888,390288,1,1,3,"[287122,376888,388204]","[360814,390288,402997]"
syn_radial_2,zlpng,2,1,99478,2359296,1366828,1889606,1,1,3,"[1371586,1366828,1360488]","[1882555,1889606,1892630]"
syn_radial_2,zlpng,2,8,99478,2359296,401725,502918,1,1,3,"[401725,665021,376938]","[502918,539413,480273]"
syn_radial_2,zlpng,3,1,96696,2359296,1341770,1892420,1,1,3,"[1276803,1341770,1367419]","[1788423,1892420,1913962]"
syn_radial_2,zlpng,3,8,96696,2359296,381925,471891,1,1,3,"[381925,334684,405881]","[471891,465761,484589]"
syn_radial_2,zlpng,4,1,96399,2359296,1417985,1911890,1,1,3,"[1415331,1417985,1469473]","[1786441,1918639,1911890]"
syn_radial_2,zlpng,4,8,96399,2359296,423758,469917,1,1,3,"[446162,336497,423758]","[470369,428044,469917]"
syn_radial_2,zlpng,5,1,80466,2359296,3194631,1830246,1,1,3,"[3194631,3185988,3278136]","[1776425,1830246,1908605]"
syn_radial_2,zlpng,5,8,80466,2359296,838583,461816,1,1,3,"[802939,838583,866044]","[474214,433163,461816]"
syn_radial_2,zlpng,6,1,74382,2359296,4725115,1696365,1,1,3,"[4724415,4954431,4725115]","[1696365,1804668,1695313]"
syn_radial_2,zlpng,6,8,74382,2359296,1103382,416688,1,1,3,"[1053647,1371235,1103382]","[416688,422336,411960]"
syn_radial_2,zlpng,7,1,72266,2359296,4904797,1796455,1,1,3,"[4885668,5212500,4904797]","[1671337,1801012,1796455]"
syn_radial_2,zlpng,7,8,72266,2359296,1484536,415265,1,1,3,"[1846821,1484536,1302211]","[415265,441385,409657]"
syn_radial_2,zlpng,8,1,71363,2359296,41172533,2294185,1,1,3,"[41087425,42036134,41172533]","[2285572,2294185,2295257]"
syn_radial_2,zlpng,8,8,71363,2359296,9013103,631902,1,1,3,"[9013103,9177441,8882957]","[631902,640124,627284]"
syn_stripes_2,original_zpng,0,1,1279,2359296,958774,914227,1,1,3,"[931463,965534,958774]","[926796,914227,905193]"
syn_stripes_2,png,0,1,4823,2359296,10628606,4234127,1,1,3,"[10628606,10617449,10649006]","[4345685,4234127,4084782]"
syn_stripes_2,zlpng,1,1,2858,2359296,308374,1330123,1,1,3,"[314604,295786,308374]","[1340739,1328481,1330123]"
syn_stripes_2,zlpng,1,8,2858,2359296,142765,322766,1,1,3,"[159591,106100,142765]","[352981,321684,322766]"
syn_stripes_2,zlpng,2,1,4207,2359296,335916,1288070,1,1,3,"[335916,334604,343587]","[1288070,1283893,1288891]"
syn_stripes_2,zlpng,2,8,4207,2359296,148333,350067,1,1,3,"[187022,125999,148333]","[336336,430368,350067]"
syn_stripes_2,zlpng,3,1,3558,2359296,365240,1239466,1,1,3,"[366822,365240,351981]","[1244995,1239466,1237243]"
syn_stripes_2,zlpng,3,8,3558,2359296,152369,341114,1,1,3,"[128613,202575,152369]","[341114,357298,338530]"
syn_stripes_2,zlpng,4,1,3494,2359296,397128,1234129,1,1,3,"[410378,385791,397128]","[1234129,1233168,1241029]"
syn_stripes_2,zlpng,4,8,3494,2359296,201864,340112,1,1,3,"[201864,156535,205099]","[296066,349686,340112]"
syn_stripes_2,zlpng,5,1,2769,2359296,353352,1224183,1,1,3,"[353352,340983,354645]","[1226808,1222832,1224183]"
syn_stripes_2,zlpng,5,8,2769,2359296,157698,294384,1,1,3,"[214463,157698,131468]","[294384,336366,292831]"
syn_stripes_2,zlpng,6,1,2728,2359296,393533,1222010,1,1,3,"[407033,390828,393533]","[1222811,1222010,1220878]"
syn_stripes_2,zlpng,6,8,2728,2359296,318019,338620,1,1,3,"[254904,318019,449397]","[338620,297618,339731]"
syn_stripes_2,zlpng,7,1,1680,2359296,603168,1190343,1,1,3,"[603168,508386,610529]","[1196302,1190343,1190142]"
syn_stripes_2,zlpng,7,8,1680,2359296,822609,302716,1,1,3,"[822609,1224274,269576]","[303107,302716,289806]"
syn_stripes_2,zlpng,8,1,1423,2359296,18598589,1158074,1,1,3,"[18710216,18512970,18598589]","[1159496,1158074,1156281]"
syn_stripes_2,zlpng,8,8,1423,2359296,4207377,315956,1,1,3,"[4216700,4207377,4206986]","[337679,283887,315956]"
syn_affine_0,original_zpng,0,1,1870,589824,176726,190547,1,1,3,"[181744,176726,172991]","[192861,190547,190527]"
syn_affine_0,png,0,1,6674,589824,3234041,981368,1,1,3,"[3247059,3233780,3234041]","[983070,981368,980997]"
syn_affine_0,zlpng,1,1,536,589824,79720,292671,1,1,3,"[79720,80771,73361]","[293071,292671,288785]"
syn_affine_0,zlpng,1,8,536,589824,78418,276156,1,1,3,"[93221,50446,78418]","[289015,276156,274423]"
syn_affine_0,zlpng,2,1,2631,589824,98859,328114,1,1,3,"[98859,104297,98018]","[328114,329656,328094]"
syn_affine_0,zlpng,2,8,2631,589824,53260,154793,1,1,3,"[65008,52009,53260]","[314804,154793,154493]"
syn_affine_0,zlpng,3,1,941,589824,78498,307704,1,1,3,"[78498,77567,89855]","[308154,305250,307704]"
syn_affine_0,zlpng,3,8,941,589824,77126,280202,1,1,3,"[108023,61322,77126]","[170076,280202,295445]"
syn_affine_0,zlpng,4,1,751,589824,88023,304508,1,1,3,"[90777,87832,88023]","[304549,302666,304508]"
syn_affine_0,zlpng,4,8,751,589824,67312,281223,1,1,3,"[67312,50556,95063]","[281223,289776,148333]"
syn_affine_0,zlpng,5,1,997,589824,93902,304208,1,1,3,"[93902,93661,95975]","[303377,304899,304208]"
syn_affine_0,zlpng,5,8,997,589824,77186,151178,1,1,3,"[77186,65749,105499]","[151178,150547,296536]"
syn_affine_0,zlpng,6,1,908,589824,104527,303617,1,1,3,"[104457,105289,104527]","[303677,303617,302716]"
syn_affine_0,zlpng,6,8,908,589824,107031,292651,1,1,3,"[107031,107953,65679]","[292651,155043,295545]"
syn_affine_0,zlpng,7,1,321,589824,133641,298760,1,1,3,"[133641,132560,135154]","[298599,298760,298890]"
syn_affine_0,zlpng,7,8,321,589824,160642,281604,1,1,3,"[160642,164397,138870]","[283427,281604,146370]"
syn_affine_0,zlpng,8,1,318,589824,4211282,298880,1,1,3,"[4211282,4205083,4211402]","[298880,299861,298730]"
syn_affine_0,zlpng,8,8,318,589824,1881093,283607,1,1,3,"[1927743,1881093,1871408]","[149736,291229,283607]"
syn_diagram_1,original_zpng,0,1,9514,1178877,431059,416057,1,1,3,"[438260,431059,430449]","[416057,417098,414394]"
syn_diagram_1,png,0,1,11614,1178877,5359802,1778248,1,1,3,"[5395706,5334793,5359802]","[1778438,1777387,1778248]"
syn_diagram_1,zlpng,1,1,20248,1178877,258419,636749,1,1,3,"[264729,258419,253973]","[639362,636749,636378]"
syn_diagram_1,zlpng,1,8,20248,1178877,101462,274103,1,1,3,"[101462,96045,163115]","[171448,274103,310288]"
syn_diagram_1,zlpng,2,1,14501,1178877,250187,650720,1,1,3,"[250187,248354,251268]","[650720,649077,652673]"
syn_diagram_1,zlpng,2,8,14501,1178877,150927,308945,1,1,3,"[90937,150927,165980]","[173742,308945,311169]"
syn_diagram_1,zlpng,3,1,12844,1178877,267973,648416,1,1,3,"[267973,271599,258960]","[650450,648276,648416]"
syn_diagram_1,zlpng,3,8,12844,1178877,165799,323477,1,1,3,"[179311,156716,165799]","[332871,249235,323477]"
syn_diagram_1,zlpng,4,1,13087,1178877,280101,651140,1,1,3,"[280162,275655,280101]","[651140,649188,654606]"
syn_diagram_1,zlpng,4,8,13087,1178877,153642,326192,1,1,3,"[101012,153642,169014]","[172019,360903,326192]"
syn_diagram_1,zlpng,5,1,11297,1178877,686444,640535,1,1,3,"[681086,686444,690460]","[640344,640535,641466]"
syn_diagram_1,zlpng,5,8,11297,1178877,346061,172370,1,1,3,"[456998,215424,346061]","[313702,168885,172370]"
syn_diagram_1,zlpng,6,1,11620,1178877,735508,642147,1,1,3,"[737691,731692,735508]","[644310,639303,642147]"
syn_diagram_1,zlpng,6,8,11620,1178877,360914,317067,1,1,3,"[237348,360914,465421]","[169104,317067,322346]"
syn_diagram_1,zlpng,7,1,11112,1178877,922059,641616,1,1,3,"[958924,912304,922059]","[643589,639052,641616]"
syn_diagram_1,zlpng,7,8,11112,1178877,457138,221053,1,1,3,"[466042,285930,457138]","[166230,221053,303617]"
syn_diagram_1,zlpng,8,1,8157,1178877,10939174,657761,1,1,3,"[10939174,10925453,10985243]","[657761,658642,656659]"
syn_diagram_1,zlpng,8,8,8157,1178877,3104525,324108,1,1,3,"[3104525,2790332,3109743]","[264318,324108,337528]"
kodak_06,original_zpng,0,1,536086,1179648,2587827,1050923,1,1,3,"[2587827,2583571,2601668]","[1051083,1048259,1050923]"
kodak_06,png,0,1,673714,1179648,64186501,4845296,1,1,3,"[64165610,64444380,64186501]","[4845296,4833529,4847971]"
kodak_06,zlpng,1,1,528137,1179648,1882264,844712,1,1,3,"[1883526,1882264,1876726]","[845833,844712,842419]"
kodak_06,zlpng,1,8,528137,1179648,702358,399962,1,1,3,"[509267,702358,750720]","[219951,399962,401084]"
kodak_06,zlpng,2,1,541531,1179648,2344190,1222761,1,1,3,"[2342017,2344190,2346864]","[1222761,1223002,1221750]"
kodak_06,zlpng,2,8,541531,1179648,1075510,593093,1,1,3,"[967527,1111113,1075510]","[593093,573594,599463]"
kodak_06,zlpng,3,1,553047,1179648,3545730,1284845,1,1,3,"[3540402,3545730,3552891]","[1285996,1283322,1284845]"
kodak_06,zlpng,3,8,553047,1179648,858182,318550,1,1,3,"[1251685,856280,858182]","[598802,314123,318550]"
kodak_06,zlpng,4,1,571055,1179648,4107826,1441380,1,1,3,"[4107826,4105443,4107887]","[1443975,1441380,1439608]"
kodak_06,zlpng,4,8,571055,1179648,1428892,636108,1,1,3,"[1428892,1462072,1126086]","[685202,636108,503308]"
kodak_06,zlpng,5,1,543459,1179648,7017578,1297564,1,1,3,"[7023758,7017578,7006030]","[1297614,1297564,1295611]"
kodak_06,zlpng,5,8,543459,1179648,1930898,638181,1,1,3,"[1914833,1930898,2354966]","[641006,585271,638181]"
kodak_06,zlpng,6,1,541590,1179648,8707173,1273108,1,1,3,"[8671859,8707173,8730257]","[1273227,1269862,1273108]"
kodak_06,zlpng,6,8,541590,1179648,2312031,602197,1,1,3,"[2185612,2312031,2523981]","[598271,602197,636148]"
kodak_06,zlpng,7,1,540257,1179648,10018697,1268240,1,1,3,"[10005178,10018697,10021291]","[1268240,1268931,1267248]"
kodak_06,zlpng,7,8,540257,1179648,2716050,603649,1,1,3,"[2928550,2388747,2716050]","[608296,603649,591982]"
kodak_06,zlpng,8,1,503225,1179648,24486275,2501087,1,1,3,"[24455929,24533056,24486275]","[2501087,2500906,2502328]"
kodak_06,zlpng,8,8,503225,1179648,9290912,1649825,1,1,3,"[8996328,9290912,9624304]","[1649825,1766941,1333118]"
r3_syn_serpentine_runs_0,original_zpng,0,1,2223,98945,60641,48794,1,1,3,"[61082,58649,60641]","[49805,47732,48794]"
r3_syn_serpentine_runs_0,png,0,1,1468,98945,458330,225520,1,1,3,"[459562,458330,455877]","[227884,225520,224328]"
r3_syn_serpentine_runs_0,zlpng,1,1,3103,98945,48172,130417,1,1,3,"[52259,48172,47392]","[132019,130417,129655]"
r3_syn_serpentine_runs_0,zlpng,1,8,3103,98945,49244,130887,1,1,3,"[49625,48013,49244]","[131017,130016,130887]"
r3_syn_serpentine_runs_0,zlpng,2,1,1208,98945,39960,131498,1,1,3,"[40481,37847,39960]","[132289,130998,131498]"
r3_syn_serpentine_runs_0,zlpng,2,8,1208,98945,37426,130587,1,1,3,"[34762,37426,37867]","[129966,130737,130587]"
r3_syn_serpentine_runs_0,zlpng,3,1,1054,98945,32129,130907,1,1,3,"[36284,32129,31648]","[130907,129164,139811]"
r3_syn_serpentine_runs_0,zlpng,3,8,1054,98945,36665,130777,1,1,3,"[37116,35143,36665]","[131228,130446,130777]"
r3_syn_serpentine_runs_0,zlpng,4,1,1181,98945,44016,131398,1,1,3,"[44016,36515,45398]","[131398,128834,135094]"
r3_syn_serpentine_runs_0,zlpng,4,8,1181,98945,42133,131067,1,1,3,"[40591,42204,42133]","[131067,131248,129766]"
r3_syn_serpentine_runs_0,zlpng,5,1,1218,98945,47091,130847,1,1,3,"[45359,47091,51888]","[130817,130847,134683]"
r3_syn_serpentine_runs_0,zlpng,5,8,1218,98945,48263,131939,1,1,3,"[48263,43025,48322]","[131488,132179,131939]"
r3_syn_serpentine_runs_0,zlpng,6,1,810,98945,57216,129815,1,1,3,"[51888,57577,57216]","[128033,132089,129815]"
r3_syn_serpentine_runs_0,zlpng,6,8,810,98945,57116,129245,1,1,3,"[57116,54672,57146]","[129445,128994,129245]"
r3_syn_serpentine_runs_0,zlpng,7,1,739,98945,102985,127572,1,1,3,"[105138,100741,102985]","[127572,126741,129755]"
r3_syn_serpentine_runs_0,zlpng,7,8,739,98945,101302,126581,1,1,3,"[102664,97977,101302]","[128733,125509,126581]"
r3_syn_serpentine_runs_0,zlpng,8,1,559,98945,1004212,135444,1,1,3,"[1004212,1019846,1002790]","[135444,136455,133712]"
r3_syn_serpentine_runs_0,zlpng,8,8,559,98945,1019265,136375,1,1,3,"[1025103,1004102,1019265]","[137798,132580,136375]"
kodak_15,original_zpng,0,1,563731,1179648,2868289,1092815,1,1,3,"[2868289,2872476,2856422]","[1091094,1093447,1092815]"
kodak_15,png,0,1,618367,1179648,71071049,5787335,1,1,3,"[71071049,71068786,71073964]","[5787335,5809468,5783359]"
kodak_15,zlpng,1,1,514048,1179648,2303709,897161,1,1,3,"[2296939,2303929,2303709]","[891713,900476,897161]"
kodak_15,zlpng,1,8,514048,1179648,584420,232700,1,1,3,"[584420,586994,580955]","[227422,232700,233822]"
kodak_15,zlpng,2,1,520716,1179648,2580086,1253008,1,1,3,"[2580086,2587476,2578844]","[1254188,1253008,1252225]"
kodak_15,zlpng,2,8,520716,1179648,652313,310748,1,1,3,"[652313,650099,659212]","[448435,310748,304669]"
kodak_15,zlpng,3,1,533293,1179648,3765901,1297875,1,1,3,"[3752391,3774544,3765901]","[1297875,1296883,1298736]"
kodak_15,zlpng,3,8,533293,1179648,1074007,317849,1,1,3,"[1317114,1074007,886445]","[564430,317849,313092]"
kodak_15,zlpng,4,1,553506,1179648,4423562,1454861,1,1,3,"[4387047,4423562,4501790]","[1452618,1454861,1456112]"
kodak_15,zlpng,4,8,553506,1179648,1619289,604871,1,1,3,"[1697246,1382892,1619289]","[604871,694036,578631]"
kodak_15,zlpng,5,1,525972,1179648,7424441,1328971,1,1,3,"[7424441,7428086,7423219]","[1329803,1328971,1325536]"
kodak_15,zlpng,5,8,525972,1179648,2198481,623489,1,1,3,"[1705278,2198481,2266083]","[555917,657600,623489]"
kodak_15,zlpng,6,1,523480,1179648,9323651,1298295,1,1,3,"[9323651,9323951,9294897]","[1298536,1295060,1298295]"
kodak_15,zlpng,6,8,523480,1179648,2801539,625262,1,1,3,"[2895050,2214605,2801539]","[625262,543278,633975]"
kodak_15,zlpng,7,1,521618,1179648,10558691,1294299,1,1,3,"[10558691,10521515,10568105]","[1294299,1293778,1294560]"
kodak_15,zlpng,7,8,521618,1179648,2752405,611060,1,1,3,"[2752405,2919947,2539605]","[611060,610820,613784]"
kodak_15,zlpng,8,1,482628,1179648,41382660,4097140,1,1,3,"[41825757,41177321,41382660]","[4090060,4097140,4100705]"
kodak_15,zlpng,8,8,482628,1179648,11036991,1454531,1,1,3,"[11173176,10671280,11036991]","[1500169,1454531,1298495]"
syn_radial_0,original_zpng,0,1,20249,589824,354784,299541,1,1,3,"[360663,354784,353773]","[299541,300303,296587]"
syn_radial_0,png,0,1,25488,589824,8277495,1157333,1,1,3,"[8277495,8282143,8259418]","[1162010,1157333,1154078]"
syn_radial_0,zlpng,1,1,33525,589824,329686,368425,1,1,3,"[330838,327984,329686]","[369827,368425,367624]"
syn_radial_0,zlpng,1,8,33525,589824,167842,354655,1,1,3,"[167842,165389,327092]","[181643,358720,354655]"
syn_radial_0,zlpng,2,1,32800,589824,378229,491360,1,1,3,"[378279,373613,378229]","[495026,488295,491360]"
syn_radial_0,zlpng,2,8,32800,589824,360924,455345,1,1,3,"[191679,382876,360924]","[231198,455345,468195]"
syn_radial_0,zlpng,3,1,29939,589824,350778,450438,1,1,3,"[350778,354314,348755]","[449206,452381,450438]"
syn_radial_0,zlpng,3,8,29939,589824,331990,406472,1,1,3,"[333873,331990,225179]","[406472,403037,412702]"
syn_radial_0,zlpng,4,1,29612,589824,344429,442937,1,1,3,"[344429,343206,349055]","[442937,441646,446702]"
syn_radial_0,zlpng,4,8,29612,589824,316207,208704,1,1,3,"[316207,162665,331570]","[208704,205299,404839]"
syn_radial_0,zlpng,5,1,26828,589824,880917,456377,1,1,3,"[876209,884201,880917]","[455656,457970,456377]"
syn_radial_0,zlpng,5,8,26828,589824,784401,427654,1,1,3,"[784401,807596,593063]","[430198,221103,427654]"
syn_radial_0,zlpng,6,1,22927,589824,1226867,431530,1,1,3,"[1219667,1226867,1232796]","[431530,432361,429778]"
syn_radial_0,zlpng,6,8,22927,589824,788538,386392,1,1,3,"[1189872,788538,601275]","[392050,198188,386392]"
syn_radial_0,zlpng,7,1,24180,589824,1470835,440633,1,1,3,"[1470835,1475382,1468852]","[438060,440633,441495]"
syn_radial_0,zlpng,7,8,24180,589824,1279287,208294,1,1,3,"[1279287,1492497,1168891]","[222465,208294,205018]"
syn_radial_0,zlpng,8,1,24400,589824,10284688,599984,1,1,3,"[10245569,10414223,10284688]","[598993,599984,609398]"
syn_radial_0,zlpng,8,8,24400,589824,4594229,550339,1,1,3,"[4539115,4594229,4683774]","[464270,550339,558451]"
kodak_09,original_zpng,0,1,519850,1179648,2625914,1053256,1,1,3,"[2668709,2621708,2625914]","[1063251,1052055,1053256]"
kodak_09,png,0,1,587831,1179648,85345645,5376106,1,1,3,"[85345645,85301659,85354008]","[5376106,5363217,5479111]"
kodak_09,zlpng,1,1,502899,1179648,1995004,837892,1,1,3,"[2003197,1995004,1965650]","[837892,839885,828808]"
kodak_09,zlpng,1,8,502899,1179648,957432,412151,1,1,3,"[957432,991563,522557]","[433723,412151,219651]"
kodak_09,zlpng,2,1,512723,1179648,2680587,1204634,1,1,3,"[2669931,2680587,2682590]","[1205425,1204634,1201580]"
kodak_09,zlpng,2,8,512723,1179648,1157813,569899,1,1,3,"[663589,1157813,1197723]","[298510,569899,571831]"
kodak_09,zlpng,3,1,529666,1179648,3797109,1312206,1,1,3,"[3795606,3797109,3812091]","[1312927,1312206,1310754]"
kodak_09,zlpng,3,8,529666,1179648,1269782,627946,1,1,3,"[1464895,920176,1269782]","[665752,627946,517850]"
kodak_09,zlpng,4,1,551696,1179648,4554499,1496053,1,1,3,"[4539176,4554499,4567929]","[1500750,1494711,1496053]"
kodak_09,zlpng,4,8,551696,1179648,1545458,695888,1,1,3,"[1545458,1773060,1409202]","[551090,721086,695888]"
kodak_09,zlpng,5,1,521119,1179648,7265681,1340399,1,1,3,"[7279773,7265681,7240844]","[1340709,1336453,1340399]"
kodak_09,zlpng,5,8,521119,1179648,1996046,623289,1,1,3,"[2343619,1958359,1996046]","[330788,623289,646654]"
kodak_09,zlpng,6,1,518418,1179648,9330181,1303433,1,1,3,"[9659537,9330181,9304582]","[1303533,1303433,1303183]"
kodak_09,zlpng,6,8,518418,1179648,2618974,606874,1,1,3,"[2355096,2673806,2618974]","[606874,614134,559613]"
kodak_09,zlpng,7,1,517153,1179648,10680164,1308751,1,1,3,"[10680164,10594976,10955268]","[1308751,1305566,1308831]"
kodak_09,zlpng,7,8,517153,1179648,2981950,618431,1,1,3,"[3139869,2977854,2981950]","[540684,618431,621216]"
kodak_09,zlpng,8,1,473942,1179648,16630525,1419358,1,1,3,"[16630244,16630525,16665227]","[1419007,1422271,1419358]"
kodak_09,zlpng,8,8,473942,1179648,6408330,795728,1,1,3,"[6435962,6408330,5993937]","[767265,795728,812844]"
cbsd68_0060,original_zpng,0,1,186258,463203,1092755,469738,1,1,3,"[1093416,1092214,1092755]","[470398,469316,469738]"
cbsd68_0060,png,0,1,240811,463203,24502479,1959972,1,1,3,"[24532254,24501488,24502479]","[1959972,1964719,1952531]"
cbsd68_0060,zlpng,1,1,169979,463203,780616,358289,1,1,3,"[780616,778843,791042]","[355665,358289,364489]"
cbsd68_0060,zlpng,1,8,169979,463203,780406,343787,1,1,3,"[757721,797681,780406]","[343787,374354,210326]"
cbsd68_0060,zlpng,2,1,172145,463203,893675,520513,1,1,3,"[890191,893976,893675]","[520824,518211,520513]"
cbsd68_0060,zlpng,2,8,172145,463203,816670,472411,1,1,3,"[963521,816670,631440]","[485932,472411,469678]"
cbsd68_0060,zlpng,3,1,173528,463203,1188991,512852,1,1,3,"[1186937,1189011,1188991]","[512973,512852,512041]"
cbsd68_0060,zlpng,3,8,173528,463203,825493,473033,1,1,3,"[902029,614745,825493]","[288895,473033,473433]"
cbsd68_0060,zlpng,4,1,178803,463203,1353619,552361,1,1,3,"[1357674,1332807,1353619]","[553855,552361,550960]"
cbsd68_0060,zlpng,4,8,178803,463203,769318,530279,1,1,3,"[769318,698462,1200849]","[555157,530279,526803]"
cbsd68_0060,zlpng,5,1,171763,463203,2552054,519552,1,1,3,"[2562839,2549018,2552054]","[519552,519762,517830]"
cbsd68_0060,zlpng,5,8,171763,463203,1948304,293211,1,1,3,"[2048676,1705047,1948304]","[293211,486502,293032]"
cbsd68_0060,zlpng,6,1,170423,463203,3239278,504590,1,1,3,"[3252909,3218857,3239278]","[504590,504180,508546]"
cbsd68_0060,zlpng,6,8,170423,463203,1955925,506573,1,1,3,"[1886501,1955925,2067433]","[508817,506573,351860]"
cbsd68_0060,zlpng,7,1,169021,463203,3679321,492672,1,1,3,"[3687182,3679321,3669176]","[492672,493413,490689]"
cbsd68_0060,zlpng,7,8,169021,463203,2065651,468446,1,1,3,"[2279142,2065651,2016336]","[481505,468446,457989]"
cbsd68_0060,zlpng,8,1,160704,463203,16798056,1339087,1,1,3,"[16798056,16811177,16789875]","[1336903,1339087,1342912]"
cbsd68_0060,zlpng,8,8,160704,463203,8797108,1168069,1,1,3,"[8642395,8797108,9244372]","[1309191,1168069,1155430]"
openmoji_1f333,original_zpng,0,1,29832,1527696,746834,611260,1,1,3,"[746834,731812,747947]","[611260,605792,615227]"
openmoji_1f333,png,0,1,22958,1527696,7966958,2558693,1,1,3,"[7974560,7960648,7966958]","[2564582,2555138,2558693]"
openmoji_1f333,zlpng,1,1,37790,1527696,455025,697911,1,1,3,"[455025,452281,456728]","[698091,695478,697911]"
openmoji_1f333,zlpng,1,8,37790,1527696,269416,257888,1,1,3,"[269416,280642,259020]","[292781,168514,257888]"
openmoji_1f333,zlpng,2,1,29599,1527696,458451,706384,1,1,3,"[458451,456357,468175]","[708467,706384,706073]"
openmoji_1f333,zlpng,2,8,29599,1527696,240723,254313,1,1,3,"[150096,240723,256587]","[165148,312160,254313]"
openmoji_1f333,zlpng,3,1,29723,1527696,497860,757120,1,1,3,"[498732,497860,496478]","[755447,757120,762829]"
openmoji_1f333,zlpng,3,8,29723,1527696,261254,289586,1,1,3,"[155304,261254,299220]","[171559,309616,289586]"
openmoji_1f333,zlpng,4,1,29757,1527696,545321,760355,1,1,3,"[541345,545321,551440]","[760355,760335,762749]"
openmoji_1f333,zlpng,4,8,29757,1527696,267713,312751,1,1,3,"[267713,267092,308614]","[312751,297007,321675]"
openmoji_1f333,zlpng,5,1,29241,1527696,1841043,726224,1,1,3,"[1858359,1841043,1840642]","[730490,723219,726224]"
openmoji_1f333,zlpng,5,8,29241,1527696,741486,306322,1,1,3,"[1136591,587024,741486]","[310537,166450,306322]"
openmoji_1f333,zlpng,6,1,29222,1527696,1930477,709569,1,1,3,"[1938820,1930477,1927413]","[714626,709569,707786]"
openmoji_1f333,zlpng,6,8,29222,1527696,621106,172139,1,1,3,"[1093106,621106,599844]","[280102,172139,167051]"
openmoji_1f333,zlpng,7,1,29033,1527696,2432353,690400,1,1,3,"[2432353,2440595,2421486]","[691231,690340,690400]"
openmoji_1f333,zlpng,7,8,29033,1527696,1505247,165910,1,1,3,"[1538627,1505247,745994]","[290518,165910,159470]"
openmoji_1f333,zlpng,8,1,22447,1527696,13999202,707195,1,1,3,"[14015727,13999202,13731069]","[707195,707465,707165]"
openmoji_1f333,zlpng,8,8,22447,1527696,2650993,193020,1,1,3,"[2812386,2637122,2650993]","[184117,266271,193020]"
r3_fluent_rocket,original_zpng,0,1,38433,262144,387013,174523,1,1,3,"[387013,388746,382135]","[176295,174523,172360]"
r3_fluent_rocket,png,0,1,35971,262144,5754736,726314,1,1,3,"[5764501,5754736,5754276]","[724781,726314,726624]"
r3_fluent_rocket,zlpng,1,1,38348,262144,250728,144898,1,1,3,"[254493,240693,250728]","[146931,141383,144898]"
r3_fluent_rocket,zlpng,1,8,38348,262144,254022,145099,1,1,3,"[246101,254363,254022]","[143125,147181,145099]"
r3_fluent_rocket,zlpng,2,1,37767,262144,270528,186901,1,1,3,"[272661,270528,270397]","[186901,184517,187523]"
r3_fluent_rocket,zlpng,2,8,37767,262144,267834,184317,1,1,3,"[267834,271178,266281]","[184317,185900,182775]"
r3_fluent_rocket,zlpng,3,1,37673,262144,334944,179961,1,1,3,"[334944,334774,338459]","[177618,180091,179961]"
r3_fluent_rocket,zlpng,3,8,37673,262144,334364,177948,1,1,3,"[336657,334364,334254]","[177948,176926,178549]"
r3_fluent_rocket,zlpng,4,1,38319,262144,379161,187292,1,1,3,"[379161,379872,373863]","[187292,187412,186681]"
r3_fluent_rocket,zlpng,4,8,38319,262144,377569,188124,1,1,3,"[376537,378259,377569]","[188124,189996,187492]"
r3_fluent_rocket,zlpng,5,1,37097,262144,914877,182104,1,1,3,"[921157,914877,912234]","[182104,182154,181143]"
r3_fluent_rocket,zlpng,5,8,37097,262144,913727,182435,1,1,3,"[900125,913727,915118]","[182435,182054,182795]"
r3_fluent_rocket,zlpng,6,1,36822,262144,1126086,179440,1,1,3,"[1134468,1106867,1126086]","[182895,178749,179440]"
r3_fluent_rocket,zlpng,6,8,36822,262144,1127548,178930,1,1,3,"[1129782,1127548,1122841]","[178839,178930,180572]"
r3_fluent_rocket,zlpng,7,1,36147,262144,1254830,177698,1,1,3,"[1254830,1254108,1256582]","[177698,178719,177227]"
r3_fluent_rocket,zlpng,7,8,36147,262144,1246938,177578,1,1,3,"[1240648,1246938,1248120]","[177217,177578,181173]"
r3_fluent_rocket,zlpng,8,1,32350,262144,5617239,353943,1,1,3,"[5610329,5617239,5653534]","[354414,353943,353282]"
r3_fluent_rocket,zlpng,8,8,32350,262144,5618652,354904,1,1,3,"[5584630,5665813,5618652]","[355175,354904,353763]"
syn_poisson16_1,original_zpng,0,1,583684,785918,666013,455206,1,1,3,"[666013,666273,660315]","[451480,455206,456828]"
syn_poisson16_1,png,0,1,586090,785918,35369915,3356895,1,1,3,"[35034620,35384517,35369915]","[3353360,3357847,3356895]"
syn_poisson16_1,zlpng,1,1,584158,785918,609978,643880,1,1,3,"[630319,605682,609978]","[644631,643880,640315]"
syn_poisson16_1,zlpng,1,8,584158,785918,453593,268855,1,1,3,"[247583,453593,476187]","[268855,463408,240712]"
syn_poisson16_1,zlpng,2,1,501007,785918,3469705,854807,1,1,3,"[3469705,3461353,3471618]","[851432,857682,854807]"
syn_poisson16_1,zlpng,2,8,501007,785918,1394370,314954,1,1,3,"[1394370,1310173,1570045]","[312912,314954,607365]"
syn_poisson16_1,zlpng,3,1,501007,785918,4565876,851572,1,1,3,"[4558044,4567959,4565876]","[855489,851572,848007]"
syn_poisson16_1,zlpng,3,8,501007,785918,2140253,627625,1,1,3,"[2166463,2084419,2140253]","[629949,615667,627625]"
syn_poisson16_1,zlpng,4,1,501007,785918,4755812,853395,1,1,3,"[4755812,4791106,4748150]","[852544,853395,855919]"
syn_poisson16_1,zlpng,4,8,501007,785918,2139092,397298,1,1,3,"[2139092,2242186,2092561]","[397298,315565,552773]"
syn_poisson16_1,zlpng,5,1,502017,785918,4891767,857301,1,1,3,"[4891767,4878827,4908732]","[857962,855769,857301]"
syn_poisson16_1,zlpng,5,8,502017,785918,2548778,573424,1,1,3,"[2548778,2309678,2549149]","[804502,573424,464710]"
syn_poisson16_1,zlpng,6,1,502017,785918,6046646,858143,1,1,3,"[6052845,6046646,6044953]","[857381,858143,864913]"
syn_poisson16_1,zlpng,6,8,502017,785918,2789040,773585,1,1,3,"[2369979,2935631,2789040]","[768087,773585,814367]"
syn_poisson16_1,zlpng,7,1,502017,785918,7388617,860796,1,1,3,"[7376178,7409889,7388617]","[855689,860796,861117]"
syn_poisson16_1,zlpng,7,8,502017,785918,3451598,557169,1,1,3,"[3561514,3403256,3451598]","[412531,557169,772704]"
syn_poisson16_1,zlpng,8,1,490414,785918,11594540,1036441,1,1,3,"[11587980,11594540,11609894]","[1036441,1036300,1037853]"
syn_poisson16_1,zlpng,8,8,490414,785918,4408839,742017,1,1,3,"[4191973,4408839,4608120]","[618181,763621,742017]"
sk_moon,original_zpng,0,1,46789,262144,436247,174863,1,1,3,"[436487,436247,431780]","[176115,174863,171449]"
sk_moon,png,0,1,44353,262144,8896287,960396,1,1,3,"[8904820,8896287,8847744]","[969600,960396,960046]"
sk_moon,zlpng,1,1,43282,262144,346822,363637,1,1,3,"[345781,349607,346822]","[363637,367964,363588]"
sk_moon,zlpng,1,8,43282,262144,347353,363137,1,1,3,"[349907,347353,340933]","[363737,363137,361985]"
sk_moon,zlpng,2,1,44552,262144,335515,424799,1,1,3,"[338730,335425,335515]","[424860,424799,423518]"
sk_moon,zlpng,2,8,44552,262144,334994,425591,1,1,3,"[335215,334994,331689]","[425591,426433,421835]"
sk_moon,zlpng,3,1,45171,262144,420894,408565,1,1,3,"[417689,420894,426682]","[407043,409026,408565]"
sk_moon,zlpng,3,8,45171,262144,422346,408695,1,1,3,"[422346,426312,418170]","[410338,408695,407143]"
sk_moon,zlpng,4,1,45309,262144,422036,416497,1,1,3,"[423107,422036,419512]","[416497,415245,417609]"
sk_moon,zlpng,4,8,45309,262144,422085,416948,1,1,3,"[417459,423708,422085]","[416948,417118,415786]"
sk_moon,zlpng,5,1,43270,262144,829609,415696,1,1,3,"[824872,829609,832273]","[413303,415696,419131]"
sk_moon,zlpng,5,8,43270,262144,828137,414374,1,1,3,"[834066,816469,828137]","[415866,414374,413012]"
sk_moon,zlpng,6,1,42481,262144,1152105,408616,1,1,3,"[1152105,1151765,1153567]","[407343,409416,408616]"
sk_moon,zlpng,6,8,42481,262144,1163332,409687,1,1,3,"[1163332,1160758,1164523]","[411350,409687,408445]"
sk_moon,zlpng,7,1,43364,262144,1237914,411370,1,1,3,"[1245476,1237914,1220678]","[413753,411189,411370]"
sk_moon,zlpng,7,8,43364,262144,1240418,411620,1,1,3,"[1240418,1236432,1241730]","[411119,411620,413042]"
sk_moon,zlpng,8,1,32915,262144,4801220,517219,1,1,3,"[4801220,4786428,4818847]","[518351,516678,517219]"
sk_moon,zlpng,8,8,32915,262144,4794801,505041,1,1,3,"[4794801,4805206,4793899]","[514775,505041,504099]"
cbsd68_0003,original_zpng,0,1,227283,463203,998484,424149,1,1,3,"[1003962,997783,998484]","[427444,424149,423628]"
cbsd68_0003,png,0,1,294633,463203,23108550,2405873,1,1,3,"[23108550,23115491,23056251]","[2406815,2405873,2393956]"
cbsd68_0003,zlpng,1,1,211792,463203,799173,355565,1,1,3,"[796380,799173,801257]","[355565,352892,358660]"
cbsd68_0003,zlpng,1,8,211792,463203,736910,357619,1,1,3,"[733215,736910,751622]","[207943,367894,357619]"
cbsd68_0003,zlpng,2,1,215723,463203,912674,506163,1,1,3,"[910832,919034,912674]","[505992,510289,506163]"
cbsd68_0003,zlpng,2,8,215723,463203,613514,475206,1,1,3,"[574335,613514,776219]","[473923,475206,515025]"
cbsd68_0003,zlpng,3,1,219670,463203,1416423,516518,1,1,3,"[1416423,1421631,1413519]","[516979,516518,516187]"
cbsd68_0003,zlpng,3,8,219670,463203,1090061,480654,1,1,3,"[1090061,847786,1197343]","[469668,480654,489848]"
cbsd68_0003,zlpng,4,1,227196,463203,1631357,577029,1,1,3,"[1631357,1644106,1628132]","[579372,577029,576308]"
cbsd68_0003,zlpng,4,8,227196,463203,1088068,339822,1,1,3,"[1193497,963822,1088068]","[523088,338820,339822]"
cbsd68_0003,zlpng,5,1,217820,463203,2878896,527244,1,1,3,"[2903632,2877623,2878896]","[529267,525792,527244]"
cbsd68_0003,zlpng,5,8,217820,463203,1742614,489217,1,1,3,"[1771618,1742614,1683766]","[489217,485582,506132]"
cbsd68_0003,zlpng,6,1,216753,463203,3558068,513543,1,1,3,"[3556036,3558068,3573141]","[513543,514605,512051]"
cbsd68_0003,zlpng,6,8,216753,463203,2061905,298820,1,1,3,"[2061575,2137870,2061905]","[490238,297297,298820]"
cbsd68_0003,zlpng,7,1,215892,463203,4013905,509367,1,1,3,"[4024010,4013905,4013484]","[509367,510118,507364]"
cbsd68_0003,zlpng,7,8,215892,463203,2482318,479733,1,1,3,"[2595318,2332933,2482318]","[453553,479733,496067]"
cbsd68_0003,zlpng,8,1,197251,463203,16503784,1792749,1,1,3,"[16503784,16486458,16531155]","[1780822,1796966,1792749]"
cbsd68_0003,zlpng,8,8,197251,463203,9580227,1325105,1,1,3,"[9580227,9633738,9578504]","[1051644,1325105,1381550]"
cbsd68_0040,original_zpng,0,1,209918,463203,1135290,496388,1,1,3,"[1135290,1142591,1128630]","[497289,495226,496388]"
cbsd68_0040,png,0,1,270746,463203,25818801,2239313,1,1,3,"[25816288,25818801,25832662]","[2247434,2239313,2236728]"
cbsd68_0040,zlpng,1,1,192948,463203,916500,354504,1,1,3,"[921408,916500,906986]","[353543,355275,354504]"
cbsd68_0040,zlpng,1,8,192948,463203,597670,338410,1,1,3,"[722237,597670,560654]","[350978,338410,211158]"
cbsd68_0040,zlpng,2,1,199969,463203,1008088,538341,1,1,3,"[1016340,1006065,1008088]","[538341,536187,540464]"
cbsd68_0040,zlpng,2,8,199969,463203,623980,493543,1,1,3,"[623980,619853,812053]","[493543,500644,493203]"
cbsd68_0040,zlpng,3,1,201950,463203,1308311,527043,1,1,3,"[1307990,1308311,1309932]","[524259,527885,527043]"
cbsd68_0040,zlpng,3,8,201950,463203,805443,474685,1,1,3,"[956450,803611,805443]","[488787,474324,474685]"
cbsd68_0040,zlpng,4,1,205611,463203,1477245,562567,1,1,3,"[1477245,1481361,1473189]","[562567,562007,563789]"
cbsd68_0040,zlpng,4,8,205611,463203,875889,332781,1,1,3,"[861828,1282281,875889]","[332781,503558,330839]"
cbsd68_0040,zlpng,5,1,198734,463203,2565103,532582,1,1,3,"[2553856,2572064,2565103]","[534805,532061,532582]"
cbsd68_0040,zlpng,5,8,198734,463203,1598016,499803,1,1,3,"[1593540,1598016,1606740]","[501636,499803,499142]"
cbsd68_0040,zlpng,6,1,197288,463203,3437086,516928,1,1,3,"[3434072,3437207,3437086]","[519091,516928,515666]"
cbsd68_0040,zlpng,6,8,197288,463203,2131870,460374,1,1,3,"[2119362,2131870,2138340]","[467003,397068,460374]"
cbsd68_0040,zlpng,7,1,196161,463203,3876328,507494,1,1,3,"[3889898,3840513,3876328]","[508866,506613,507494]"
cbsd68_0040,zlpng,7,8,196161,463203,2410249,461735,1,1,3,"[2412573,2406133,2410249]","[461735,455837,469728]"
cbsd68_0040,zlpng,8,1,179268,463203,18184154,1733931,1,1,3,"[18181160,18188541,18184154]","[1733931,1724617,1739600]"
cbsd68_0040,zlpng,8,8,179268,463203,9548850,1154338,1,1,3,"[9562080,9527377,9548850]","[1496033,1021709,1154338]"
sk_cells3d_z00_c1,original_zpng,0,1,98587,131072,102103,76715,1,1,3,"[102635,102103,101263]","[76705,76756,76715]"
sk_cells3d_z00_c1,png,0,1,103021,131072,4313957,679634,1,1,3,"[4313957,4317331,4304372]","[680325,679634,676739]"
sk_cells3d_z00_c1,zlpng,1,1,100172,131072,109054,109495,1,1,3,"[109054,103065,114172]","[109495,111368,108584]"
sk_cells3d_z00_c1,zlpng,1,8,100172,131072,114442,112430,1,1,3,"[116024,114151,114442]","[112430,112749,108263]"
sk_cells3d_z00_c1,zlpng,2,1,77076,131072,523979,180351,1,1,3,"[537520,523979,520924]","[180912,179841,180351]"
sk_cells3d_z00_c1,zlpng,2,8,77076,131072,525672,177768,1,1,3,"[523047,525691,525672]","[176977,179851,177768]"
sk_cells3d_z00_c1,zlpng,3,1,77081,131072,658161,176976,1,1,3,"[647796,658161,662658]","[175214,176976,183797]"
sk_cells3d_z00_c1,zlpng,3,8,77081,131072,655037,179460,1,1,3,"[663710,653344,655037]","[179460,176646,180852]"
sk_cells3d_z00_c1,zlpng,4,1,77081,131072,662478,176445,1,1,3,"[674526,662478,656869]","[180371,176445,176155]"
sk_cells3d_z00_c1,zlpng,4,8,77081,131072,662557,180392,1,1,3,"[659133,668327,662557]","[180392,182144,176687]"
sk_cells3d_z00_c1,zlpng,5,1,77019,131072,1134309,178288,1,1,3,"[1136141,1134309,1132475]","[178849,178288,177457]"
sk_cells3d_z00_c1,zlpng,5,8,77019,131072,1139707,177418,1,1,3,"[1126757,1141429,1139707]","[176626,177418,178719]"
sk_cells3d_z00_c1,zlpng,6,1,77019,131072,1208941,177567,1,1,3,"[1201099,1208941,1216342]","[176185,177567,180422]"
sk_cells3d_z00_c1,zlpng,6,8,77019,131072,1219436,179971,1,1,3,"[1220157,1219436,1209051]","[177628,181684,179971]"
sk_cells3d_z00_c1,zlpng,7,1,77019,131072,1217243,177928,1,1,3,"[1224574,1212105,1217243]","[178399,177928,177367]"
sk_cells3d_z00_c1,zlpng,7,8,77019,131072,1220338,179130,1,1,3,"[1217264,1227458,1220338]","[176736,180372,179130]"
sk_cells3d_z00_c1,zlpng,8,1,64008,131072,1804537,142434,1,1,3,"[1810086,1799250,1804537]","[142354,142434,143186]"
sk_cells3d_z00_c1,zlpng,8,8,64008,131072,1803817,142224,1,1,3,"[1800551,1817827,1803817]","[142224,141403,143166]"
r3_syn_periodic_grid16_1,original_zpng,0,1,3815,787456,242926,221273,1,1,3,"[244088,242556,242926]","[219350,221273,222525]"
r3_syn_periodic_grid16_1,png,0,1,10889,787456,4842943,1663735,1,1,3,"[4851186,4824054,4842943]","[1668823,1659830,1663735]"
r3_syn_periodic_grid16_1,zlpng,1,1,2622,787456,137226,535797,1,1,3,"[137427,137226,131488]","[536117,534615,535797]"
r3_syn_periodic_grid16_1,zlpng,1,8,2622,787456,165970,387133,1,1,3,"[165970,166591,156606]","[392701,387133,317658]"
r3_syn_periodic_grid16_1,zlpng,2,1,1808,787456,209536,559302,1,1,3,"[208123,212340,209536]","[559863,558030,559302]"
r3_syn_periodic_grid16_1,zlpng,2,8,1808,787456,277097,395025,1,1,3,"[95533,277097,300422]","[212209,415336,395025]"
r3_syn_periodic_grid16_1,zlpng,3,1,453,787456,189906,540894,1,1,3,"[189906,197127,182475]","[540894,544460,538551]"
r3_syn_periodic_grid16_1,zlpng,3,8,453,787456,146100,391980,1,1,3,"[473594,146100,79179]","[393432,391980,198890]"
r3_syn_periodic_grid16_1,zlpng,4,1,453,787456,188324,541445,1,1,3,"[188324,183456,190938]","[540413,541445,543088]"
r3_syn_periodic_grid16_1,zlpng,4,8,453,787456,227723,211038,1,1,3,"[154092,271208,227723]","[211038,384059,197157]"
r3_syn_periodic_grid16_1,zlpng,5,1,2566,787456,1483173,629027,1,1,3,"[1475563,1483173,1494531]","[629578,625092,629027]"
r3_syn_periodic_grid16_1,zlpng,5,8,2566,787456,869700,261604,1,1,3,"[1315601,869700,708337]","[235184,261604,326161]"
r3_syn_periodic_grid16_1,zlpng,6,1,2566,787456,1487511,629849,1,1,3,"[1488552,1475402,1487511]","[630720,629849,623398]"
r3_syn_periodic_grid16_1,zlpng,6,8,2566,787456,881747,454775,1,1,3,"[1161699,881747,866946]","[457079,233162,454775]"
r3_syn_periodic_grid16_1,zlpng,7,1,2566,787456,1479838,626784,1,1,3,"[1475843,1482303,1479838]","[624420,626784,628467]"
r3_syn_periodic_grid16_1,zlpng,7,8,2566,787456,1337103,461385,1,1,3,"[908979,1384395,1337103]","[467274,461385,455566]"
r3_syn_periodic_grid16_1,zlpng,8,1,954,787456,11833040,972564,1,1,3,"[11833040,11823917,11841723]","[963021,972564,975669]"
r3_syn_periodic_grid16_1,zlpng,8,8,954,787456,4871306,708187,1,1,3,"[4889513,4871306,4857495]","[709218,705072,708187]"
syn_ui_light_0,original_zpng,0,1,11814,589824,281995,237147,1,1,3,"[281715,283227,281995]","[238649,237147,233922]"
syn_ui_light_0,png,0,1,16932,589824,3044425,1065394,1,1,3,"[3025757,3047069,3044425]","[1064503,1065394,1067087]"
syn_ui_light_0,zlpng,1,1,15491,589824,177287,338240,1,1,3,"[177287,180402,173962]","[338680,336587,338240]"
syn_ui_light_0,zlpng,1,8,15491,589824,107201,162084,1,1,3,"[207333,107201,100332]","[187873,160362,162084]"
syn_ui_light_0,zlpng,2,1,12216,589824,158178,350788,1,1,3,"[163255,156236,158178]","[353603,348054,350788]"
syn_ui_light_0,zlpng,2,8,12216,589824,157708,175494,1,1,3,"[101042,176596,157708]","[172269,284960,175494]"
syn_ui_light_0,zlpng,3,1,12345,589824,187392,345880,1,1,3,"[187823,173822,187392]","[345410,345880,347273]"
syn_ui_light_0,zlpng,3,8,12345,589824,123616,176075,1,1,3,"[123616,213311,114142]","[176075,207413,169846]"
syn_ui_light_0,zlpng,4,1,12611,589824,201744,348895,1,1,3,"[201744,206661,193812]","[346962,350058,348895]"
syn_ui_light_0,zlpng,4,8,12611,589824,233532,344208,1,1,3,"[231028,239520,233532]","[344208,492382,315705]"
syn_ui_light_0,zlpng,5,1,11907,589824,467023,341635,1,1,3,"[475476,465071,467023]","[341635,345310,339992]"
syn_ui_light_0,zlpng,5,8,11907,589824,273742,175945,1,1,3,"[309166,273742,267313]","[175945,170817,303397]"
syn_ui_light_0,zlpng,6,1,11901,589824,490638,339901,1,1,3,"[491911,487934,490638]","[339901,337699,341404]"
syn_ui_light_0,zlpng,6,8,11901,589824,309446,335175,1,1,3,"[309446,287373,584270]","[335175,323317,345461]"
syn_ui_light_0,zlpng,7,1,11592,589824,594746,337718,1,1,3,"[594746,606223,580925]","[337718,341144,336687]"
syn_ui_light_0,zlpng,7,8,11592,589824,673644,324859,1,1,3,"[673644,320202,684230]","[339992,167733,324859]"
syn_ui_light_0,zlpng,8,1,11964,589824,6025875,383979,1,1,3,"[6037142,6025875,5990952]","[383768,386482,383979]"
syn_ui_light_0,zlpng,8,8,11964,589824,2919967,212270,1,1,3,"[2859286,2919967,3099107]","[212270,321474,203366]"
sk_lily_z00_c3,original_zpng,0,1,1173047,1700168,3667052,1375341,1,1,3,"[3676978,3667052,3664048]","[1375341,1386619,1373258]"
sk_lily_z00_c3,png,0,1,1151415,1700168,109639731,12109016,1,1,3,"[109613482,109988797,109639731]","[12109016,12115826,12092220]"
sk_lily_z00_c3,zlpng,1,1,1182803,1700168,2419694,1556183,1,1,3,"[2429669,2419694,2376729]","[1556183,1566629,1543795]"
sk_lily_z00_c3,zlpng,1,8,1182803,1700168,807396,489077,1,1,3,"[925514,807396,574195]","[489077,556949,326061]"
sk_lily_z00_c3,zlpng,2,1,1049725,1700168,7179662,2143148,1,1,3,"[7149337,7179662,7195536]","[2140373,2143148,2149577]"
sk_lily_z00_c3,zlpng,2,8,1049725,1700168,1361421,408585,1,1,3,"[1365967,1334119,1361421]","[408585,402066,412100]"
sk_lily_z00_c3,zlpng,3,1,1049181,1700168,9508970,2105290,1,1,3,"[9516081,9493858,9508970]","[2105290,2099031,2108285]"
sk_lily_z00_c3,zlpng,3,8,1049181,1700168,1848513,703689,1,1,3,"[1848513,1787772,2287385]","[599714,703689,741296]"
sk_lily_z00_c3,zlpng,4,1,1049181,1700168,9981532,2115506,1,1,3,"[10019058,9981532,9866128]","[2115506,2117168,2095736]"
sk_lily_z00_c3,zlpng,4,8,1049181,1700168,2308417,683599,1,1,3,"[2210579,2308417,2312463]","[683599,645372,740194]"
sk_lily_z00_c3,zlpng,5,1,1040371,1700168,13528893,2075355,1,1,3,"[13558088,13528893,13453270]","[2075355,2078631,2064289]"
sk_lily_z00_c3,zlpng,5,8,1040371,1700168,2908339,725462,1,1,3,"[2816171,2908339,3401772]","[725022,751301,725462]"
sk_lily_z00_c3,zlpng,6,1,1040371,1700168,14861521,2085751,1,1,3,"[14861521,14886559,14837084]","[2087224,2073212,2085751]"
sk_lily_z00_c3,zlpng,6,8,1040371,1700168,2924174,714015,1,1,3,"[2851354,3355954,2924174]","[463839,750510,714015]"
sk_lily_z00_c3,zlpng,7,1,1040371,1700168,16368009,2082646,1,1,3,"[16305415,16368851,16368009]","[2089236,2082646,2079642]"
sk_lily_z00_c3,zlpng,7,8,1040371,1700168,3302533,614285,1,1,3,"[3697388,3302533,3047449]","[614285,553293,706534]"
sk_lily_z00_c3,zlpng,8,1,1030457,1700168,33154378,3052276,1,1,3,"[33178725,33154378,33132736]","[3078586,3042342,3052276]"
sk_lily_z00_c3,zlpng,8,8,1030457,1700168,7965765,1526819,1,1,3,"[8071155,7760397,7965765]","[1637416,1181159,1526819]"
rgb8_fireworks,original_zpng,0,1,5607129,22127616,41038291,21979179,1,1,3,"[39396779,41038291,41050800]","[21971588,22364469,21979179]"
rgb8_fireworks,png,0,1,5881423,22127616,1078729516,83835111,1,1,3,"[1078729516,1078696016,1083640592]","[83835111,83626737,83852548]"
rgb8_fireworks,zlpng,1,1,5987652,22127616,35773082,16057231,1,1,3,"[35718500,35773082,35918632]","[16065003,16016039,16057231]"
rgb8_fireworks,zlpng,1,8,5987652,22127616,5590209,2222607,1,1,3,"[5719853,5590209,5548466]","[2222607,2228066,2215426]"
rgb8_fireworks,zlpng,2,1,6109246,22127616,41431784,23027067,1,1,3,"[41543503,41431784,41408840]","[22983592,23028870,23027067]"
rgb8_fireworks,zlpng,2,8,6109246,22127616,5953857,3065426,1,1,3,"[5693734,5953857,6265375]","[3065426,3062692,3073758]"
rgb8_fireworks,zlpng,3,1,6282824,22127616,53868052,22898734,1,1,3,"[53858037,53909915,53868052]","[22898734,22895450,23009972]"
rgb8_fireworks,zlpng,3,8,6282824,22127616,7631542,3068340,1,1,3,"[7631542,7254014,7813426]","[3068381,3033468,3068340]"
rgb8_fireworks,zlpng,4,1,6469764,22127616,57817029,24220766,1,1,3,"[57582035,57817029,58017331]","[24205703,24220766,24245292]"
rgb8_fireworks,zlpng,4,8,6469764,22127616,7870383,3216774,1,1,3,"[7832485,7870383,7881259]","[3218958,3200460,3216774]"
rgb8_fireworks,zlpng,5,1,6132800,22127616,110755882,22939676,1,1,3,"[110537323,110755882,110962704]","[22906185,22939676,23007328]"
rgb8_fireworks,zlpng,5,8,6132800,22127616,15230737,3080208,1,1,3,"[15777650,14637243,15230737]","[3528333,3057554,3080208]"
rgb8_fireworks,zlpng,6,1,6068794,22127616,152233736,22096406,1,1,3,"[151879462,152233736,154047066]","[22095234,22096406,24778325]"
rgb8_fireworks,zlpng,6,8,6068794,22127616,20025808,2966337,1,1,3,"[20172328,20025808,20018597]","[2966337,2966628,2964955]"
rgb8_fireworks,zlpng,7,1,6017560,22127616,168317146,21905018,1,1,3,"[168327783,168317146,168231708]","[21870636,21905018,21913110]"
rgb8_fireworks,zlpng,7,8,6017560,22127616,22503669,2946497,1,1,3,"[22503669,23434601,22391270]","[2946497,3598600,2934589]"
rgb8_fireworks,zlpng,8,1,5247551,22127616,752001552,64581045,1,1,3,"[752537380,752001552,751753889]","[64547906,64581045,64794276]"
rgb8_fireworks,zlpng,8,8,5247551,22127616,96740095,8620101,1,1,3,"[97168571,96740095,96646965]","[8680593,8462183,8620101]"
cbsd68_0006,original_zpng,0,1,228214,463203,1144794,474745,1,1,3,"[1151464,1141649,1144794]","[474224,474745,474815]"
cbsd68_0006,png,0,1,251440,463203,23951720,2705365,1,1,3,"[23933653,24132081,23951720]","[2704583,2705365,2713326]"
cbsd68_0006,zlpng,1,1,200433,463203,879986,368716,1,1,3,"[881698,879986,872804]","[373573,367844,368716]"
cbsd68_0006,zlpng,1,8,200433,463203,763960,357608,1,1,3,"[677160,763960,842439]","[357608,361705,348024]"
cbsd68_0006,zlpng,2,1,201121,463203,953055,532142,1,1,3,"[958764,953055,952254]","[532142,528766,536337]"
cbsd68_0006,zlpng,2,8,201121,463203,958303,502206,1,1,3,"[1003521,648106,958303]","[502206,501375,520734]"
cbsd68_0006,zlpng,3,1,204426,463203,1328691,528936,1,1,3,"[1325566,1328691,1328741]","[528936,526733,532812]"
cbsd68_0006,zlpng,3,8,204426,463203,897602,484009,1,1,3,"[756810,897602,1024392]","[484009,519091,311469]"
cbsd68_0006,zlpng,4,1,211675,463203,1593159,567024,1,1,3,"[1587621,1593159,1595753]","[565282,567024,568005]"
cbsd68_0006,zlpng,4,8,211675,463203,964382,545492,1,1,3,"[1256502,964382,948107]","[552112,326221,545492]"
cbsd68_0006,zlpng,5,1,202630,463203,2805575,536117,1,1,3,"[2805575,2801449,2823332]","[536117,531871,539523]"
cbsd68_0006,zlpng,5,8,202630,463203,1724417,501125,1,1,3,"[1756485,1634251,1724417]","[425401,510248,501125]"
cbsd68_0006,zlpng,6,1,201614,463203,3451689,522858,1,1,3,"[3461263,3451689,3447061]","[524650,521565,522858]"
cbsd68_0006,zlpng,6,8,201614,463203,1959320,303237,1,1,3,"[1959320,2020263,1951468]","[478651,300142,303237]"
cbsd68_0006,zlpng,7,1,200381,463203,3889718,511670,1,1,3,"[3889297,3901545,3889718]","[511240,514846,511670]"
cbsd68_0006,zlpng,7,8,200381,463203,2162367,465200,1,1,3,"[2147885,2162367,2169888]","[465200,496487,300062]"
cbsd68_0006,zlpng,8,1,185690,463203,15345239,1632188,1,1,3,"[15307602,15362365,15345239]","[1636585,1630776,1632188]"
cbsd68_0006,zlpng,8,8,185690,463203,8747783,1122661,1,1,3,"[8872121,8747783,8744929]","[1126927,954828,1122661]"
cbsd68_0050,original_zpng,0,1,159066,463203,981097,473172,1,1,3,"[978794,985073,981097]","[471801,473172,475296]"
cbsd68_0050,png,0,1,208789,463203,24569590,1938900,1,1,3,"[24569590,24564423,24754178]","[1940863,1938900,1932981]"
cbsd68_0050,zlpng,1,1,151379,463203,714266,357779,1,1,3,"[707385,714266,715858]","[358009,357779,357458]"
cbsd68_0050,zlpng,1,8,151379,463203,654636,336837,1,1,3,"[677380,654636,631651]","[344840,212830,336837]"
cbsd68_0050,zlpng,2,1,150935,463203,788037,523739,1,1,3,"[773034,788037,788407]","[519172,523799,523739]"
cbsd68_0050,zlpng,2,8,150935,463203,469277,304739,1,1,3,"[469277,467694,628697]","[304739,302295,506423]"
cbsd68_0050,zlpng,3,1,152733,463203,1044433,507294,1,1,3,"[1044433,1045034,1043241]","[503388,511360,507294]"
cbsd68_0050,zlpng,3,8,152733,463203,867587,451300,1,1,3,"[868097,749478,867587]","[474715,451300,448535]"
cbsd68_0050,zlpng,4,1,158624,463203,1256592,554586,1,1,3,"[1256592,1249421,1269722]","[555066,550509,554586]"
cbsd68_0050,zlpng,4,8,158624,463203,1059375,368155,1,1,3,"[914627,1059375,1215110]","[368155,319151,535627]"
cbsd68_0050,zlpng,5,1,151268,463203,2438211,509698,1,1,3,"[2423961,2438211,2445163]","[507604,509698,512511]"
cbsd68_0050,zlpng,5,8,151268,463203,1601582,459262,1,1,3,"[1440720,1941664,1601582]","[497819,446913,459262]"
cbsd68_0050,zlpng,6,1,149839,463203,3068551,497519,1,1,3,"[3068551,3066208,3075912]","[499652,497519,495266]"
cbsd68_0050,zlpng,6,8,149839,463203,1711457,456748,1,1,3,"[1711457,2137229,1683054]","[288374,458851,456748]"
cbsd68_0050,zlpng,7,1,148352,463203,3518199,479633,1,1,3,"[3630748,3518199,3517417]","[479633,479091,482266]"
cbsd68_0050,zlpng,7,8,148352,463203,2009456,412091,1,1,3,"[2092341,1996637,2009456]","[281343,437509,412091]"
cbsd68_0050,zlpng,8,1,134189,463203,13739601,1343142,1,1,3,"[13739601,13710348,13767393]","[1344435,1343142,1339447]"
cbsd68_0050,zlpng,8,8,134189,463203,7809030,736439,1,1,3,"[7809030,7802740,7833417]","[712794,736439,1127698]"
sk_brain_z05_c0,original_zpng,0,1,45463,131072,309716,136095,1,1,3,"[310799,307052,309716]","[136095,135134,140071]"
sk_brain_z05_c0,png,0,1,47296,131072,5269466,570198,1,1,3,"[5272810,5269466,5256767]","[565963,570198,573804]"
sk_brain_z05_c0,zlpng,1,1,48020,131072,232110,124728,1,1,3,"[232110,224668,233161]","[125028,123075,124728]"
sk_brain_z05_c0,zlpng,1,8,48020,131072,229816,125830,1,1,3,"[230257,229816,229385]","[125830,128243,124518]"
sk_brain_z05_c0,zlpng,2,1,44097,131072,493644,212560,1,1,3,"[496418,489838,493644]","[213932,212560,211118]"
sk_brain_z05_c0,zlpng,2,8,44097,131072,492993,210006,1,1,3,"[494334,489137,492993]","[214744,209736,210006]"
sk_brain_z05_c0,zlpng,3,1,42829,131072,497389,165419,1,1,3,"[487585,497389,501485]","[164077,165419,165700]"
sk_brain_z05_c0,zlpng,3,8,42829,131072,494896,165940,1,1,3,"[498881,494896,494114]","[171208,165940,165389]"
sk_brain_z05_c0,zlpng,4,1,42829,131072,504429,166080,1,1,3,"[504429,500063,513604]","[166080,163646,169064]"
sk_brain_z05_c0,zlpng,4,8,42829,131072,507274,166391,1,1,3,"[496097,507985,507274]","[160421,167553,166391]"
sk_brain_z05_c0,zlpng,5,1,41713,131072,1080797,160692,1,1,3,"[1080797,1098614,1063402]","[160692,163817,159810]"
sk_brain_z05_c0,zlpng,5,8,41713,131072,1072706,160922,1,1,3,"[1086987,1072706,1056982]","[163416,160922,158138]"
sk_brain_z05_c0,zlpng,6,1,41713,131072,1105695,158959,1,1,3,"[1109841,1105695,1073567]","[160782,158959,158348]"
sk_brain_z05_c0,zlpng,6,8,41713,131072,1096762,161383,1,1,3,"[1079576,1096762,1113818]","[158729,161383,162655]"
sk_brain_z05_c0,zlpng,7,1,41713,131072,1151724,160772,1,1,3,"[1156451,1135741,1151724]","[161433,159440,160772]"
sk_brain_z05_c0,zlpng,7,8,41713,131072,1120908,159120,1,1,3,"[1120908,1125615,1120618]","[158940,159120,161703]"
sk_brain_z05_c0,zlpng,8,1,39895,131072,4287938,338810,1,1,3,"[4283009,4292314,4287938]","[338810,338149,340693]"
sk_brain_z05_c0,zlpng,8,8,39895,131072,4284863,340433,1,1,3,"[4284863,4269891,4296831]","[338861,342485,340433]"
openmoji_1f30d,original_zpng,0,1,56078,1527696,1004523,776599,1,1,3,"[1193978,1000688,1004523]","[836210,774306,776599]"
openmoji_1f30d,png,0,1,43325,1527696,8812351,2426835,1,1,3,"[8805931,8813964,8812351]","[2426814,2431982,2426835]"
openmoji_1f30d,zlpng,1,1,69267,1527696,629829,709879,1,1,3,"[644441,629829,623218]","[709879,709648,711482]"
openmoji_1f30d,zlpng,1,8,69267,1527696,362005,285409,1,1,3,"[371540,166912,362005]","[285409,157377,301814]"
openmoji_1f30d,zlpng,2,1,55223,1527696,653273,818152,1,1,3,"[653273,652994,662288]","[820206,818152,818012]"
openmoji_1f30d,zlpng,2,8,55223,1527696,189015,314533,1,1,3,"[188685,189015,367864]","[314533,314774,292731]"
openmoji_1f30d,zlpng,3,1,55418,1527696,690790,811282,1,1,3,"[690790,678782,690901]","[814157,810280,811282]"
openmoji_1f30d,zlpng,3,8,55418,1527696,205710,236066,1,1,3,"[205710,190647,427544]","[236066,198329,365941]"
openmoji_1f30d,zlpng,4,1,55749,1527696,780516,820877,1,1,3,"[784972,780516,773755]","[820716,821427,820877]"
openmoji_1f30d,zlpng,4,8,55749,1527696,213612,334784,1,1,3,"[421635,213612,213481]","[365240,192410,334784]"
openmoji_1f30d,zlpng,5,1,54996,1527696,2766165,805343,1,1,3,"[2791544,2766165,2764543]","[805343,805523,804732]"
openmoji_1f30d,zlpng,5,8,54996,1527696,1352526,328424,1,1,3,"[1352526,695838,1397655]","[328424,193472,331910]"
openmoji_1f30d,zlpng,6,1,54930,1527696,2920518,806655,1,1,3,"[2901740,2926888,2920518]","[801407,806655,807266]"
openmoji_1f30d,zlpng,6,8,54930,1527696,1080196,300924,1,1,3,"[1210113,1080196,748317]","[342416,300924,194002]"
openmoji_1f30d,zlpng,7,1,54132,1527696,3586851,780956,1,1,3,"[3611278,3573992,3586851]","[780956,781787,780035]"
openmoji_1f30d,zlpng,7,8,54132,1527696,1175350,196065,1,1,3,"[1175350,864602,1175681]","[196065,185610,305660]"
openmoji_1f30d,zlpng,8,1,40721,1527696,15503427,791231,1,1,3,"[15525591,15493393,15503427]","[789980,791231,792724]"
openmoji_1f30d,zlpng,8,8,40721,1527696,3148582,248274,1,1,3,"[3255723,2954349,3148582]","[248274,197878,346983]"
sk_motorcycle_left,original_zpng,0,1,603301,1111500,2369529,908579,1,1,3,"[2369529,2372623,2364490]","[910831,908579,901969]"
sk_motorcycle_left,png,0,1,640443,1111500,79490338,6176882,1,1,3,"[79490338,79492071,79197036]","[6176882,6294469,6157643]"
sk_motorcycle_left,zlpng,1,1,551294,1111500,1907363,825684,1,1,3,"[1913542,1905960,1907363]","[827326,825684,822769]"
sk_motorcycle_left,zlpng,1,8,551294,1111500,912945,398240,1,1,3,"[912945,871793,1062611]","[235915,398240,454745]"
sk_motorcycle_left,zlpng,2,1,559054,1111500,2287155,1166987,1,1,3,"[2282267,2295768,2287155]","[1165786,1168670,1166987]"
sk_motorcycle_left,zlpng,2,8,559054,1111500,670409,304309,1,1,3,"[638452,670409,1161730]","[303126,304309,596578]"
sk_motorcycle_left,zlpng,3,1,579234,1111500,3832872,1259737,1,1,3,"[3832872,3821034,3838390]","[1260037,1256232,1259737]"
sk_motorcycle_left,zlpng,3,8,579234,1111500,1398886,325060,1,1,3,"[1473870,1093617,1398886]","[320773,418751,325060]"
sk_motorcycle_left,zlpng,4,1,602347,1111500,4704364,1443053,1,1,3,"[4695401,4704364,4708581]","[1443053,1442813,1444446]"
sk_motorcycle_left,zlpng,4,8,602347,1111500,1808183,715868,1,1,3,"[1813561,1808183,1178144]","[765153,715868,374604]"
sk_motorcycle_left,zlpng,5,1,574291,1111500,7291140,1282371,1,1,3,"[7307925,7284319,7291140]","[1282692,1281861,1282371]"
sk_motorcycle_left,zlpng,5,8,574291,1111500,1818698,627705,1,1,3,"[1818698,1802314,1932741]","[635637,626103,627705]"
sk_motorcycle_left,zlpng,6,1,573104,1111500,8706772,1267058,1,1,3,"[8636587,8706772,8713211]","[1267058,1271084,1265576]"
sk_motorcycle_left,zlpng,6,8,573104,1111500,2225241,624982,1,1,3,"[2144570,2611262,2225241]","[650520,624982,617210]"
sk_motorcycle_left,zlpng,7,1,571655,1111500,10366301,1260108,1,1,3,"[10337978,10366301,10379671]","[1260919,1260108,1259557]"
sk_motorcycle_left,zlpng,7,8,571655,1111500,2850042,622688,1,1,3,"[2850042,2922331,2801119]","[611280,622688,645171]"
sk_motorcycle_left,zlpng,8,1,534089,1111500,13504157,1269912,1,1,3,"[13410095,13504157,13556706]","[1267288,1270543,1269912]"
sk_motorcycle_left,zlpng,8,8,534089,1111500,3634684,653424,1,1,3,"[3784669,3218207,3634684]","[518581,653844,653424]"
sk_motorcycle_right,original_zpng,0,1,602514,1111500,2410520,914427,1,1,3,"[2451682,2410520,2408588]","[917011,914427,912103]"
sk_motorcycle_right,png,0,1,636545,1111500,80322952,6220428,1,1,3,"[80322952,80938279,80186026]","[6220428,6229171,6214919]"
sk_motorcycle_right,zlpng,1,1,549569,1111500,1785659,810010,1,1,3,"[1785659,1789375,1782714]","[808056,812013,810010]"
sk_motorcycle_right,zlpng,1,8,549569,1111500,920666,435616,1,1,3,"[1080708,920666,539222]","[442716,435616,222095]"
sk_motorcycle_right,zlpng,2,1,557409,1111500,2305702,1174378,1,1,3,"[2297460,2305702,2308557]","[1174378,1171134,1175831]"
sk_motorcycle_right,zlpng,2,8,557409,1111500,953005,590499,1,1,3,"[774617,953005,1168310]","[590499,581045,592282]"
sk_motorcycle_right,zlpng,3,1,577625,1111500,3829647,1258605,1,1,3,"[3828626,3832512,3829647]","[1258415,1258605,1259237]"
sk_motorcycle_right,zlpng,3,8,577625,1111500,1233067,376477,1,1,3,"[1007437,1233067,1414380]","[326031,376477,646684]"
sk_motorcycle_right,zlpng,4,1,600464,1111500,4715551,1450054,1,1,3,"[4712056,4726007,4715551]","[1450054,1449924,1451265]"
sk_motorcycle_right,zlpng,4,8,600464,1111500,1623895,679924,1,1,3,"[1791398,1162661,1623895]","[728106,375987,679924]"
sk_motorcycle_right,zlpng,5,1,572558,1111500,7292493,1285486,1,1,3,"[7292493,7304289,7292442]","[1285295,1285486,1288130]"
sk_motorcycle_right,zlpng,5,8,572558,1111500,2339914,638652,1,1,3,"[1814222,2534417,2339914]","[638652,643519,638371]"
sk_motorcycle_right,zlpng,6,1,571416,1111500,8789747,1272076,1,1,3,"[8784720,8790758,8789747]","[1278665,1271866,1272076]"
sk_motorcycle_right,zlpng,6,8,571416,1111500,2495748,621486,1,1,3,"[2444291,2495748,2506184]","[650519,621486,605122]"
sk_motorcycle_right,zlpng,7,1,569774,1111500,10409746,1263373,1,1,3,"[10409746,10399601,10481976]","[1263243,1263373,1264474]"
sk_motorcycle_right,zlpng,7,8,569774,1111500,2703260,620265,1,1,3,"[2703260,2935821,2585564]","[620265,628516,618171]"
sk_motorcycle_right,zlpng,8,1,532112,1111500,13466640,1270954,1,1,3,"[13598158,13466640,13465899]","[1272837,1270654,1270954]"
sk_motorcycle_right,zlpng,8,8,532112,1111500,3615404,449477,1,1,3,"[3497257,3643337,3615404]","[359251,679122,449477]"
cbsd68_0054,original_zpng,0,1,171717,463203,1057563,475997,1,1,3,"[1057563,1062110,1057292]","[475997,474224,476117]"
cbsd68_0054,png,0,1,224338,463203,27672363,1993743,1,1,3,"[27672363,27677120,27645353]","[1993743,1995005,1989596]"
cbsd68_0054,zlpng,1,1,166840,463203,789729,356927,1,1,3,"[789729,794867,782479]","[356927,359932,351429]"
cbsd68_0054,zlpng,1,8,166840,463203,697941,345640,1,1,3,"[722969,697941,495987]","[345640,338289,348325]"
cbsd68_0054,zlpng,2,1,165594,463203,874076,527314,1,1,3,"[869820,874076,876340]","[526553,529548,527314]"
cbsd68_0054,zlpng,2,8,165594,463203,732894,467964,1,1,3,"[780145,732894,723210]","[496858,463779,467964]"
cbsd68_0054,zlpng,3,1,167241,463203,1112255,517199,1,1,3,"[1113246,1107928,1112255]","[517199,515036,520604]"
cbsd68_0054,zlpng,3,8,167241,463203,870261,462797,1,1,3,"[867796,874798,870261]","[462797,473523,306181]"
cbsd68_0054,zlpng,4,1,173205,463203,1357034,560273,1,1,3,"[1350193,1357034,1360950]","[559583,560273,563579]"
cbsd68_0054,zlpng,4,8,173205,463203,912314,497990,1,1,3,"[1004883,912314,769549]","[497990,327233,520203]"
cbsd68_0054,zlpng,5,1,164714,463203,2274254,516628,1,1,3,"[2263979,2274254,2280744]","[516628,516318,518301]"
cbsd68_0054,zlpng,5,8,164714,463203,1472858,479181,1,1,3,"[1470144,1472858,1478227]","[493443,446162,479181]"
cbsd68_0054,zlpng,6,1,163265,463203,3038536,503778,1,1,3,"[3049984,3017134,3038536]","[503798,503778,499933]"
cbsd68_0054,zlpng,6,8,163265,463203,1955925,445691,1,1,3,"[1940903,1955925,1980993]","[445691,444520,447624]"
cbsd68_0054,zlpng,7,1,161976,463203,3461442,494615,1,1,3,"[3461442,3515134,3445378]","[494615,497879,492652]"
cbsd68_0054,zlpng,7,8,161976,463203,2224640,297708,1,1,3,"[2224640,2228266,2220494]","[297708,295706,428816]"
cbsd68_0054,zlpng,8,1,149216,463203,15974357,1399597,1,1,3,"[15974357,15957592,15992934]","[1397755,1399597,1400219]"
cbsd68_0054,zlpng,8,8,149216,463203,8290445,769990,1,1,3,"[8270555,8290445,8412088]","[1039165,767345,769990]"
syn_map_2,original_zpng,0,1,101886,2359296,1966552,1656625,1,1,3,"[1970838,1966552,1932931]","[1653540,1656625,1665609]"
syn_map_2,png,0,1,36365,2359296,13764549,4658736,1,1,3,"[13744398,13764549,13833392]","[4658736,4654920,4664445]"
syn_map_2,zlpng,1,1,105214,2359296,977472,1419497,1,1,3,"[977472,970542,980557]","[1419288,1425386,1419497]"
syn_map_2,zlpng,1,8,105214,2359296,236837,318780,1,1,3,"[236837,475105,233622]","[318780,412522,314233]"
syn_map_2,zlpng,2,1,90966,2359296,1188891,1696385,1,1,3,"[1197914,1178565,1188891]","[1699619,1696385,1688753]"
syn_map_2,zlpng,2,8,90966,2359296,273883,384339,1,1,3,"[273883,274844,272941]","[390337,384339,358880]"
syn_map_2,zlpng,3,1,89484,2359296,1222161,1680791,1,1,3,"[1222161,1220498,1445607]","[1682123,1680791,1675022]"
syn_map_2,zlpng,3,8,89484,2359296,284338,358390,1,1,3,"[592041,284338,277468]","[525621,358390,352581]"
syn_map_2,zlpng,4,1,89642,2359296,1459167,1861814,1,1,3,"[1459167,1471025,1340349]","[1861814,1863907,1680751]"
syn_map_2,zlpng,4,8,89642,2359296,474845,359131,1,1,3,"[474845,439953,601085]","[359131,354314,472291]"
syn_map_2,zlpng,5,1,80116,2359296,4547107,1599780,1,1,3,"[4550703,4547107,4524273]","[1599780,1600260,1590284]"
syn_map_2,zlpng,5,8,80116,2359296,1220478,351920,1,1,3,"[1394230,1179096,1220478]","[351920,348135,353272]"
syn_map_2,zlpng,6,1,76654,2359296,5204097,1569754,1,1,3,"[5184217,5204097,5398019]","[1569754,1569484,1670896]"
syn_map_2,zlpng,6,8,76654,2359296,1057432,349376,1,1,3,"[1057432,1482403,946796]","[357468,349376,347433]"
syn_map_2,zlpng,7,1,73551,2359296,6316603,1531416,1,1,3,"[6394650,6316603,6312046]","[1527500,1531416,1533800]"
syn_map_2,zlpng,7,8,73551,2359296,1595202,345010,1,1,3,"[1494080,1642714,1595202]","[345010,344028,346211]"
syn_map_2,zlpng,8,1,35717,2359296,24416650,1533770,1,1,3,"[24453766,24382699,24416650]","[1524877,1538306,1533770]"
syn_map_2,zlpng,8,8,35717,2359296,5017797,499442,1,1,3,"[5357769,5017797,5007861]","[499442,426302,510139]"
sk_lily_z00_c1,original_zpng,0,1,1206268,1700168,2844904,1315341,1,1,3,"[2844904,2600226,2849651]","[1315762,1224444,1315341]"
sk_lily_z00_c1,png,0,1,1203873,1700168,107740952,8031254,1,1,3,"[107536373,107740952,107852590]","[7836912,8031254,8048390]"
sk_lily_z00_c1,zlpng,1,1,1229122,1700168,2082426,1502042,1,1,3,"[2263759,2004639,2082426]","[1700932,1478186,1502042]"
sk_lily_z00_c1,zlpng,1,8,1229122,1700168,969530,547464,1,1,3,"[969530,1053065,951713]","[547464,553714,540935]"
sk_lily_z00_c1,zlpng,2,1,1073147,1700168,7559464,1919611,1,1,3,"[7945216,7522458,7559464]","[2012130,1917188,1919611]"
sk_lily_z00_c1,zlpng,2,8,1073147,1700168,1288862,641946,1,1,3,"[2147624,1288862,1280198]","[443989,641946,647045]"
sk_lily_z00_c1,zlpng,3,1,1073768,1700168,10141162,1913532,1,1,3,"[10141162,9988492,10465150]","[1913532,1907563,2005110]"
sk_lily_z00_c1,zlpng,3,8,1073768,1700168,2278241,612512,1,1,3,"[2278241,1689134,2747668]","[593594,612512,665473]"
sk_lily_z00_c1,zlpng,4,1,1073768,1700168,10402256,1904247,1,1,3,"[10402256,10409246,10314864]","[1904247,1900001,1905720]"
sk_lily_z00_c1,zlpng,4,8,1073768,1700168,1994304,586123,1,1,3,"[1765779,1994304,2340024]","[637681,586123,517089]"
sk_lily_z00_c1,zlpng,5,1,1068661,1700168,12911374,2000322,1,1,3,"[12911374,13326398,12712724]","[2000322,2011839,1992231]"
sk_lily_z00_c1,zlpng,5,8,1068661,1700168,2853657,691452,1,1,3,"[2619184,3271467,2853657]","[691452,760816,643500]"
sk_lily_z00_c1,zlpng,6,1,1068661,1700168,14504453,1990467,1,1,3,"[14404161,14504453,14610863]","[1999070,1990467,1988935]"
sk_lily_z00_c1,zlpng,6,8,1068661,1700168,3158887,734426,1,1,3,"[2832826,3158887,3267962]","[391370,740385,734426]"
sk_lily_z00_c1,zlpng,7,1,1068661,1700168,16631246,1994163,1,1,3,"[16631246,16428170,16720931]","[1998870,1994163,1990408]"
sk_lily_z00_c1,zlpng,7,8,1068661,1700168,3405568,686794,1,1,3,"[3045386,3910859,3405568]","[508145,766865,686794]"
sk_lily_z00_c1,zlpng,8,1,1040969,1700168,31368209,3090805,1,1,3,"[31468069,31364553,31368209]","[3089483,3090805,3110764]"
sk_lily_z00_c1,zlpng,8,8,1040969,1700168,7613626,1025114,1,1,3,"[7239002,7613626,7915761]","[1025114,1007717,1452036]"
r3_coco_724,original_zpng,0,1,299877,562500,1263863,519292,1,1,3,"[1264184,1262101,1263863]","[520944,519292,517720]"
r3_coco_724,png,0,1,356532,562500,30496065,2876141,1,1,3,"[30496065,30480653,30497978]","[2876141,2879396,2866687]"
r3_coco_724,zlpng,1,1,278581,562500,982169,434604,1,1,3,"[975269,985615,982169]","[434604,432551,436357]"
r3_coco_724,zlpng,1,8,278581,562500,866525,288725,1,1,3,"[866525,515396,906184]","[435797,220532,288725]"
r3_coco_724,zlpng,2,1,282274,562500,1149762,607645,1,1,3,"[1150873,1149151,1149762]","[607645,606844,611531]"
r3_coco_724,zlpng,2,8,282274,562500,578171,519442,1,1,3,"[586333,578171,575236]","[312761,607805,519442]"
r3_coco_724,zlpng,3,1,288377,562500,1775904,630249,1,1,3,"[1770316,1775904,1776835]","[629328,630249,632934]"
r3_coco_724,zlpng,3,8,288377,562500,1233838,609768,1,1,3,"[1605858,886475,1233838]","[317258,609768,625161]"
r3_coco_724,zlpng,4,1,298563,562500,2184169,711532,1,1,3,"[2183227,2184559,2184169]","[711221,713454,711532]"
r3_coco_724,zlpng,4,8,298563,562500,1487440,578491,1,1,3,"[1066496,1893141,1487440]","[702378,578491,354664]"
r3_coco_724,zlpng,5,1,286464,562500,3520552,649798,1,1,3,"[3523146,3496055,3520552]","[651621,646724,649798]"
r3_coco_724,zlpng,5,8,286464,562500,1992801,624781,1,1,3,"[1791798,2074184,1992801]","[624781,321924,644981]"
r3_coco_724,zlpng,6,1,285482,562500,4381569,638181,1,1,3,"[4374879,4381908,4381569]","[638181,635638,640795]"
r3_coco_724,zlpng,6,8,285482,562500,2693406,518261,1,1,3,"[2693406,2730552,2489709]","[540654,518261,464340]"
r3_coco_724,zlpng,7,1,284461,562500,4959959,636118,1,1,3,"[4959959,4982343,4950385]","[634285,636869,636118]"
r3_coco_724,zlpng,7,8,284461,562500,2732725,508156,1,1,3,"[2732725,2807438,2592835]","[508156,320082,611080]"
r3_coco_724,zlpng,8,1,265716,562500,19520777,2142686,1,1,3,"[19520777,19516450,19633457]","[2142686,2146483,2135266]"
r3_coco_724,zlpng,8,8,265716,562500,9419014,1047508,1,1,3,"[9419014,9523562,9293896]","[1047508,1041619,1190553]"
cbsd68_0049,original_zpng,0,1,254954,463203,991993,432101,1,1,3,"[987818,992164,991993]","[430599,432101,433673]"
cbsd68_0049,png,0,1,328415,463203,20314783,2284550,1,1,3,"[20314783,20306911,20317958]","[2282307,2284550,2285962]"
cbsd68_0049,zlpng,1,1,230359,463203,733164,346572,1,1,3,"[735167,732132,733164]","[346572,343548,349216]"
cbsd68_0049,zlpng,1,8,230359,463203,690901,352100,1,1,3,"[702728,427514,690901]","[342386,358681,352100]"
cbsd68_0049,zlpng,2,1,240702,463203,849430,512993,1,1,3,"[845263,849430,855358]","[512993,516207,511240]"
cbsd68_0049,zlpng,2,8,240702,463203,755277,500364,1,1,3,"[500924,755277,773905]","[500174,514835,500364]"
cbsd68_0049,zlpng,3,1,244127,463203,1313979,534525,1,1,3,"[1309282,1321680,1313979]","[534525,539352,533944]"
cbsd68_0049,zlpng,3,8,244127,463203,1158905,377168,1,1,3,"[1160007,1158905,987708]","[525842,377168,298589]"
cbsd68_0049,zlpng,4,1,248735,463203,1625468,595387,1,1,3,"[1625788,1625468,1623725]","[595387,596038,593704]"
cbsd68_0049,zlpng,4,8,248735,463203,1101799,554145,1,1,3,"[1101799,966285,1374520]","[563608,554145,540153]"
cbsd68_0049,zlpng,5,1,240882,463203,2558243,547274,1,1,3,"[2558243,2570862,2556360]","[543468,547724,547274]"
cbsd68_0049,zlpng,5,8,240882,463203,1652388,469047,1,1,3,"[1652388,1668803,1602853]","[469047,311069,514886]"
cbsd68_0049,zlpng,6,1,240332,463203,3153489,537480,1,1,3,"[3165897,3153489,3145557]","[538701,537480,536628]"
cbsd68_0049,zlpng,6,8,240332,463203,2004849,502757,1,1,3,"[2000342,2014814,2004849]","[502757,543669,494986]"
cbsd68_0049,zlpng,7,1,239676,463203,3631989,535507,1,1,3,"[3633482,3626050,3631989]","[534826,535507,536228]"
cbsd68_0049,zlpng,7,8,239676,463203,2247184,523969,1,1,3,"[2253153,2246583,2247184]","[555366,504530,523969]"
cbsd68_0049,zlpng,8,1,229685,463203,13498578,1249011,1,1,3,"[13498578,13475022,13532769]","[1255471,1249011,1247669]"
cbsd68_0049,zlpng,8,8,229685,463203,9153946,1015440,1,1,3,"[9153946,9192934,9146804]","[1014638,1016721,1015440]"
r3_syn_periodic_grid16_0,original_zpng,0,1,1723,197890,72540,63225,1,1,3,"[72990,72540,72219]","[63416,63225,62243]"
r3_syn_periodic_grid16_0,png,0,1,2674,197890,1199547,430899,1,1,3,"[1200428,1199547,1194839]","[431590,430899,428065]"
r3_syn_periodic_grid16_0,zlpng,1,1,1273,197890,43745,135354,1,1,3,"[43226,43745,46450]","[133881,136236,135354]"
r3_syn_periodic_grid16_0,zlpng,1,8,1273,197890,41232,134553,1,1,3,"[46069,39850,41232]","[134633,132370,134553]"
r3_syn_periodic_grid16_0,zlpng,2,1,1081,197890,70176,140922,1,1,3,"[70176,68163,77677]","[140541,140922,144828]"
r3_syn_periodic_grid16_0,zlpng,2,8,1081,197890,74773,142785,1,1,3,"[74773,71628,75434]","[142785,142675,143797]"
r3_syn_periodic_grid16_0,zlpng,3,1,125,197890,50917,133211,1,1,3,"[57927,50356,50917]","[134432,132539,133211]"
r3_syn_periodic_grid16_0,zlpng,3,8,125,197890,50727,133661,1,1,3,"[50727,50676,51487]","[133661,133781,133501]"
r3_syn_periodic_grid16_0,zlpng,4,1,125,197890,53611,133761,1,1,3,"[53611,49224,53681]","[134282,132300,133761]"
r3_syn_periodic_grid16_0,zlpng,4,8,125,197890,52499,133641,1,1,3,"[52369,52499,56586]","[136456,133621,133641]"
r3_syn_periodic_grid16_0,zlpng,5,1,1114,197890,388154,154863,1,1,3,"[389006,382686,388154]","[154863,156115,153040]"
r3_syn_periodic_grid16_0,zlpng,5,8,1114,197890,387674,154973,1,1,3,"[388866,381895,387674]","[154973,152419,157026]"
r3_syn_periodic_grid16_0,zlpng,6,1,1114,197890,386972,153662,1,1,3,"[389176,386653,386972]","[154503,153421,153662]"
r3_syn_periodic_grid16_0,zlpng,6,8,1114,197890,385160,154222,1,1,3,"[384078,385160,395846]","[153031,154222,156445]"
r3_syn_periodic_grid16_0,zlpng,7,1,1114,197890,390298,153852,1,1,3,"[393613,390298,384830]","[155434,153361,153852]"
r3_syn_periodic_grid16_0,zlpng,7,8,1114,197890,388174,154292,1,1,3,"[386301,391189,388174]","[153851,154292,157897]"
r3_syn_periodic_grid16_0,zlpng,8,1,195,197890,3189924,263257,1,1,3,"[3155873,3192868,3189924]","[263257,251950,263366]"
r3_syn_periodic_grid16_0,zlpng,8,8,195,197890,3177034,263758,1,1,3,"[3185257,3177034,3171186]","[267913,263758,262916]"
rgb8_leaves_iso_1600,original_zpng,0,1,11290317,18048000,25559431,12380314,1,1,3,"[25578570,25544358,25559431]","[12443839,12380314,12378261]"
rgb8_leaves_iso_1600,png,0,1,11378803,18048000,710138218,115981992,1,1,3,"[709470403,710138218,710736218]","[115981992,116296036,115834300]"
rgb8_leaves_iso_1600,zlpng,1,1,10455846,18048000,18302833,12094403,1,1,3,"[18302833,18255181,18411808]","[12309307,12094403,12089646]"
rgb8_leaves_iso_1600,zlpng,1,8,10455846,18048000,3505800,1766991,1,1,3,"[3143434,3505800,3511788]","[1769575,1763326,1766991]"
rgb8_leaves_iso_1600,zlpng,2,1,10434015,18048000,18138025,14840680,1,1,3,"[18138025,18148691,18048690]","[14848511,14840680,14793769]"
rgb8_leaves_iso_1600,zlpng,2,8,10434015,18048000,3021781,2073031,1,1,3,"[2806297,3036152,3021781]","[2058120,2073031,2074253]"
rgb8_leaves_iso_1600,zlpng,3,1,10583542,18048000,48284563,17995781,1,1,3,"[48236121,48365055,48284563]","[17995781,18032215,17937643]"
rgb8_leaves_iso_1600,zlpng,3,8,10583542,18048000,6832919,2472533,1,1,3,"[6805218,6864597,6832919]","[2467126,2478322,2472533]"
rgb8_leaves_iso_1600,zlpng,4,1,11278000,18048000,81083077,21643664,1,1,3,"[80954373,81174604,81083077]","[21643664,21729774,21632057]"
rgb8_leaves_iso_1600,zlpng,4,8,11278000,18048000,11387419,2951285,1,1,3,"[11387419,11911528,11169400]","[2951285,2958405,2950784]"
rgb8_leaves_iso_1600,zlpng,5,1,10697298,18048000,117272356,19477512,1,1,3,"[118258701,117272356,117018513]","[19507126,19439354,19477512]"
rgb8_leaves_iso_1600,zlpng,5,8,10697298,18048000,16309001,2693667,1,1,3,"[16309001,16639739,16291875]","[2865416,2684362,2693667]"
rgb8_leaves_iso_1600,zlpng,6,1,10717649,18048000,129267760,19484302,1,1,3,"[129267760,128833305,129294690]","[19484302,19495880,19482039]"
rgb8_leaves_iso_1600,zlpng,6,8,10717649,18048000,18118535,2706526,1,1,3,"[17708848,18354671,18118535]","[2689700,2749500,2706526]"
rgb8_leaves_iso_1600,zlpng,7,1,10708491,18048000,138663559,19447217,1,1,3,"[139159797,138663559,134069111]","[20946103,19430591,19447217]"
rgb8_leaves_iso_1600,zlpng,7,8,10708491,18048000,19875061,2744443,1,1,3,"[19910254,19440707,19875061]","[2814598,2744443,2703841]"
rgb8_leaves_iso_1600,zlpng,8,1,10386732,18048000,210319469,20460702,1,1,3,"[210035621,210319469,210382625]","[20460702,20409856,20496306]"
rgb8_leaves_iso_1600,zlpng,8,8,10386732,18048000,28277825,2843593,1,1,3,"[28277825,28064354,28345687]","[2843422,2843593,2996152]"
r3_dicom_rg3_uncr_f0,original_zpng,0,1,1481648,6195200,11445616,5162705,1,1,3,"[11445616,11430063,11535031]","[5163546,5162705,5149024]"
r3_dicom_rg3_uncr_f0,png,0,1,1251955,6195200,236718645,16528981,1,1,3,"[236822661,236678164,236718645]","[16509382,16536423,16528981]"
r3_dicom_rg3_uncr_f0,zlpng,1,1,1291586,6195200,9319324,5097296,1,1,3,"[9335869,9319324,9134666]","[5098368,5097296,5094221]"
r3_dicom_rg3_uncr_f0,zlpng,1,8,1291586,6195200,1685999,737170,1,1,3,"[1685999,1337354,1910347]","[742268,737170,725763]"
r3_dicom_rg3_uncr_f0,zlpng,2,1,1230336,6195200,15152709,7988300,1,1,3,"[15292389,15152709,15119850]","[7982961,7988300,7989632]"
r3_dicom_rg3_uncr_f0,zlpng,2,8,1230336,6195200,2142036,1136572,1,1,3,"[2327324,2142036,2117669]","[1134578,1233167,1136572]"
r3_dicom_rg3_uncr_f0,zlpng,3,1,1198454,6195200,13320120,7179192,1,1,3,"[13379880,13320120,13196273]","[7179192,7186682,7162106]"
r3_dicom_rg3_uncr_f0,zlpng,3,8,1198454,6195200,1943186,1022931,1,1,3,"[1943186,1918990,1943486]","[1020878,1022931,1027288]"
r3_dicom_rg3_uncr_f0,zlpng,4,1,1198454,6195200,13207500,7160182,1,1,3,"[13269633,13207500,13178206]","[7160182,7156177,7164730]"
r3_dicom_rg3_uncr_f0,zlpng,4,8,1198454,6195200,2511302,1052325,1,1,3,"[2350310,2511302,2616941]","[1046816,1052325,1055379]"
r3_dicom_rg3_uncr_f0,zlpng,5,1,1163672,6195200,35586982,7382828,1,1,3,"[35579851,35586982,36328649]","[7378011,7382828,7751974]"
r3_dicom_rg3_uncr_f0,zlpng,5,8,1163672,6195200,5224719,1079275,1,1,3,"[5224719,5260422,5158920]","[1079275,1095770,1077252]"
r3_dicom_rg3_uncr_f0,zlpng,6,1,1163672,6195200,35899893,7373044,1,1,3,"[35899893,35753923,35946573]","[7373044,7383710,7371371]"
r3_dicom_rg3_uncr_f0,zlpng,6,8,1163672,6195200,4915232,1074528,1,1,3,"[4881251,5265680,4915232]","[1075710,1069451,1074528]"
r3_dicom_rg3_uncr_f0,zlpng,7,1,1163672,6195200,36128257,7396038,1,1,3,"[35844740,36527749,36128257]","[7396038,7730882,7392052]"
r3_dicom_rg3_uncr_f0,zlpng,7,8,1163672,6195200,5082404,1085185,1,1,3,"[4906739,5675987,5082404]","[1085185,1100167,1081308]"
r3_dicom_rg3_uncr_f0,zlpng,8,1,957796,6195200,121149224,10735847,1,1,3,"[121599151,121054551,121149224]","[11312156,10710500,10735847]"
r3_dicom_rg3_uncr_f0,zlpng,8,8,957796,6195200,17660927,1481241,1,1,3,"[18116753,17628567,17660927]","[1480840,1814232,1481241]"
syn_voronoi_1,original_zpng,0,1,21961,1178877,577179,550850,1,1,3,"[723640,577179,574956]","[552862,549207,550850]"
syn_voronoi_1,png,0,1,9658,1178877,5523869,1818358,1,1,3,"[5512942,5534294,5523869]","[1817597,1819550,1818358]"
syn_voronoi_1,zlpng,1,1,22574,1178877,289536,632973,1,1,3,"[286762,289536,291329]","[632973,631762,633804]"
syn_voronoi_1,zlpng,1,8,22574,1178877,171428,312621,1,1,3,"[178589,169685,171428]","[319561,203136,312621]"
syn_voronoi_1,zlpng,2,1,17652,1178877,353182,691080,1,1,3,"[353182,357729,340333]","[694406,691080,688326]"
syn_voronoi_1,zlpng,2,8,17652,1178877,105669,193832,1,1,3,"[105669,199591,104357]","[176476,331098,193832]"
syn_voronoi_1,zlpng,3,1,18443,1178877,362877,696038,1,1,3,"[362877,361514,371560]","[694876,696038,696198]"
syn_voronoi_1,zlpng,3,8,18443,1178877,191368,189345,1,1,3,"[191368,215896,189666]","[322656,189345,180391]"
syn_voronoi_1,zlpng,4,1,18494,1178877,374313,690420,1,1,3,"[375335,374313,365691]","[690420,693294,687715]"
syn_voronoi_1,zlpng,4,8,18494,1178877,120351,181233,1,1,3,"[231529,120351,115544]","[339531,181233,174162]"
syn_voronoi_1,zlpng,5,1,18002,1178877,1465186,692252,1,1,3,"[1491546,1465186,1463083]","[695888,692072,692252]"
syn_voronoi_1,zlpng,5,8,18002,1178877,557299,183015,1,1,3,"[557299,546062,774527]","[181844,332541,183015]"
syn_voronoi_1,zlpng,6,1,18081,1178877,1575362,690059,1,1,3,"[1568352,1576674,1575362]","[690059,691381,685613]"
syn_voronoi_1,zlpng,6,8,18081,1178877,691161,338199,1,1,3,"[730159,678462,691161]","[185019,342826,338199]"
syn_voronoi_1,zlpng,7,1,17150,1178877,2248566,671421,1,1,3,"[2262507,2248566,2222707]","[670720,671421,672703]"
syn_voronoi_1,zlpng,7,8,17150,1178877,942450,329265,1,1,3,"[958804,942450,815838]","[331930,329265,180071]"
syn_voronoi_1,zlpng,8,1,6586,1178877,10358680,647044,1,1,3,"[10440944,10304217,10358680]","[645211,649508,647044]"
syn_voronoi_1,zlpng,8,8,6586,1178877,2890533,315485,1,1,3,"[2441867,2923873,2890533]","[184718,315485,317328]"
sk_cells3d_z59_c1,original_zpng,0,1,98294,131072,102775,77447,1,1,3,"[103686,102775,102034]","[77778,77447,76194]"
sk_cells3d_z59_c1,png,0,1,103128,131072,4334397,669889,1,1,3,"[4334397,4328949,4334448]","[669889,673534,669508]"
sk_cells3d_z59_c1,zlpng,1,1,99830,131072,115344,108563,1,1,3,"[105489,117477,115344]","[105509,108854,108563]"
sk_cells3d_z59_c1,zlpng,1,8,99830,131072,116005,108013,1,1,3,"[118268,116005,113812]","[110356,108013,107632]"
sk_cells3d_z59_c1,zlpng,2,1,76640,131072,527705,180331,1,1,3,"[531841,524070,527705]","[180462,180331,177287]"
sk_cells3d_z59_c1,zlpng,2,8,76640,131072,523498,177798,1,1,3,"[530229,517650,523498]","[175564,177798,177818]"
sk_cells3d_z59_c1,zlpng,3,1,76646,131072,652142,178559,1,1,3,"[653595,652142,646574]","[178338,178559,179360]"
sk_cells3d_z59_c1,zlpng,3,8,76646,131072,652232,179049,1,1,3,"[652232,652182,654656]","[178239,179049,180041]"
sk_cells3d_z59_c1,zlpng,4,1,76646,131072,649849,177427,1,1,3,"[640815,657460,649849]","[177147,183677,177427]"
sk_cells3d_z59_c1,zlpng,4,8,76646,131072,649458,177057,1,1,3,"[649458,649047,651912]","[178579,177057,176776]"
sk_cells3d_z59_c1,zlpng,5,1,76577,131072,1161529,178569,1,1,3,"[1176682,1161529,1153057]","[180502,178569,177698]"
sk_cells3d_z59_c1,zlpng,5,8,76577,131072,1155440,178589,1,1,3,"[1165856,1155440,1152596]","[179170,178589,177978]"
sk_cells3d_z59_c1,zlpng,6,1,76577,131072,1228851,178539,1,1,3,"[1227398,1235832,1228851]","[177838,180882,178539]"
sk_cells3d_z59_c1,zlpng,6,8,76577,131072,1230042,180272,1,1,3,"[1230042,1237554,1221399]","[180272,181313,178649]"
sk_cells3d_z59_c1,zlpng,7,1,76577,131072,1238655,178870,1,1,3,"[1253988,1231575,1238655]","[185550,178239,178870]"
sk_cells3d_z59_c1,zlpng,7,8,76577,131072,1240248,178699,1,1,3,"[1240248,1234308,1246237]","[178699,178019,182775]"
sk_cells3d_z59_c1,zlpng,8,1,63740,131072,1824648,145168,1,1,3,"[1828463,1822174,1824648]","[144598,147422,145168]"
sk_cells3d_z59_c1,zlpng,8,8,63740,131072,1845189,144628,1,1,3,"[1856365,1845189,1822124]","[144628,147843,144337]"
cbsd68_0013,original_zpng,0,1,157743,463203,1135490,508807,1,1,3,"[1135490,1126737,1165124]","[508696,508807,523989]"
cbsd68_0013,png,0,1,188102,463203,28463865,2307736,1,1,3,"[28336744,28485648,28463865]","[2301616,2308376,2307736]"
cbsd68_0013,zlpng,1,1,146592,463203,871422,358260,1,1,3,"[873765,871422,869900]","[358260,358931,358009]"
cbsd68_0013,zlpng,1,8,146592,463203,773635,210597,1,1,3,"[706814,773635,810120]","[210597,210487,372110]"
cbsd68_0013,zlpng,2,1,147753,463203,952675,552612,1,1,3,"[952675,953616,950121]","[552612,556197,550959]"
cbsd68_0013,zlpng,2,8,147753,463203,748417,500704,1,1,3,"[563489,748417,864092]","[505691,500704,330257]"
cbsd68_0013,zlpng,3,1,148751,463203,1205936,533814,1,1,3,"[1205936,1216362,1205576]","[533814,537149,533814]"
cbsd68_0013,zlpng,3,8,148751,463203,822288,496578,1,1,3,"[822288,1021218,695728]","[496578,490229,512852]"
cbsd68_0013,zlpng,4,1,152694,463203,1288461,559392,1,1,3,"[1288461,1295812,1280699]","[559392,563959,559042]"
cbsd68_0013,zlpng,4,8,152694,463203,940136,512922,1,1,3,"[704401,940136,1226267]","[540554,512922,320262]"
cbsd68_0013,zlpng,5,1,145997,463203,2603381,538150,1,1,3,"[2603381,2602269,2623712]","[538781,538010,538150]"
cbsd68_0013,zlpng,5,8,145997,463203,1496553,522356,1,1,3,"[1704898,1496553,1461701]","[522356,502266,552882]"
cbsd68_0013,zlpng,6,1,144196,463203,3581173,516578,1,1,3,"[3581173,3574553,3593091]","[519242,516578,515646]"
cbsd68_0013,zlpng,6,8,144196,463203,2086201,483337,1,1,3,"[2147434,2086201,2079922]","[480774,498030,483337]"
cbsd68_0013,zlpng,7,1,142216,463203,3990209,503098,1,1,3,"[3990209,3992272,3983559]","[503098,504480,500473]"
cbsd68_0013,zlpng,7,8,142216,463203,2327164,476297,1,1,3,"[2327164,2330410,2311851]","[476297,493373,460624]"
cbsd68_0013,zlpng,8,1,125689,463203,15059869,1590325,1,1,3,"[15089234,15033179,15059869]","[1586920,1603826,1590325]"
cbsd68_0013,zlpng,8,8,125689,463203,7963363,1295541,1,1,3,"[7963363,7984424,7884463]","[915238,1433770,1295541]"
sk_coffee,original_zpng,0,1,411230,720000,1473318,563739,1,1,3,"[1477205,1473318,1473018]","[563739,565612,562508]"
sk_coffee,png,0,1,444258,720000,41921412,3251026,1,1,3,"[41571985,41921412,41927831]","[3251246,3236323,3251026]"
sk_coffee,zlpng,1,1,398273,720000,1007557,512252,1,1,3,"[1008999,1007557,1000106]","[517309,512252,510098]"
sk_coffee,zlpng,1,8,398273,720000,805063,412661,1,1,3,"[805063,742919,965163]","[412661,334885,425971]"
sk_coffee,zlpng,2,1,401555,720000,1322842,740465,1,1,3,"[1322842,1317584,1325126]","[740465,738633,741326]"
sk_coffee,zlpng,2,8,401555,720000,1082159,567274,1,1,3,"[724621,1082159,1086756]","[567274,579012,291229]"
sk_coffee,zlpng,3,1,409046,720000,2282368,797360,1,1,3,"[2276808,2282368,2286043]","[797812,797360,796459]"
sk_coffee,zlpng,3,8,409046,720000,1111754,565272,1,1,3,"[1111323,1182600,1111754]","[602057,489246,565272]"
sk_coffee,zlpng,4,1,427137,720000,3132808,925834,1,1,3,"[3132808,3132027,3140630]","[925834,924793,926555]"
sk_coffee,zlpng,4,8,427137,720000,1727582,710390,1,1,3,"[1747021,1520200,1727582]","[710390,711241,544390]"
sk_coffee,zlpng,5,1,407175,720000,4808231,816740,1,1,3,"[4810404,4808231,4806558]","[812043,816740,817842]"
sk_coffee,zlpng,5,8,407175,720000,2254145,617280,1,1,3,"[2101285,2258461,2254145]","[562236,617280,618641]"
sk_coffee,zlpng,6,1,407023,720000,5435195,810080,1,1,3,"[5435195,5411159,5435415]","[810080,809810,810641]"
sk_coffee,zlpng,6,8,407023,720000,2572143,479172,1,1,3,"[2572143,2116447,2682089]","[612101,479172,312089]"
sk_coffee,zlpng,7,1,406439,720000,6154919,806905,1,1,3,"[6154919,6135289,6175229]","[806905,808608,804552]"
sk_coffee,zlpng,7,8,406439,720000,2736931,501175,1,1,3,"[2731864,2738805,2736931]","[315675,501175,631742]"
sk_coffee,zlpng,8,1,404620,720000,11600220,863000,1,1,3,"[11660029,11586158,11600220]","[864282,863000,861477]"
sk_coffee,zlpng,8,8,404620,720000,6772398,638121,1,1,3,"[6195040,6950607,6772398]","[638121,539012,687475]"
cbsd68_0023,original_zpng,0,1,159721,463203,1160037,506393,1,1,3,"[1161029,1153587,1160037]","[508376,506393,504079]"
cbsd68_0023,png,0,1,181932,463203,26572216,2370440,1,1,3,"[26572216,26520208,26782673]","[2370440,2368997,2372984]"
cbsd68_0023,zlpng,1,1,147117,463203,898794,365780,1,1,3,"[896190,898794,901678]","[362095,365780,374645]"
cbsd68_0023,zlpng,1,8,147117,463203,820836,222305,1,1,3,"[813535,844702,820836]","[222305,373943,217547]"
cbsd68_0023,zlpng,2,1,150391,463203,999796,541796,1,1,3,"[999796,1001688,997572]","[543348,541796,536968]"
cbsd68_0023,zlpng,2,8,150391,463203,843610,503749,1,1,3,"[883911,843610,787075]","[360313,503749,531941]"
cbsd68_0023,zlpng,3,1,153373,463203,1284585,530819,1,1,3,"[1284585,1283583,1380770]","[530258,530819,567154]"
cbsd68_0023,zlpng,3,8,153373,463203,778623,485742,1,1,3,"[778623,777742,1122130]","[473633,501204,485742]"
cbsd68_0023,zlpng,4,1,157850,463203,1361961,561245,1,1,3,"[1368050,1361961,1357344]","[561245,561416,560865]"
cbsd68_0023,zlpng,4,8,157850,463203,865093,523669,1,1,3,"[952895,826435,865093]","[523669,540534,519322]"
cbsd68_0023,zlpng,5,1,150080,463203,2631313,536688,1,1,3,"[2631313,2633746,2623721]","[536688,534896,558552]"
cbsd68_0023,zlpng,5,8,150080,463203,1562984,491931,1,1,3,"[1565056,1548342,1562984]","[313041,518631,491931]"
cbsd68_0023,zlpng,6,1,148615,463203,3521043,518230,1,1,3,"[3521043,3520141,3556706]","[518230,516868,518361]"
cbsd68_0023,zlpng,6,8,148615,463203,2082015,459502,1,1,3,"[2050658,2082015,2265291]","[459502,501295,420043]"
cbsd68_0023,zlpng,7,1,146690,463203,4037731,504810,1,1,3,"[4037731,4032032,4038702]","[506062,502557,504810]"
cbsd68_0023,zlpng,7,8,146690,463203,2347415,468346,1,1,3,"[2347415,2356439,2342758]","[468346,470398,457348]"
cbsd68_0023,zlpng,8,1,125500,463203,15176815,1537496,1,1,3,"[15176815,15172819,15184507]","[1536374,1537496,1552077]"
cbsd68_0023,zlpng,8,8,125500,463203,8895025,1012335,1,1,3,"[8882837,8895025,8952852]","[1137674,1012335,1010422]"
syn_uniform_2,original_zpng,0,1,2359368,2359296,1152986,905143,1,1,3,"[1606349,1149361,1152986]","[904683,905143,914918]"
syn_uniform_2,png,0,1,2364308,2359296,48895204,2944624,1,1,3,"[49191349,48895204,47670659]","[2944624,2954519,2939136]"
syn_uniform_2,zlpng,1,1,2359496,2359296,753175,1142991,1,1,3,"[753175,751362,759183]","[1138444,1154849,1142991]"
syn_uniform_2,zlpng,1,8,2359496,2359296,334053,366892,1,1,3,"[380563,234903,334053]","[389557,324118,366892]"
syn_uniform_2,zlpng,2,1,2359576,2359296,337708,1142561,1,1,3,"[337708,335636,338129]","[1142190,1148509,1142561]"
syn_uniform_2,zlpng,2,8,2359576,2359296,148874,292431,1,1,3,"[164378,148874,136015]","[319551,284328,292431]"
syn_uniform_2,zlpng,3,1,2359576,2359296,363637,1139586,1,1,3,"[362126,363637,364569]","[1139586,1139556,1141819]"
syn_uniform_2,zlpng,3,8,2359576,2359296,193962,323947,1,1,3,"[193962,224067,130366]","[330048,323947,279121]"
syn_uniform_2,zlpng,4,1,2359576,2359296,396477,1140438,1,1,3,"[396477,406022,395246]","[1140438,1142761,1139556]"
syn_uniform_2,zlpng,4,8,2359576,2359296,186731,319281,1,1,3,"[177498,186731,190297]","[283577,324118,319281]"
syn_uniform_2,zlpng,5,1,2359576,2359296,560254,1147838,1,1,3,"[560254,569428,559923]","[1147838,1150252,1142361]"
syn_uniform_2,zlpng,5,8,2359576,2359296,285039,303377,1,1,3,"[348805,285039,224438]","[284559,303377,331089]"
syn_uniform_2,zlpng,6,1,2359576,2359296,612151,1143893,1,1,3,"[612151,606073,637750]","[1140817,1143893,1144474]"
syn_uniform_2,zlpng,6,8,2359576,2359296,441185,329436,1,1,3,"[441185,450789,312551]","[329436,331689,326221]"
syn_uniform_2,zlpng,7,1,2359576,2359296,698302,1144083,1,1,3,"[759514,696679,698302]","[1145655,1143712,1144083]"
syn_uniform_2,zlpng,7,8,2359576,2359296,643159,284209,1,1,3,"[643159,1098494,245920]","[288384,282886,284209]"
syn_uniform_2,zlpng,8,1,2359576,2359296,24877234,1142110,1,1,3,"[24791194,25034430,24877234]","[1142110,1142781,1141149]"
syn_uniform_2,zlpng,8,8,2359576,2359296,5628536,331760,1,1,3,"[5603138,5628536,5645542]","[340383,323087,331760]"
cbsd68_0042,original_zpng,0,1,225767,463203,1166036,441074,1,1,3,"[1161899,1166036,1168300]","[449366,441074,439852]"
cbsd68_0042,png,0,1,237007,463203,32850040,2792235,1,1,3,"[32876150,32836350,32850040]","[2792235,2793797,2791624]"
cbsd68_0042,zlpng,1,1,196896,463203,945343,363147,1,1,3,"[943641,945343,949320]","[361544,364239,363147]"
cbsd68_0042,zlpng,1,8,196896,463203,844662,355696,1,1,3,"[819434,844662,888408]","[355696,346141,358059]"
cbsd68_0042,zlpng,2,1,200556,463203,1116381,514124,1,1,3,"[1115570,1116892,1116381]","[514024,515536,514124]"
cbsd68_0042,zlpng,2,8,200556,463203,722347,476488,1,1,3,"[714746,722347,735708]","[500904,476488,474425]"
cbsd68_0042,zlpng,3,1,207036,463203,1596835,525892,1,1,3,"[1596835,1593680,1597326]","[525502,525892,526563]"
cbsd68_0042,zlpng,3,8,207036,463203,1369983,510609,1,1,3,"[1379618,908799,1369983]","[510609,303607,535216]"
cbsd68_0042,zlpng,4,1,214301,463203,1795574,593013,1,1,3,"[1802515,1795574,1789425]","[595126,587515,593013]"
cbsd68_0042,zlpng,4,8,214301,463203,1424676,550539,1,1,3,"[1534971,1007147,1424676]","[336928,550539,568666]"
cbsd68_0042,zlpng,5,1,203454,463203,3009132,538270,1,1,3,"[3113999,2981590,3009132]","[555687,535396,538270]"
cbsd68_0042,zlpng,5,8,203454,463203,1824327,466183,1,1,3,"[1712158,2053993,1824327]","[433933,519863,466183]"
cbsd68_0042,zlpng,6,1,202314,463203,3828365,520915,1,1,3,"[3839062,3822146,3828365]","[519963,523198,520915]"
cbsd68_0042,zlpng,6,8,202314,463203,2203628,302636,1,1,3,"[2235316,2203628,2193272]","[302636,301995,304900]"
cbsd68_0042,zlpng,7,1,201593,463203,4411964,522427,1,1,3,"[4428729,4396140,4411964]","[518291,524891,522427]"
cbsd68_0042,zlpng,7,8,201593,463203,2526845,483899,1,1,3,"[2516029,2528207,2526845]","[302966,521095,483899]"
cbsd68_0042,zlpng,8,1,185918,463203,17927177,1811208,1,1,3,"[17921428,17927248,17927177]","[1808854,1816235,1811208]"
cbsd68_0042,zlpng,8,8,185918,463203,9142338,1130522,1,1,3,"[9142338,9118862,9492616]","[1329822,1026646,1130522]"
syn_grains16_2,original_zpng,0,1,1010181,1572864,1557356,860646,1,1,3,"[1557356,1557516,1549674]","[874327,860646,858954]"
syn_grains16_2,png,0,1,1015061,1572864,175932685,6403553,1,1,3,"[178815747,175674005,175932685]","[6508080,6356973,6403553]"
syn_grains16_2,zlpng,1,1,1052018,1572864,1250784,1277604,1,1,3,"[1222802,1255190,1250784]","[1270413,1278265,1277604]"
syn_grains16_2,zlpng,1,8,1052018,1572864,564821,497209,1,1,3,"[579552,548616,564821]","[505381,474655,497209]"
syn_grains16_2,zlpng,2,1,900928,1572864,6930597,1893232,1,1,3,"[6924598,6930597,6938599]","[1896446,1890888,1893232]"
syn_grains16_2,zlpng,2,8,900928,1572864,1735363,700595,1,1,3,"[1735363,1595493,1741071]","[383978,720615,700595]"
syn_grains16_2,zlpng,3,1,900987,1572864,8466200,1893501,1,1,3,"[8453330,8498098,8466200]","[1899500,1893501,1893111]"
syn_grains16_2,zlpng,3,8,900987,1572864,2026932,709649,1,1,3,"[2050868,2026932,1755324]","[719103,709649,705292]"
syn_grains16_2,zlpng,4,1,900987,1572864,8372369,1892880,1,1,3,"[8367642,8372369,8386620]","[1889205,1903817,1892880]"
syn_grains16_2,zlpng,4,8,900987,1572864,2027283,690460,1,1,3,"[1940202,2027283,2273604]","[390999,690460,724922]"
syn_grains16_2,zlpng,5,1,878508,1572864,13393950,2030568,1,1,3,"[13393950,13202572,14176649]","[2030568,2022746,2089837]"
syn_grains16_2,zlpng,5,8,878508,1572864,3668204,771782,1,1,3,"[3668204,4196210,3563586]","[805904,771782,629178]"
syn_grains16_2,zlpng,6,1,878508,1572864,14131281,2029115,1,1,3,"[14131281,14067374,14312454]","[2036657,2028085,2029115]"
syn_grains16_2,zlpng,6,8,878508,1572864,4131792,559592,1,1,3,"[4131792,3563256,4502130]","[458060,696529,559592]"
syn_grains16_2,zlpng,7,1,878508,1572864,14867159,2023347,1,1,3,"[14817634,14903724,14867159]","[2022937,2031659,2023347]"
syn_grains16_2,zlpng,7,8,878508,1572864,4387537,654005,1,1,3,"[4403161,3835466,4387537]","[654645,654005,454705]"
syn_grains16_2,zlpng,8,1,776977,1572864,21174948,1917217,1,1,3,"[21174768,21174948,21217542]","[1917217,1903607,1928705]"
syn_grains16_2,zlpng,8,8,776977,1572864,4085433,661776,1,1,3,"[4011531,4480047,4085433]","[656649,674906,661776]"
sk_brain_z00_c0,original_zpng,0,1,45485,131072,313032,137267,1,1,3,"[320913,309536,313032]","[139250,137267,137076]"
sk_brain_z00_c0,png,0,1,47125,131072,5232320,562868,1,1,3,"[5222244,5233732,5232320]","[565862,562868,561605]"
sk_brain_z00_c0,zlpng,1,1,47747,131072,229726,126029,1,1,3,"[233491,229726,229276]","[127172,126020,126029]"
sk_brain_z00_c0,zlpng,1,8,47747,131072,231799,124237,1,1,3,"[235595,224468,231799]","[125309,123757,124237]"
sk_brain_z00_c0,zlpng,2,1,43840,131072,481756,212349,1,1,3,"[479803,481885,481756]","[212349,207954,212790]"
sk_brain_z00_c0,zlpng,2,8,43840,131072,484189,212210,1,1,3,"[480163,493263,484189]","[209936,216195,212210]"
sk_brain_z00_c0,zlpng,3,1,42680,131072,482406,166581,1,1,3,"[499543,481665,482406]","[169425,165649,166581]"
sk_brain_z00_c0,zlpng,3,8,42680,131072,480283,168063,1,1,3,"[480283,475556,481976]","[168384,164328,168063]"
sk_brain_z00_c0,zlpng,4,1,42680,131072,501505,165099,1,1,3,"[501505,498440,503128]","[165099,163987,165429]"
sk_brain_z00_c0,zlpng,4,8,42680,131072,493864,167041,1,1,3,"[495467,493864,492121]","[167041,169505,164438]"
sk_brain_z00_c0,zlpng,5,1,41547,131072,1062329,158499,1,1,3,"[1062329,1041628,1077082]","[158499,158419,159520]"
sk_brain_z00_c0,zlpng,5,8,41547,131072,1068459,161363,1,1,3,"[1070872,1048298,1068459]","[161363,162355,158499]"
sk_brain_z00_c0,zlpng,6,1,41547,131072,1095239,160692,1,1,3,"[1095239,1101078,1079515]","[160692,161083,157477]"
sk_brain_z00_c0,zlpng,6,8,41547,131072,1090933,160732,1,1,3,"[1087878,1090933,1099136]","[159340,160772,160732]"
sk_brain_z00_c0,zlpng,7,1,41547,131072,1128249,159420,1,1,3,"[1128249,1115720,1133387]","[159420,160532,158899]"
sk_brain_z00_c0,zlpng,7,8,41547,131072,1134098,159710,1,1,3,"[1114589,1138925,1134098]","[162024,159710,158659]"
sk_brain_z00_c0,zlpng,8,1,39310,131072,4367096,341785,1,1,3,"[4367096,4376531,4363411]","[341785,341234,344809]"
sk_brain_z00_c0,zlpng,8,8,39310,131072,4379836,341074,1,1,3,"[4379836,4392004,4362449]","[341013,341074,346732]"
syn_alpha_flat_1,original_zpng,0,1,10426,1571836,535867,495897,1,1,3,"[664871,534435,535867]","[495897,493774,498641]"
syn_alpha_flat_1,png,0,1,8146,1571836,7867688,2849081,1,1,3,"[7867688,7855540,7872525]","[2844995,2853307,2849081]"
syn_alpha_flat_1,zlpng,1,1,19851,1571836,360173,666654,1,1,3,"[365661,360173,359401]","[668146,666654,664481]"
syn_alpha_flat_1,zlpng,1,8,19851,1571836,181553,193241,1,1,3,"[181553,128533,212019]","[193241,188714,271209]"
syn_alpha_flat_1,zlpng,2,1,12462,1571836,315224,675337,1,1,3,"[317468,315224,314644]","[672903,684181,675337]"
syn_alpha_flat_1,zlpng,2,8,12462,1571836,112419,243527,1,1,3,"[112419,103145,184317]","[243527,160382,278810]"
syn_alpha_flat_1,zlpng,3,1,11612,1571836,341014,664982,1,1,3,"[344689,341014,340022]","[664360,665712,664982]"
syn_alpha_flat_1,zlpng,3,8,11612,1571836,118539,159840,1,1,3,"[118539,112019,214182]","[159840,154012,252039]"
syn_alpha_flat_1,zlpng,4,1,11696,1571836,360483,665483,1,1,3,"[358239,360483,370387]","[660375,665612,665483]"
syn_alpha_flat_1,zlpng,4,8,11696,1571836,165449,258559,1,1,3,"[165449,113010,201193]","[258559,158969,290218]"
syn_alpha_flat_1,zlpng,5,1,11183,1571836,1051964,685492,1,1,3,"[1064564,1049881,1051964]","[685492,686864,683879]"
syn_alpha_flat_1,zlpng,5,8,11183,1571836,603508,233421,1,1,3,"[603508,615888,583479]","[206531,242966,233421]"
syn_alpha_flat_1,zlpng,6,1,11377,1571836,1154088,669468,1,1,3,"[1154088,1157714,1138114]","[669468,670009,666714]"
syn_alpha_flat_1,zlpng,6,8,11377,1571836,658071,264708,1,1,3,"[663079,658071,338740]","[288104,264708,163967]"
syn_alpha_flat_1,zlpng,7,1,11144,1571836,1432457,660785,1,1,3,"[1451536,1417365,1432457]","[660394,660785,663289]"
syn_alpha_flat_1,zlpng,7,8,11144,1571836,607305,164859,1,1,3,"[607305,1006095,525611]","[160732,280773,164859]"
syn_alpha_flat_1,zlpng,8,1,10543,1571836,13480211,683309,1,1,3,"[13473059,13597967,13480211]","[683519,683309,682428]"
syn_alpha_flat_1,zlpng,8,8,10543,1571836,2454026,252640,1,1,3,"[2451332,2468367,2454026]","[252640,167893,292180]"
sk_page,original_zpng,0,1,45691,73344,212710,74572,1,1,3,"[212710,212880,210938]","[75354,74332,74572]"
sk_page,png,0,1,42818,73344,2512964,507003,1,1,3,"[2518603,2512964,2512013]","[507003,508756,503208]"
sk_page,zlpng,1,1,43031,73344,142094,117437,1,1,3,"[146050,142094,141573]","[117437,118278,114342]"
sk_page,zlpng,1,8,43031,73344,138198,113622,1,1,3,"[138198,136225,139720]","[113622,112580,116455]"
sk_page,zlpng,2,1,42590,73344,131138,136595,1,1,3,"[123156,135454,131138]","[130777,137848,136595]"
sk_page,zlpng,2,8,42590,73344,137327,138889,1,1,3,"[138438,129014,137327]","[138889,135664,143176]"
sk_page,zlpng,3,1,42797,73344,151909,139631,1,1,3,"[151909,148443,153060]","[139641,138098,139631]"
sk_page,zlpng,3,8,42797,73344,150326,138508,1,1,3,"[150978,149264,150326]","[138508,138159,139279]"
sk_page,zlpng,4,1,42659,73344,222324,137407,1,1,3,"[222324,228985,201133]","[137407,138799,133101]"
sk_page,zlpng,4,8,42659,73344,219330,136666,1,1,3,"[220112,219330,214473]","[142384,136666,136576]"
sk_page,zlpng,5,1,43276,73344,273352,143517,1,1,3,"[273352,264758,285741]","[143286,143517,143706]"
sk_page,zlpng,5,8,43276,73344,271939,143747,1,1,3,"[271519,296126,271939]","[143747,144678,143296]"
sk_page,zlpng,6,1,42950,73344,470038,143937,1,1,3,"[461635,470038,474474]","[144157,142795,143937]"
sk_page,zlpng,6,8,42950,73344,469357,143836,1,1,3,"[474644,462647,469357]","[143836,142544,145789]"
sk_page,zlpng,7,1,42684,73344,607925,143215,1,1,3,"[607305,613423,607925]","[141172,143215,144919]"
sk_page,zlpng,7,8,42684,73344,597269,142565,1,1,3,"[596798,597269,607465]","[143246,139841,142565]"
sk_page,zlpng,8,1,42261,73344,2114104,251528,1,1,3,"[2110889,2120984,2114104]","[251940,248204,251528]"
sk_page,zlpng,8,8,42261,73344,2121745,251528,1,1,3,"[2121375,2125070,2121745]","[251528,250948,252190]"
cbsd68_0059,original_zpng,0,1,185666,463203,1083311,464870,1,1,3,"[1083311,1084874,1082801]","[464910,464870,460984]"
cbsd68_0059,png,0,1,237562,463203,28056231,1992220,1,1,3,"[28111935,28056231,28049401]","[2014534,1992220,1983287]"
cbsd68_0059,zlpng,1,1,172468,463203,821718,354844,1,1,3,"[833585,821718,818803]","[358600,354844,350968]"
cbsd68_0059,zlpng,1,8,172468,463203,804010,353432,1,1,3,"[818994,620074,804010]","[353432,368936,267503]"
cbsd68_0059,zlpng,2,1,176147,463203,932484,532873,1,1,3,"[926605,939625,932484]","[532873,535917,532001]"
cbsd68_0059,zlpng,2,8,176147,463203,673615,474434,1,1,3,"[839134,651532,673615]","[462126,484940,474434]"
cbsd68_0059,zlpng,3,1,179214,463203,1209731,522898,1,1,3,"[1216792,1209731,1202551]","[522898,529638,517991]"
cbsd68_0059,zlpng,3,8,179214,463203,985985,456397,1,1,3,"[1032676,723660,985985]","[456397,466553,450709]"
cbsd68_0059,zlpng,4,1,184069,463203,1439608,573824,1,1,3,"[1439608,1437756,1440019]","[574736,573824,567455]"
cbsd68_0059,zlpng,4,8,184069,463203,932494,519672,1,1,3,"[1211886,932494,794507]","[519672,522527,456778]"
cbsd68_0059,zlpng,5,1,176241,463203,2441557,531620,1,1,3,"[2441557,2444351,2408838]","[532001,531620,527525]"
cbsd68_0059,zlpng,5,8,176241,463203,1492597,480264,1,1,3,"[1488792,1492597,1658618]","[312681,480264,494204]"
cbsd68_0059,zlpng,6,1,174854,463203,3181341,511740,1,1,3,"[3219469,3181341,3178526]","[511740,518821,511119]"
cbsd68_0059,zlpng,6,8,174854,463203,1942184,420483,1,1,3,"[1935575,1942184,1951760]","[458340,420483,302715]"
cbsd68_0059,zlpng,7,1,173492,463203,3710368,501045,1,1,3,"[3715204,3709806,3710368]","[501045,501936,498020]"
cbsd68_0059,zlpng,7,8,173492,463203,2266223,295645,1,1,3,"[2253233,2271321,2266223]","[293662,295645,448316]"
cbsd68_0059,zlpng,8,1,152413,463203,14556271,1635503,1,1,3,"[14556271,14590453,14522029]","[1635503,1635042,1637967]"
cbsd68_0059,zlpng,8,8,152413,463203,7671072,1210794,1,1,3,"[7680036,7671072,7662449]","[1340549,1210794,1176702]"
r3_imagej_jupiter16,original_zpng,0,1,1284224,2457600,4828832,1855515,1,1,3,"[4828832,4856173,4819458]","[1855515,1918199,1851919]"
r3_imagej_jupiter16,png,0,1,1202427,2457600,139960503,11759168,1,1,3,"[140279894,139944238,139960503]","[11737636,11759168,11815834]"
r3_imagej_jupiter16,zlpng,1,1,1161847,2457600,4531514,1179736,1,1,3,"[4520097,4589291,4531514]","[1161850,1180228,1179736]"
r3_imagej_jupiter16,zlpng,1,8,1161847,2457600,1175380,287633,1,1,3,"[1029260,1175380,1216131]","[287633,287032,353933]"
r3_imagej_jupiter16,zlpng,2,1,998987,2457600,9580768,2902651,1,1,3,"[9589190,9580768,9570042]","[2893418,2911014,2902651]"
r3_imagej_jupiter16,zlpng,2,8,998987,2457600,2129887,702387,1,1,3,"[2124269,2129887,2175106]","[701657,702387,717811]"
r3_imagej_jupiter16,zlpng,3,1,968497,2457600,9888642,2234224,1,1,3,"[9926169,9857956,9888642]","[2227214,2234224,2241175]"
r3_imagej_jupiter16,zlpng,3,8,968497,2457600,1939330,488065,1,1,3,"[1939330,1927473,2277160]","[488065,486993,489237]"
r3_imagej_jupiter16,zlpng,4,1,968497,2457600,9897004,2244500,1,1,3,"[10385440,9853418,9897004]","[2294685,2231570,2244500]"
r3_imagej_jupiter16,zlpng,4,8,968497,2457600,1940592,488786,1,1,3,"[1940592,1905840,2007654]","[488786,526483,483307]"
r3_imagej_jupiter16,zlpng,5,1,950095,2457600,20650839,2283809,1,1,3,"[20650839,20867626,20629938]","[2270289,2288756,2283809]"
r3_imagej_jupiter16,zlpng,5,8,950095,2457600,4602491,596599,1,1,3,"[4624594,4602491,4564013]","[661587,596599,510439]"
r3_imagej_jupiter16,zlpng,6,1,949328,2457600,21482832,2300374,1,1,3,"[21480128,21482832,21491264]","[2277831,2300374,2313373]"
r3_imagej_jupiter16,zlpng,6,8,949328,2457600,4797214,508005,1,1,3,"[4783775,4845758,4797214]","[525632,506423,508005]"
r3_imagej_jupiter16,zlpng,7,1,947485,2457600,22883872,2311782,1,1,3,"[22883872,22810531,22973146]","[2288266,2311782,2312563]"
r3_imagej_jupiter16,zlpng,7,8,947485,2457600,5090907,545211,1,1,3,"[5046429,5428475,5090907]","[510429,751351,545211]"
r3_imagej_jupiter16,zlpng,8,1,791529,2457600,41428980,1828414,1,1,3,"[41409771,41428980,41479045]","[1828414,1827372,1851598]"
r3_imagej_jupiter16,zlpng,8,8,791529,2457600,7367685,525982,1,1,3,"[7259733,7451161,7367685]","[502567,529056,525982]"
cbsd68_0044,original_zpng,0,1,172385,463203,1029420,479362,1,1,3,"[1029941,1029070,1029420]","[478892,484149,479362]"
cbsd68_0044,png,0,1,232092,463203,24198532,2322958,1,1,3,"[24340556,24177580,24198532]","[2366083,2309738,2322958]"
cbsd68_0044,zlpng,1,1,166134,463203,716850,350197,1,1,3,"[716549,716850,719914]","[350197,352391,348244]"
cbsd68_0044,zlpng,1,8,166134,463203,586554,343988,1,1,3,"[586554,596709,454986]","[334043,352761,343988]"
cbsd68_0044,zlpng,2,1,164365,463203,803019,510569,1,1,3,"[803019,797962,808798]","[510569,508706,515116]"
cbsd68_0044,zlpng,2,8,164365,463203,646283,446602,1,1,3,"[646283,678833,508566]","[490439,303988,446602]"
cbsd68_0044,zlpng,3,1,165870,463203,1060557,503709,1,1,3,"[1060557,1061628,1056571]","[505041,502728,503709]"
cbsd68_0044,zlpng,3,8,165870,463203,833415,438691,1,1,3,"[861367,779303,833415]","[462647,297198,438691]"
cbsd68_0044,zlpng,4,1,171626,463203,1296492,550819,1,1,3,"[1299397,1296492,1293979]","[550239,552893,550819]"
cbsd68_0044,zlpng,4,8,171626,463203,1074978,510319,1,1,3,"[859755,1138014,1074978]","[525732,506283,510319]"
cbsd68_0044,zlpng,5,1,164007,463203,2371181,509106,1,1,3,"[2379493,2356129,2371181]","[509017,509106,509798]"
cbsd68_0044,zlpng,5,8,164007,463203,1449473,468246,1,1,3,"[1449473,1476743,1447710]","[299752,468246,485391]"
cbsd68_0044,zlpng,6,1,162781,463203,3006869,496167,1,1,3,"[3019818,2993348,3006869]","[494935,496167,497689]"
cbsd68_0044,zlpng,6,8,162781,463203,1865519,446412,1,1,3,"[1858639,1865519,1969976]","[458601,446412,413764]"
cbsd68_0044,zlpng,7,1,160973,463203,3493451,482527,1,1,3,"[3481543,3493451,3494513]","[482527,485932,480834]"
cbsd68_0044,zlpng,7,8,160973,463203,2123358,439422,1,1,3,"[2123358,2126893,2120964]","[439282,439422,453233]"
cbsd68_0044,zlpng,8,1,147755,463203,15246601,1387970,1,1,3,"[15246601,15210416,15250807]","[1383313,1390083,1387970]"
cbsd68_0044,zlpng,8,8,147755,463203,8306949,783530,1,1,3,"[8306949,8308742,8288211]","[772694,1161910,783530]"
cbsd68_0055,original_zpng,0,1,223859,463203,1030031,452351,1,1,3,"[1030031,1032515,1029601]","[453122,449206,452351]"
cbsd68_0055,png,0,1,277643,463203,25220260,2729541,1,1,3,"[25223095,25198938,25220260]","[2732895,2729541,2722260]"
cbsd68_0055,zlpng,1,1,198603,463203,835328,353842,1,1,3,"[832303,835698,835328]","[356948,353842,352411]"
cbsd68_0055,zlpng,1,8,198603,463203,745974,347483,1,1,3,"[743390,749659,745974]","[347483,356637,216947]"
cbsd68_0055,zlpng,2,1,202039,463203,900916,510138,1,1,3,"[900916,904953,892194]","[511891,509878,510138]"
cbsd68_0055,zlpng,2,8,202039,463203,773144,361134,1,1,3,"[593934,787145,773144]","[478962,361134,290628]"
cbsd68_0055,zlpng,3,1,205283,463203,1355471,515005,1,1,3,"[1344695,1355471,1357925]","[515005,514936,522306]"
cbsd68_0055,zlpng,3,8,205283,463203,883240,499442,1,1,3,"[814968,1067829,883240]","[506252,477829,499442]"
cbsd68_0055,zlpng,4,1,212695,463203,1584766,571971,1,1,3,"[1584766,1579409,1586259]","[574055,571971,571681]"
cbsd68_0055,zlpng,4,8,212695,463203,1147999,527825,1,1,3,"[1147999,1102911,1309382]","[546313,527825,333221]"
cbsd68_0055,zlpng,5,1,203558,463203,2842981,529137,1,1,3,"[2843282,2842981,2811825]","[529137,529558,528015]"
cbsd68_0055,zlpng,5,8,203558,463203,1699800,504490,1,1,3,"[1648643,1701623,1699800]","[444159,521565,504490]"
cbsd68_0055,zlpng,6,1,202508,463203,3546971,517039,1,1,3,"[3539511,3546971,3585289]","[514675,517039,517360]"
cbsd68_0055,zlpng,6,8,202508,463203,2080343,299992,1,1,3,"[2080994,2062106,2080343]","[454074,299992,298129]"
cbsd68_0055,zlpng,7,1,201190,463203,3988456,506513,1,1,3,"[3983789,3988456,4331713]","[505211,506513,507615]"
cbsd68_0055,zlpng,7,8,201190,463203,2321947,478170,1,1,3,"[2321947,2344260,2309087]","[478170,492882,337218]"
cbsd68_0055,zlpng,8,1,181661,463203,15832413,1716174,1,1,3,"[15832413,15854216,15829709]","[1723766,1716174,1709905]"
cbsd68_0055,zlpng,8,8,181661,463203,9456872,1040897,1,1,3,"[9437021,9460707,9456872]","[1044853,1040897,1038134]"
r3_fluent_fox,original_zpng,0,1,47363,262144,438561,195334,1,1,3,"[438561,438721,436418]","[195084,195465,195334]"
r3_fluent_fox,png,0,1,41196,262144,7222116,708587,1,1,3,"[7222116,7222807,7216668]","[708587,714246,702668]"
r3_fluent_fox,zlpng,1,1,44057,262144,296366,151118,1,1,3,"[300513,296366,295555]","[151218,151118,149796]"
r3_fluent_fox,zlpng,1,8,44057,262144,298039,150556,1,1,3,"[300102,298039,293392]","[156125,150556,149595]"
r3_fluent_fox,zlpng,2,1,43904,262144,308565,206741,1,1,3,"[308565,308134,309245]","[207022,205990,206741]"
r3_fluent_fox,zlpng,2,8,43904,262144,306953,209796,1,1,3,"[312901,306953,304588]","[211058,209796,205449]"
r3_fluent_fox,zlpng,3,1,44233,262144,389857,193602,1,1,3,"[389857,389517,390388]","[193602,193311,194823]"
r3_fluent_fox,zlpng,3,8,44233,262144,384800,194022,1,1,3,"[389446,384800,382886]","[194523,193020,194022]"
r3_fluent_fox,zlpng,4,1,45275,262144,422806,203206,1,1,3,"[422806,428275,421364]","[203206,202034,203747]"
r3_fluent_fox,zlpng,4,8,45275,262144,425701,201393,1,1,3,"[419742,425701,425952]","[201344,201393,201754]"
r3_fluent_fox,zlpng,5,1,43508,262144,992685,200803,1,1,3,"[984943,992685,1003181]","[200803,200442,205229]"
r3_fluent_fox,zlpng,5,8,43508,262144,999706,203357,1,1,3,"[991753,1001298,999706]","[203357,203517,200201]"
r3_fluent_fox,zlpng,6,1,43119,262144,1323654,193311,1,1,3,"[1323654,1322231,1324515]","[193311,193081,194904]"
r3_fluent_fox,zlpng,6,8,43119,262144,1319087,194383,1,1,3,"[1321170,1319087,1317675]","[194723,194383,193952]"
r3_fluent_fox,zlpng,7,1,42509,262144,1413638,192369,1,1,3,"[1413638,1418876,1410855]","[192229,192610,192369]"
r3_fluent_fox,zlpng,7,8,42509,262144,1420129,192379,1,1,3,"[1413769,1420329,1420129]","[192379,194112,191579]"
r3_fluent_fox,zlpng,8,1,37598,262144,5816610,407333,1,1,3,"[5816610,5804211,5818572]","[410187,407333,406312]"
r3_fluent_fox,zlpng,8,8,37598,262144,5837841,407394,1,1,3,"[5810921,5838712,5837841]","[407394,404319,407804]"
cbsd68_0000,original_zpng,0,1,105906,463203,1012635,483378,1,1,3,"[1007888,1012746,1012635]","[483378,483658,479863]"
cbsd68_0000,png,0,1,127895,463203,23742154,2092431,1,1,3,"[23742154,23746681,23642915]","[2151019,2088385,2092431]"
cbsd68_0000,zlpng,1,1,98191,463203,725984,356848,1,1,3,"[728427,725984,725653]","[356848,357608,351339]"
cbsd68_0000,zlpng,1,8,98191,463203,663098,353363,1,1,3,"[663098,735357,394544]","[353363,352181,366783]"
cbsd68_0000,zlpng,2,1,98550,463203,787025,525461,1,1,3,"[787025,786874,795889]","[521635,525461,528966]"
cbsd68_0000,zlpng,2,8,98550,463203,784622,500173,1,1,3,"[791822,779103,784622]","[499252,500173,509036]"
cbsd68_0000,zlpng,3,1,99088,463203,938192,500314,1,1,3,"[941168,934477,938192]","[501905,500314,499262]"
cbsd68_0000,zlpng,3,8,99088,463203,765703,297859,1,1,3,"[508776,765703,865664]","[284379,297859,514805]"
cbsd68_0000,zlpng,4,1,100920,463203,974097,519181,1,1,3,"[970681,977783,974097]","[517129,519181,519192]"
cbsd68_0000,zlpng,4,8,100920,463203,947136,501405,1,1,3,"[966245,947136,878032]","[501405,289646,522447]"
cbsd68_0000,zlpng,5,1,96339,463203,2198761,499682,1,1,3,"[2198891,2197689,2198761]","[499012,500644,499682]"
cbsd68_0000,zlpng,5,8,96339,463203,1283543,281114,1,1,3,"[1283543,1218265,1660481]","[281114,279551,286371]"
cbsd68_0000,zlpng,6,1,94705,463203,3028731,478190,1,1,3,"[3028731,3031505,3019837]","[478971,478190,477590]"
cbsd68_0000,zlpng,6,8,94705,463203,1675603,472561,1,1,3,"[1675603,1729405,1631677]","[484600,472561,273602]"
cbsd68_0000,zlpng,7,1,93179,463203,3446050,465941,1,1,3,"[3450085,3438658,3446050]","[468907,465401,465941]"
cbsd68_0000,zlpng,7,8,93179,463203,1902154,432972,1,1,3,"[2289427,1902154,1859580]","[272070,441936,432972]"
cbsd68_0000,zlpng,8,1,77035,463203,11608381,971112,1,1,3,"[11625107,11608381,11589583]","[971112,966816,971172]"
cbsd68_0000,zlpng,8,8,77035,463203,6133687,931864,1,1,3,"[6132846,6141599,6133687]","[1012154,889019,931864]"
cbsd68_0015,original_zpng,0,1,265298,463203,950421,396948,1,1,3,"[949880,950421,951313]","[399161,394645,396948]"
cbsd68_0015,png,0,1,342313,463203,19415118,2137930,1,1,3,"[19415118,19409470,19617853]","[2137930,2141355,2135737]"
cbsd68_0015,zlpng,1,1,244142,463203,708417,341004,1,1,3,"[708417,710650,708066]","[339702,345430,341004]"
cbsd68_0015,zlpng,1,8,244142,463203,699293,353242,1,1,3,"[712403,699293,697420]","[369967,205159,353242]"
cbsd68_0015,zlpng,2,1,252264,463203,785753,498651,1,1,3,"[785753,788347,772043]","[494896,498651,498871]"
cbsd68_0015,zlpng,2,8,252264,463203,695887,441104,1,1,3,"[695887,698332,680565]","[454475,433052,441104]"
cbsd68_0015,zlpng,3,1,256078,463203,1208700,516939,1,1,3,"[1222511,1206897,1208700]","[519091,515616,516939]"
cbsd68_0015,zlpng,3,8,256078,463203,711372,483788,1,1,3,"[702067,711372,890491]","[507314,297458,483788]"
cbsd68_0015,zlpng,4,1,261027,463203,1573490,570990,1,1,3,"[1566209,1573490,1574311]","[569688,571601,570990]"
cbsd68_0015,zlpng,4,8,261027,463203,1016030,553183,1,1,3,"[1016030,1231034,916510]","[538420,553183,555146]"
cbsd68_0015,zlpng,5,1,253030,463203,2178650,516268,1,1,3,"[2168956,2180574,2178650]","[512993,516268,516658]"
cbsd68_0015,zlpng,5,8,253030,463203,1287639,297077,1,1,3,"[1280678,1288160,1287639]","[505831,293342,297077]"
cbsd68_0015,zlpng,6,1,252472,463203,2673336,510680,1,1,3,"[2683221,2673336,2669330]","[507484,510680,512172]"
cbsd68_0015,zlpng,6,8,252472,463203,1606810,508015,1,1,3,"[1606810,1587170,1817877]","[508015,497850,524981]"
cbsd68_0015,zlpng,7,1,252088,463203,3134350,509147,1,1,3,"[3134350,3118706,3156634]","[507825,509337,509147]"
cbsd68_0015,zlpng,7,8,252088,463203,1862194,308174,1,1,3,"[1838769,1862194,1877017]","[291669,482527,308174]"
cbsd68_0015,zlpng,8,1,236663,463203,17417249,1664016,1,1,3,"[17411170,17417249,17446023]","[1663506,1664617,1664016]"
cbsd68_0015,zlpng,8,8,236663,463203,10300913,1008449,1,1,3,"[10298770,10300913,10311438]","[972003,1476003,1008449]"
sk_skin,original_zpng,0,1,2312654,3686400,4905187,3138948,1,1,3,"[4905187,4913800,4890955]","[3125827,3162252,3138948]"
sk_skin,png,0,1,2527932,3686400,138434154,19771485,1,1,3,"[138434154,138605392,135836242]","[19800689,19764344,19771485]"
sk_skin,zlpng,1,1,2160728,3686400,3882838,2482018,1,1,3,"[3908536,3882838,3841615]","[2482018,2494166,2474367]"
sk_skin,zlpng,1,8,2160728,3686400,724271,413062,1,1,3,"[710020,887366,724271]","[406472,420853,413062]"
sk_skin,zlpng,2,1,2182234,3686400,4391644,3537427,1,1,3,"[4398704,4380487,4391644]","[3555535,3526661,3537427]"
sk_skin,zlpng,2,8,2182234,3686400,804491,563249,1,1,3,"[799925,804491,811512]","[562347,574896,563249]"
sk_skin,zlpng,3,1,2212093,3686400,7996352,3846944,1,1,3,"[7996352,7961740,8008751]","[3845241,3846944,3851130]"
sk_skin,zlpng,3,8,2212093,3686400,1596204,608626,1,1,3,"[1527661,1871298,1596204]","[611601,608216,608626]"
sk_skin,zlpng,4,1,2274256,3686400,13020317,4354227,1,1,3,"[13014480,13032567,13020317]","[4364012,4348398,4354227]"
sk_skin,zlpng,4,8,2274256,3686400,2622620,693474,1,1,3,"[2622620,2649029,2150148]","[944512,693474,692363]"
sk_skin,zlpng,5,1,2208205,3686400,16912189,3939302,1,1,3,"[16910746,16944848,16912189]","[3940153,3939302,3936128]"
sk_skin,zlpng,5,8,2208205,3686400,3188782,694756,1,1,3,"[3559861,2729390,3188782]","[694756,622428,696949]"
sk_skin,zlpng,6,1,2206941,3686400,19337541,3912722,1,1,3,"[19243961,20044947,19337541]","[3911851,4140986,3912722]"
sk_skin,zlpng,6,8,2206941,3686400,3404647,632333,1,1,3,"[3490276,3188882,3404647]","[637450,631330,632333]"
sk_skin,zlpng,7,1,2203022,3686400,21602882,3898351,1,1,3,"[21680309,21561290,21602882]","[3906903,3896959,3898351]"
sk_skin,zlpng,7,8,2203022,3686400,4188829,652303,1,1,3,"[4188829,4180236,4768531]","[657661,652303,648918]"
sk_skin,zlpng,8,1,2131315,3686400,53329862,5037276,1,1,3,"[53399126,53329862,53165064]","[5040360,5037276,5020200]"
sk_skin,zlpng,8,8,2131315,3686400,10078588,1381610,1,1,3,"[10078588,10673393,10065589]","[1377184,1381610,1461401]"
openmoji_1f680,original_zpng,0,1,44079,1527696,900506,722918,1,1,3,"[1016371,900506,893276]","[778542,722918,717360]"
openmoji_1f680,png,0,1,32484,1527696,8518068,2804654,1,1,3,"[8634624,8507722,8518068]","[2805975,2804654,2797092]"
openmoji_1f680,zlpng,1,1,52170,1527696,549478,709037,1,1,3,"[549478,555156,540864]","[710460,709037,706735]"
openmoji_1f680,zlpng,1,8,52170,1527696,312911,287813,1,1,3,"[312911,344029,271749]","[287813,305810,160412]"
openmoji_1f680,zlpng,2,1,39466,1527696,537369,750300,1,1,3,"[537369,533483,541846]","[748157,750300,750591]"
openmoji_1f680,zlpng,2,8,39466,1527696,173371,186200,1,1,3,"[172440,326252,173371]","[183226,227242,186200]"
openmoji_1f680,zlpng,3,1,40559,1527696,590629,761737,1,1,3,"[590629,590229,593214]","[760054,765893,761737]"
openmoji_1f680,zlpng,3,8,40559,1527696,358750,356667,1,1,3,"[369496,358750,331520]","[359802,327333,356667]"
openmoji_1f680,zlpng,4,1,40709,1527696,654926,764872,1,1,3,"[666103,654926,636338]","[766174,764872,762318]"
openmoji_1f680,zlpng,4,8,40709,1527696,347533,314804,1,1,3,"[208464,347533,403568]","[186902,314804,355645]"
openmoji_1f680,zlpng,5,1,39870,1527696,2007773,755348,1,1,3,"[2007773,1988424,2059942]","[755027,755348,758432]"
openmoji_1f680,zlpng,5,8,39870,1527696,636629,190227,1,1,3,"[959475,636629,636318]","[307904,190227,187282]"
openmoji_1f680,zlpng,6,1,39767,1527696,2110058,752203,1,1,3,"[2104960,2114604,2110058]","[750751,754727,752203]"
openmoji_1f680,zlpng,6,8,39767,1527696,712633,191108,1,1,3,"[712633,798602,656729]","[193181,186501,191108]"
openmoji_1f680,zlpng,7,1,39188,1527696,2772496,734476,1,1,3,"[2772496,2761519,2788399]","[734476,734186,736850]"
openmoji_1f680,zlpng,7,8,39188,1527696,1117072,219971,1,1,3,"[1412477,1067888,1117072]","[333032,178099,219971]"
openmoji_1f680,zlpng,8,1,28840,1527696,14543762,733505,1,1,3,"[14740389,14503872,14543762]","[732423,733735,733505]"
openmoji_1f680,zlpng,8,8,28840,1527696,2913047,323527,1,1,3,"[3082863,2913047,2911555]","[234072,343758,323527]"
r3_raw_739,original_zpng,0,1,6310389,8388608,9500978,6634101,1,1,3,"[9500978,9468328,9509842]","[6634101,6629504,6693050]"
r3_raw_739,png,0,1,6358642,8388608,363017213,30119158,1,1,3,"[363017213,362736421,364208548]","[30119158,30078416,32323047]"
r3_raw_739,zlpng,1,1,6422986,8388608,7531312,6930286,1,1,3,"[7436028,7531312,7748890]","[6929595,6959330,6930286]"
r3_raw_739,zlpng,1,8,6422986,8388608,1333939,978544,1,1,3,"[1333939,1740391,1308651]","[977242,978544,986306]"
r3_raw_739,zlpng,2,1,4773784,8388608,34076447,10899545,1,1,3,"[34079682,34075285,34076447]","[10899545,10883890,10933585]"
r3_raw_739,zlpng,2,8,4773784,8388608,4768821,1539028,1,1,3,"[4768821,4761640,5243406]","[1865980,1527791,1539028]"
r3_raw_739,zlpng,3,1,4777469,8388608,43850426,10987897,1,1,3,"[43850426,42351509,43968505]","[11733931,10973356,10987897]"
r3_raw_739,zlpng,3,8,4777469,8388608,6491526,1553850,1,1,3,"[6491526,6175159,6634020]","[1559328,1553850,1549062]"
r3_raw_739,zlpng,4,1,4770404,8388608,42701886,10706143,1,1,3,"[42626333,42701886,42981718]","[10706143,10692763,10712492]"
r3_raw_739,zlpng,4,8,4770404,8388608,6294820,1512047,1,1,3,"[6294820,6277784,7059872]","[1510305,1512047,1633931]"
r3_raw_739,zlpng,5,1,4777733,8388608,60893202,10826765,1,1,3,"[60736846,62488504,60893202]","[10805432,11120247,10826765]"
r3_raw_739,zlpng,5,8,4777733,8388608,14253685,1547650,1,1,3,"[14484753,13859662,14253685]","[1540901,1547650,1557826]"
r3_raw_739,zlpng,6,1,4769317,8388608,71152892,10921798,1,1,3,"[72762766,71052030,71152892]","[11249741,10917582,10921798]"
r3_raw_739,zlpng,6,8,4769317,8388608,14622000,1547851,1,1,3,"[14622000,14488519,14632195]","[1547851,1547661,1559769]"
r3_raw_739,zlpng,7,1,4755460,8388608,79582918,10719583,1,1,3,"[79568115,79636889,79582918]","[10719583,10712793,10743900]"
r3_raw_739,zlpng,7,8,4755460,8388608,15846343,1643966,1,1,3,"[15846343,15667955,16495912]","[1549604,1843346,1643966]"
r3_raw_739,zlpng,8,1,5336989,8388608,91526263,19279404,1,1,3,"[91101494,92342473,91526263]","[19104190,20010555,19279404]"
r3_raw_739,zlpng,8,8,5336989,8388608,12706195,2980579,1,1,3,"[12660576,12706195,14369529]","[2975030,2980579,3436024]"
syn_alpha_hidden_noise_2,original_zpng,0,1,1357611,3145728,2211520,1222992,1,1,3,"[2211520,2480576,2172071]","[1259917,1222992,1186827]"
syn_alpha_hidden_noise_2,png,0,1,1551208,3145728,59933316,9186655,1,1,3,"[59876651,59933316,59980607]","[9186534,9186655,9190881]"
syn_alpha_hidden_noise_2,zlpng,1,1,1375130,3145728,1357183,1255752,1,1,3,"[1368250,1357183,1323403]","[1255752,1257383,1249272]"
syn_alpha_hidden_noise_2,zlpng,1,8,1375130,3145728,482096,289907,1,1,3,"[482096,584310,349887]","[511941,289907,278379]"
syn_alpha_hidden_noise_2,zlpng,2,1,1366623,3145728,1394310,1247689,1,1,3,"[1701482,1394310,1369923]","[1580801,1247689,1239256]"
syn_alpha_hidden_noise_2,zlpng,2,8,1366623,3145728,735798,409477,1,1,3,"[735798,747025,733275]","[346552,409477,522667]"
syn_alpha_hidden_noise_2,zlpng,3,1,1364451,3145728,1775875,1267208,1,1,3,"[2087133,1768192,1775875]","[1568772,1253649,1267208]"
syn_alpha_hidden_noise_2,zlpng,3,8,1364451,3145728,527224,264218,1,1,3,"[446282,531490,527224]","[258149,273512,264218]"
syn_alpha_hidden_noise_2,zlpng,4,1,1364432,3145728,1901733,1253718,1,1,3,"[1901733,1895905,2260414]","[1249632,1253718,1516444]"
syn_alpha_hidden_noise_2,zlpng,4,8,1364432,3145728,435936,254383,1,1,3,"[433012,453573,435936]","[256295,254383,253832]"
syn_alpha_hidden_noise_2,zlpng,5,1,1362301,3145728,4694510,1244895,1,1,3,"[4683142,5115564,4694510]","[1244895,1521632,1238345]"
syn_alpha_hidden_noise_2,zlpng,5,8,1362301,3145728,1057152,268073,1,1,3,"[1057152,1027988,1191364]","[268073,253602,330237]"
syn_alpha_hidden_noise_2,zlpng,6,1,1362539,3145728,4972839,1240168,1,1,3,"[4981502,4972789,4972839]","[1240168,1241099,1239227]"
syn_alpha_hidden_noise_2,zlpng,6,8,1362539,3145728,1379598,261614,1,1,3,"[1379598,1300709,1505337]","[262385,260723,261614]"
syn_alpha_hidden_noise_2,zlpng,7,1,1361701,3145728,5077687,1240468,1,1,3,"[5048663,5081913,5077687]","[1243152,1240468,1237463]"
syn_alpha_hidden_noise_2,zlpng,7,8,1361701,3145728,1756515,277738,1,1,3,"[1851278,1756515,1275040]","[277738,272030,281304]"
syn_alpha_hidden_noise_2,zlpng,8,1,1387152,3145728,54448786,3401102,1,1,3,"[54185580,54448786,54451941]","[3401102,3396254,3410856]"
syn_alpha_hidden_noise_2,zlpng,8,8,1387152,3145728,10781336,842218,1,1,3,"[10781336,10835948,10777300]","[809088,842218,1038584]"
kodak_17,original_zpng,0,1,527667,1179648,2655539,1077923,1,1,3,"[2644162,2655539,2667177]","[1077863,1078585,1077923]"
kodak_17,png,0,1,628350,1179648,81373303,5431710,1,1,3,"[81373303,81422287,81369878]","[5440183,5427704,5431710]"
kodak_17,zlpng,1,1,508790,1179648,1913762,832344,1,1,3,"[2003427,1913762,1880682]","[827727,867977,832344]"
kodak_17,zlpng,1,8,508790,1179648,827646,397789,1,1,3,"[996010,827646,587294]","[397789,415696,219090]"
kodak_17,zlpng,2,1,524757,1179648,2503259,1220919,1,1,3,"[2512063,2503259,2501898]","[1220939,1218745,1220919]"
kodak_17,zlpng,2,8,524757,1179648,1273037,580655,1,1,3,"[1273037,999104,1309462]","[580655,576198,635287]"
kodak_17,zlpng,3,1,537033,1179648,3557097,1289833,1,1,3,"[3523627,3688364,3557097]","[1285826,1326267,1289833]"
kodak_17,zlpng,3,8,537033,1179648,935880,313572,1,1,3,"[931142,935880,1286328]","[344979,313572,308254]"
kodak_17,zlpng,4,1,558948,1179648,4458434,1494010,1,1,3,"[4689682,4458434,4446847]","[1597586,1486869,1494010]"
kodak_17,zlpng,4,8,558948,1179648,1192536,595237,1,1,3,"[1192536,1751197,1043782]","[595237,644060,369076]"
kodak_17,zlpng,5,1,529531,1179648,7375197,1344175,1,1,3,"[7350079,7375197,7378792]","[1343122,1346007,1344175]"
kodak_17,zlpng,5,8,529531,1179648,2249528,649718,1,1,3,"[2325382,2148526,2249528]","[648647,704691,649718]"
kodak_17,zlpng,6,1,527080,1179648,9343821,1313748,1,1,3,"[9324703,9343821,9440286]","[1310364,1313748,1317184]"
kodak_17,zlpng,6,8,527080,1179648,2387756,627385,1,1,3,"[2253914,2387756,2748820]","[627385,642257,562787]"
kodak_17,zlpng,7,1,525652,1179648,10705802,1310264,1,1,3,"[10705802,10664661,10747706]","[1310264,1304835,1313488]"
kodak_17,zlpng,7,8,525652,1179648,3046057,614876,1,1,3,"[3180910,2554306,3046057]","[629999,614876,560824]"
kodak_17,zlpng,8,1,483252,1179648,35790018,3528674,1,1,3,"[36578615,35790018,35783388]","[3541904,3528674,3521042]"
kodak_17,zlpng,8,8,483252,1179648,11204513,1444886,1,1,3,"[11714792,11204513,11184343]","[1772129,1444886,1440950]"
cbsd68_0057,original_zpng,0,1,317962,463203,480453,339091,1,1,3,"[480453,481415,479893]","[339591,336687,339091]"
cbsd68_0057,png,0,1,384888,463203,14145062,1925359,1,1,3,"[14145062,14247336,14141046]","[1925359,2042325,1918349]"
cbsd68_0057,zlpng,1,1,280753,463203,418500,311959,1,1,3,"[418500,419743,418440]","[312551,311959,311098]"
cbsd68_0057,zlpng,1,8,280753,463203,381104,295435,1,1,3,"[351830,381104,391900]","[191338,295435,321474]"
cbsd68_0057,zlpng,2,1,293076,463203,630720,519673,1,1,3,"[623710,634375,630720]","[519352,519673,520253]"
cbsd68_0057,zlpng,2,8,293076,463203,589017,478791,1,1,3,"[589017,357298,627114]","[416858,490849,478791]"
cbsd68_0057,zlpng,3,1,297378,463203,1070492,544730,1,1,3,"[1014418,1102550,1070492]","[544730,589278,543028]"
cbsd68_0057,zlpng,3,8,297378,463203,865703,506012,1,1,3,"[865703,672804,1031283]","[625011,494745,506012]"
cbsd68_0057,zlpng,4,1,300461,463203,1637506,611882,1,1,3,"[1637806,1634692,1637506]","[611882,608346,612462]"
cbsd68_0057,zlpng,4,8,300461,463203,1331565,549758,1,1,3,"[1333828,1125275,1331565]","[563168,549758,353823]"
cbsd68_0057,zlpng,5,1,296243,463203,1885400,551310,1,1,3,"[1885400,2023176,1880332]","[551310,590730,548296]"
cbsd68_0057,zlpng,5,8,296243,463203,984162,315315,1,1,3,"[964954,1688543,984162]","[510478,315315,314624]"
cbsd68_0057,zlpng,6,1,296284,463203,2048294,549978,1,1,3,"[2057999,2044779,2048294]","[549497,549978,552082]"
cbsd68_0057,zlpng,6,8,296284,463203,1534281,313362,1,1,3,"[1616304,1534281,1260608]","[312641,313362,345190]"
cbsd68_0057,zlpng,7,1,295952,463203,2455318,550629,1,1,3,"[2455127,2608758,2455318]","[550629,588366,549657]"
cbsd68_0057,zlpng,7,8,295952,463203,1360149,516908,1,1,3,"[1360149,1266297,1672208]","[516908,516278,545842]"
cbsd68_0057,zlpng,8,1,278189,463203,5523738,535997,1,1,3,"[5523738,5545642,5523438]","[538471,535055,535997]"
cbsd68_0057,zlpng,8,8,278189,463203,3145217,518101,1,1,3,"[3140559,3145217,3383695]","[525352,311679,518101]"
syn_document_0,original_zpng,0,1,12743,589824,292771,231458,1,1,3,"[292771,291699,296126]","[231909,231458,230838]"
syn_document_0,png,0,1,39876,589824,3959052,1058354,1,1,3,"[3964390,3959052,3958911]","[1058354,1054969,1058674]"
syn_document_0,zlpng,1,1,35493,589824,296036,348515,1,1,3,"[296036,287703,298399]","[352481,348515,347173]"
syn_document_0,zlpng,1,8,35493,589824,260062,326412,1,1,3,"[260062,270637,140291]","[248243,326412,330157]"
syn_document_0,zlpng,2,1,32085,589824,299621,390238,1,1,3,"[299621,316957,289065]","[390238,395275,386602]"
syn_document_0,zlpng,2,8,32085,589824,276957,361634,1,1,3,"[280592,276957,274974]","[375956,361634,231108]"
syn_document_0,zlpng,3,1,31695,589824,349927,393733,1,1,3,"[348075,352171,349927]","[391509,393733,394885]"
syn_document_0,zlpng,3,8,31695,589824,258790,369557,1,1,3,"[258790,331369,165579]","[379671,369557,191298]"
syn_document_0,zlpng,4,1,31944,589824,391430,394043,1,1,3,"[385060,423688,391430]","[393423,397749,394043]"
syn_document_0,zlpng,4,8,31944,589824,334194,186781,1,1,3,"[334194,328155,349977]","[186621,186781,365120]"
syn_document_0,zlpng,5,1,30746,589824,760716,389527,1,1,3,"[741977,760716,763730]","[387544,391119,389527]"
syn_document_0,zlpng,5,8,30746,589824,443188,364148,1,1,3,"[358680,443188,721737]","[185299,364148,367042]"
syn_document_0,zlpng,6,1,30444,589824,922610,386191,1,1,3,"[922610,915288,930662]","[386191,383778,387664]"
syn_document_0,zlpng,6,8,30444,589824,606013,187473,1,1,3,"[706243,405991,606013]","[360393,187473,186491]"
syn_document_0,zlpng,7,1,30045,589824,1132255,379452,1,1,3,"[1147738,1118144,1132255]","[380554,379221,379452]"
syn_document_0,zlpng,7,8,30045,589824,836470,360362,1,1,3,"[471941,836470,946064]","[357919,360362,361104]"
syn_document_0,zlpng,8,1,32633,589824,10529677,696558,1,1,3,"[10537118,10522776,10529677]","[678813,698162,696558]"
syn_document_0,zlpng,8,8,32633,589824,4916674,637349,1,1,3,"[5338799,4825286,4916674]","[637349,640225,589387]"
sk_clock_motion,original_zpng,0,1,44424,120000,413182,110096,1,1,3,"[415386,413182,410188]","[110096,110266,109355]"
sk_clock_motion,png,0,1,44317,120000,11364504,572412,1,1,3,"[11367559,11358255,11364504]","[572412,567966,580775]"
sk_clock_motion,zlpng,1,1,43272,120000,268054,174493,1,1,3,"[266041,269576,268054]","[174493,177577,173982]"
sk_clock_motion,zlpng,1,8,43272,120000,271829,176105,1,1,3,"[271649,271829,272561]","[177918,175715,176105]"
sk_clock_motion,zlpng,2,1,44672,120000,319351,212139,1,1,3,"[319351,318890,320543]","[212139,211359,213872]"
sk_clock_motion,zlpng,2,8,44672,120000,320893,213472,1,1,3,"[311339,323948,320893]","[210817,213472,213812]"
sk_clock_motion,zlpng,3,1,45984,120000,339511,234513,1,1,3,"[338891,342756,339511]","[234343,236457,234513]"
sk_clock_motion,zlpng,3,8,45984,120000,342165,235294,1,1,3,"[342916,341033,342165]","[234193,235294,237187]"
sk_clock_motion,zlpng,4,1,46959,120000,439021,228434,1,1,3,"[450248,439021,436357]","[228434,229044,226311]"
sk_clock_motion,zlpng,4,8,46959,120000,433994,226291,1,1,3,"[433994,432040,437579]","[226291,225820,227162]"
sk_clock_motion,zlpng,5,1,48895,120000,478591,245099,1,1,3,"[479462,478591,477228]","[245640,245099,243737]"
sk_clock_motion,zlpng,5,8,48895,120000,477870,244108,1,1,3,"[475716,477870,477920]","[248685,243967,244108]"
sk_clock_motion,zlpng,6,1,46215,120000,871633,241864,1,1,3,"[873706,864322,871633]","[244028,241864,241784]"
sk_clock_motion,zlpng,6,8,46215,120000,866545,241705,1,1,3,"[860746,866545,869960]","[241213,241705,242806]"
sk_clock_motion,zlpng,7,1,45861,120000,1391496,237397,1,1,3,"[1391496,1386218,1392928]","[237397,236916,240853]"
sk_clock_motion,zlpng,7,8,45861,120000,1385857,237578,1,1,3,"[1392367,1378206,1385857]","[236786,239781,237578]"
sk_clock_motion,zlpng,8,1,39463,120000,1423994,225220,1,1,3,"[1417074,1426277,1423994]","[227462,225220,224589]"
sk_clock_motion,zlpng,8,8,39463,120000,1426127,224729,1,1,3,"[1397745,1426127,1448291]","[223316,224819,224729]"
cbsd68_0010,original_zpng,0,1,190823,463203,1094939,479181,1,1,3,"[1094187,1095730,1094939]","[479181,475486,480023]"
cbsd68_0010,png,0,1,234708,463203,25001060,2436369,1,1,3,"[25001060,24994971,25195834]","[2436369,2426284,2439033]"
cbsd68_0010,zlpng,1,1,172566,463203,826435,365671,1,1,3,"[826435,825162,827175]","[366021,365671,362827]"
cbsd68_0010,zlpng,1,8,172566,463203,681817,344519,1,1,3,"[580464,681817,685773]","[344519,280402,444780]"
cbsd68_0010,zlpng,2,1,175100,463203,918954,524480,1,1,3,"[921147,917782,918954]","[524500,522357,524480]"
cbsd68_0010,zlpng,2,8,175100,463203,736539,364088,1,1,3,"[583328,736539,761858]","[481265,364088,302716]"
cbsd68_0010,zlpng,3,1,177848,463203,1256763,520735,1,1,3,"[1266868,1256763,1256662]","[520985,518440,520735]"
cbsd68_0010,zlpng,3,8,177848,463203,957071,495526,1,1,3,"[957071,960036,912164]","[306592,508015,495526]"
cbsd68_0010,zlpng,4,1,183795,463203,1422993,565361,1,1,3,"[1422993,1413729,1433348]","[565361,565040,565692]"
cbsd68_0010,zlpng,4,8,183795,463203,913115,497890,1,1,3,"[913165,913115,904693]","[496247,525351,497890]"
cbsd68_0010,zlpng,5,1,176023,463203,2640316,527344,1,1,3,"[2640316,2644712,2620967]","[523949,528977,527344]"
cbsd68_0010,zlpng,5,8,176023,463203,1632709,312160,1,1,3,"[1655063,1628272,1632709]","[495366,312160,310688]"
cbsd68_0010,zlpng,6,1,174682,463203,3389204,511380,1,1,3,"[3398898,3366350,3389204]","[508696,511380,515597]"
cbsd68_0010,zlpng,6,8,174682,463203,2129486,461455,1,1,3,"[2131069,2129486,2100804]","[461455,487013,306231]"
cbsd68_0010,zlpng,7,1,173259,463203,3843418,501475,1,1,3,"[3843418,3851581,3837549]","[504680,501475,499462]"
cbsd68_0010,zlpng,7,8,173259,463203,2378432,434254,1,1,3,"[2466004,2378432,2356709]","[434254,302655,450208]"
cbsd68_0010,zlpng,8,1,157692,463203,15503878,1443283,1,1,3,"[15469015,15503878,15523157]","[1454671,1437215,1443283]"
cbsd68_0010,zlpng,8,8,157692,463203,9762291,1038874,1,1,3,"[9795591,9735741,9762291]","[1091284,939565,1038874]"
sk_nickel_z05_c0,original_zpng,0,1,217014,393216,328785,214604,1,1,3,"[328204,335956,328785]","[214604,218949,210657]"
sk_nickel_z05_c0,png,0,1,226863,393216,82123894,1805809,1,1,3,"[82200849,82123894,82093238]","[1825139,1804297,1805809]"
sk_nickel_z05_c0,zlpng,1,1,214633,393216,311409,313392,1,1,3,"[313843,311409,310167]","[316146,313392,313011]"
sk_nickel_z05_c0,zlpng,1,8,214633,393216,219100,243637,1,1,3,"[213742,261403,219100]","[253732,221334,243637]"
sk_nickel_z05_c0,zlpng,2,1,193314,393216,1416873,534034,1,1,3,"[1421650,1416873,1414159]","[537400,530229,534034]"
sk_nickel_z05_c0,zlpng,2,8,193314,393216,939225,415897,1,1,3,"[939225,933466,942840]","[416096,415897,358900]"
sk_nickel_z05_c0,zlpng,3,1,193307,393216,1836075,534956,1,1,3,"[1837498,1822665,1836075]","[542977,532202,534956]"
sk_nickel_z05_c0,zlpng,3,8,193307,393216,1217664,430729,1,1,3,"[1217664,1214129,1307689]","[430729,356517,449437]"
sk_nickel_z05_c0,zlpng,4,1,193307,393216,1865560,538911,1,1,3,"[1865560,1864298,1880061]","[542317,538911,533424]"
sk_nickel_z05_c0,zlpng,4,8,193307,393216,1319027,356608,1,1,3,"[1319027,1226347,1363493]","[399982,354935,356608]"
sk_nickel_z05_c0,zlpng,5,1,191753,393216,3500131,532882,1,1,3,"[3474773,3509095,3500131]","[535306,532882,531310]"
sk_nickel_z05_c0,zlpng,5,8,191753,393216,2300505,398851,1,1,3,"[2270439,2305191,2300505]","[398851,355706,428114]"
sk_nickel_z05_c0,zlpng,6,1,191753,393216,3661955,531630,1,1,3,"[3651369,3661955,3671369]","[537910,529327,531630]"
sk_nickel_z05_c0,zlpng,6,8,191753,393216,2434226,441285,1,1,3,"[2428237,2434226,2450330]","[441285,354694,463078]"
sk_nickel_z05_c0,zlpng,7,1,191753,393216,3732251,532211,1,1,3,"[3732251,3725470,3736417]","[535457,528536,532211]"
sk_nickel_z05_c0,zlpng,7,8,191753,393216,2478292,420453,1,1,3,"[2478292,2524502,2470621]","[408545,450188,420453]"
sk_nickel_z05_c0,zlpng,8,1,169372,393216,5528966,444049,1,1,3,"[5577630,5514114,5528966]","[462336,442236,444049]"
sk_nickel_z05_c0,zlpng,8,8,169372,393216,3710408,335845,1,1,3,"[3710408,3701655,3737609]","[310127,335845,339822]"
openmoji_1f697,original_zpng,0,1,29121,1527696,721997,591220,1,1,3,"[717611,729889,721997]","[581306,592773,591220]"
openmoji_1f697,png,0,1,22913,1527696,7864253,2649339,1,1,3,"[7864253,7871284,7832906]","[2655078,2649339,2648318]"
openmoji_1f697,zlpng,1,1,33488,1527696,412371,778983,1,1,3,"[419752,412371,408184]","[778613,778983,780135]"
openmoji_1f697,zlpng,1,8,33488,1527696,167422,264518,1,1,3,"[179360,165900,167422]","[185149,264518,290067]"
openmoji_1f697,zlpng,2,1,26194,1527696,418720,696068,1,1,3,"[431840,418720,416948]","[696068,694957,697280]"
openmoji_1f697,zlpng,2,8,26194,1527696,203637,214473,1,1,3,"[221273,170116,203637]","[214473,194653,286672]"
openmoji_1f697,zlpng,3,1,26687,1527696,457539,707616,1,1,3,"[463688,453503,457539]","[709359,707616,705483]"
openmoji_1f697,zlpng,3,8,26687,1527696,196536,222705,1,1,3,"[196105,378951,196536]","[191058,289636,222705]"
openmoji_1f697,zlpng,4,1,26914,1527696,520854,710920,1,1,3,"[520854,527244,511150]","[710920,712964,710670]"
openmoji_1f697,zlpng,4,8,26914,1527696,211288,204228,1,1,3,"[211288,200862,245029]","[181203,204228,364358]"
openmoji_1f697,zlpng,5,1,26359,1527696,1447119,705573,1,1,3,"[1447119,1442803,1457665]","[704261,705573,707996]"
openmoji_1f697,zlpng,5,8,26359,1527696,597119,190537,1,1,3,"[1183692,597119,591181]","[202205,185499,190537]"
openmoji_1f697,zlpng,6,1,26293,1527696,1534541,705122,1,1,3,"[1534541,1527490,1543144]","[705202,705122,703359]"
openmoji_1f697,zlpng,6,8,26293,1527696,657430,239590,1,1,3,"[622597,657430,1146386]","[197708,239590,293813]"
openmoji_1f697,zlpng,7,1,25904,1527696,1935465,690289,1,1,3,"[1924068,1935465,1947002]","[686554,692903,690289]"
openmoji_1f697,zlpng,7,8,25904,1527696,806264,184758,1,1,3,"[1235470,806264,762769]","[231087,184758,180121]"
openmoji_1f697,zlpng,8,1,20923,1527696,13753472,687966,1,1,3,"[13722986,13753472,13957499]","[690841,687966,687706]"
openmoji_1f697,zlpng,8,8,20923,1527696,3236544,311018,1,1,3,"[3192538,3236544,3362124]","[368795,222465,311018]"
syn_grains16_1,original_zpng,0,1,500220,785918,765403,432712,1,1,3,"[765403,761657,766604]","[433182,430858,432712]"
syn_grains16_1,png,0,1,501805,785918,91475617,3285748,1,1,3,"[91432752,91475617,91556519]","[3302554,3285748,3284846]"
syn_grains16_1,zlpng,1,1,526890,785918,635056,643920,1,1,3,"[635988,631992,635056]","[643920,645031,640475]"
syn_grains16_1,zlpng,1,8,526890,785918,477629,463198,1,1,3,"[467214,527865,477629]","[458531,486403,463198]"
syn_grains16_1,zlpng,2,1,454153,785918,3658189,958294,1,1,3,"[3656316,3658189,3660883]","[958674,957913,958294]"
syn_grains16_1,zlpng,2,8,454153,785918,1630535,694415,1,1,3,"[1268850,1703686,1630535]","[362295,694415,719544]"
syn_grains16_1,zlpng,3,1,454170,785918,4605756,959846,1,1,3,"[4599556,4635350,4605756]","[959846,960497,958834]"
syn_grains16_1,zlpng,3,8,454170,785918,2036828,657771,1,1,3,"[1906361,2036828,2233073]","[722989,645622,657771]"
syn_grains16_1,zlpng,4,1,454170,785918,4576642,959676,1,1,3,"[4570963,4576642,4584133]","[959775,957331,959676]"
syn_grains16_1,zlpng,4,8,454170,785918,2459544,707405,1,1,3,"[2492113,1852610,2459544]","[676148,707405,730470]"
syn_grains16_1,zlpng,5,1,440429,785918,6583674,1012715,1,1,3,"[6583674,6579869,6593599]","[1014858,1011763,1012715]"
syn_grains16_1,zlpng,5,8,440429,785918,2837122,736569,1,1,3,"[2788189,2858816,2837122]","[751552,600133,736569]"
syn_grains16_1,zlpng,6,1,440429,785918,7000933,1015579,1,1,3,"[7000833,7000933,7038029]","[1015579,1011504,1018995]"
syn_grains16_1,zlpng,6,8,440429,785918,2838495,702428,1,1,3,"[2838495,3453111,2672364]","[727375,702428,573764]"
syn_grains16_1,zlpng,7,1,440429,785918,7416088,1016060,1,1,3,"[7382317,7429808,7416088]","[1017573,1016060,1013637]"
syn_grains16_1,zlpng,7,8,440429,785918,2964444,625662,1,1,3,"[3279508,2964444,2934990]","[743409,625662,469257]"
syn_grains16_1,zlpng,8,1,390480,785918,10785733,1005474,1,1,3,"[10774876,10785733,10789950]","[1006686,1005474,1004973]"
syn_grains16_1,zlpng,8,8,390480,785918,4088327,722238,1,1,3,"[4088327,3837500,4178543]","[722238,641315,725352]"
openmoji_1f955,original_zpng,0,1,33282,1527696,765673,587455,1,1,3,"[763239,767165,765673]","[587455,588016,586824]"
openmoji_1f955,png,0,1,28519,1527696,7883863,2597562,1,1,3,"[7883863,7883952,7835179]","[2597562,2598704,2597111]"
openmoji_1f955,zlpng,1,1,42979,1527696,482937,699263,1,1,3,"[489117,481826,482937]","[699263,696328,702748]"
openmoji_1f955,zlpng,1,8,42979,1527696,152810,203817,1,1,3,"[151789,152810,280211]","[199040,203817,364659]"
openmoji_1f955,zlpng,2,1,31030,1527696,457308,755558,1,1,3,"[453923,474595,457308]","[754867,773375,755558]"
openmoji_1f955,zlpng,2,8,31030,1527696,224658,248464,1,1,3,"[224658,138799,257548]","[326322,248464,212651]"
openmoji_1f955,zlpng,3,1,31642,1527696,496528,716018,1,1,3,"[496528,489638,500063]","[718782,712413,716018]"
openmoji_1f955,zlpng,3,8,31642,1527696,247883,306822,1,1,3,"[308584,235905,247883]","[306822,305781,311930]"
openmoji_1f955,zlpng,4,1,31750,1527696,554906,711702,1,1,3,"[563309,554906,539923]","[712623,711702,709098]"
openmoji_1f955,zlpng,4,8,31750,1527696,323557,309807,1,1,3,"[318790,345440,323557]","[241263,312791,309807]"
openmoji_1f955,zlpng,5,1,31169,1527696,1359447,716149,1,1,3,"[1359447,1355432,1369893]","[717500,712723,716149]"
openmoji_1f955,zlpng,5,8,31169,1527696,600645,304409,1,1,3,"[600645,692523,376867]","[309125,304409,163667]"
openmoji_1f955,zlpng,6,1,31133,1527696,1423143,718342,1,1,3,"[1419788,1423143,1439358]","[713495,722808,718342]"
openmoji_1f955,zlpng,6,8,31133,1527696,680715,309166,1,1,3,"[633414,680715,684822]","[419541,309166,307503]"
openmoji_1f955,zlpng,7,1,30800,1527696,1869215,689488,1,1,3,"[1865880,1869215,1893853]","[689488,686184,692252]"
openmoji_1f955,zlpng,7,8,30800,1527696,614855,278299,1,1,3,"[614855,565892,867607]","[302976,158619,278299]"
openmoji_1f955,zlpng,8,1,22894,1527696,14015727,682388,1,1,3,"[14007725,14015727,14103629]","[685121,682368,682388]"
openmoji_1f955,zlpng,8,8,22894,1527696,2717212,295485,1,1,3,"[2645324,2717212,3251015]","[305099,295485,279080]"
r3_cp_exampleilluminationcorrection_0,original_zpng,0,1,1311926,2752512,7208666,2691323,1,1,3,"[7207203,7223749,7208666]","[2678034,2722480,2691323]"
r3_cp_exampleilluminationcorrection_0,png,0,1,1302792,2752512,241667117,10410628,1,1,3,"[242643047,241667117,241257440]","[10889519,10398580,10410628]"
r3_cp_exampleilluminationcorrection_0,zlpng,1,1,1442698,2752512,5027031,2834108,1,1,3,"[5100030,5023795,5027031]","[3002883,2834108,2819045]"
r3_cp_exampleilluminationcorrection_0,zlpng,1,8,1442698,2752512,1231174,543549,1,1,3,"[1231174,1417775,1042119]","[595306,543549,534075]"
r3_cp_exampleilluminationcorrection_0,zlpng,2,1,1220073,2752512,10462336,3964460,1,1,3,"[11067427,10356015,10462336]","[4253145,3957270,3964460]"
r3_cp_exampleilluminationcorrection_0,zlpng,2,8,1220073,2752512,3026258,832644,1,1,3,"[3045857,2439223,3026258]","[845884,832644,824481]"
r3_cp_exampleilluminationcorrection_0,zlpng,3,1,1218513,2752512,13029461,3882157,1,1,3,"[13029461,12814438,13466700]","[3881565,3882157,3896528]"
r3_cp_exampleilluminationcorrection_0,zlpng,3,8,1218513,2752512,3002702,807155,1,1,3,"[3677117,3002702,2647026]","[829289,807155,801467]"
r3_cp_exampleilluminationcorrection_0,zlpng,4,1,1218513,2752512,13354621,3893092,1,1,3,"[12783701,13361202,13354621]","[3879593,3898971,3893092]"
r3_cp_exampleilluminationcorrection_0,zlpng,4,8,1218513,2752512,3162422,825033,1,1,3,"[3162422,2948650,3241682]","[906114,825033,814727]"
r3_cp_exampleilluminationcorrection_0,zlpng,5,1,1191682,2752512,23492648,3857700,1,1,3,"[24427186,23492648,23420179]","[3891120,3857700,3849858]"
r3_cp_exampleilluminationcorrection_0,zlpng,5,8,1191682,2752512,5658342,902489,1,1,3,"[5700625,5658342,5500954]","[902489,920847,883871]"
r3_cp_exampleilluminationcorrection_0,zlpng,6,1,1191654,2752512,23781474,3880364,1,1,3,"[23781474,23692870,24408498]","[3885942,3880364,3874105]"
r3_cp_exampleilluminationcorrection_0,zlpng,6,8,1191654,2752512,5510809,891002,1,1,3,"[5510809,5368224,5760866]","[891002,881257,894918]"
r3_cp_exampleilluminationcorrection_0,zlpng,7,1,1191334,2752512,24997295,3875687,1,1,3,"[25110525,24453956,24997295]","[3875687,3875927,3866813]"
r3_cp_exampleilluminationcorrection_0,zlpng,7,8,1191334,2752512,5876439,930742,1,1,3,"[5597750,5933906,5876439]","[930742,919385,937742]"
r3_cp_exampleilluminationcorrection_0,zlpng,8,1,1005915,2752512,38364114,3034540,1,1,3,"[38364114,38572257,38305165]","[3033498,3189033,3034540]"
r3_cp_exampleilluminationcorrection_0,zlpng,8,8,1005915,2752512,7573876,700085,1,1,3,"[7728259,7345532,7573876]","[741707,700085,697421]"
cbsd68_0014,original_zpng,0,1,248552,463203,998484,426022,1,1,3,"[1000236,997402,998484]","[426022,428155,425911]"
cbsd68_0014,png,0,1,295150,463203,23992221,2632824,1,1,3,"[23992221,24213814,23970238]","[2642550,2632824,2630472]"
cbsd68_0014,zlpng,1,1,220279,463203,779404,349226,1,1,3,"[784832,773174,779404]","[349226,345300,349476]"
cbsd68_0014,zlpng,1,8,220279,463203,723609,342425,1,1,3,"[724000,723609,462267]","[380113,341094,342425]"
cbsd68_0014,zlpng,2,1,226403,463203,935740,495225,1,1,3,"[935740,925634,941729]","[495225,492622,498530]"
cbsd68_0014,zlpng,2,8,226403,463203,764912,425360,1,1,3,"[764912,679623,820276]","[284428,448886,425360]"
cbsd68_0014,zlpng,3,1,230876,463203,1396873,520393,1,1,3,"[1400610,1396873,1391956]","[516998,520524,520393]"
cbsd68_0014,zlpng,3,8,230876,463203,885253,484340,1,1,3,"[880336,895288,885253]","[484340,303247,498871]"
cbsd68_0014,zlpng,4,1,239020,463203,1752499,598541,1,1,3,"[1757567,1752048,1752499]","[598541,600936,598281]"
cbsd68_0014,zlpng,4,8,239020,463203,1150423,545261,1,1,3,"[1150423,1026276,1391376]","[550839,349646,545261]"
cbsd68_0014,zlpng,5,1,228519,463203,2921650,540113,1,1,3,"[2921650,2923613,2919276]","[536868,541516,540113]"
cbsd68_0014,zlpng,5,8,228519,463203,1723896,511801,1,1,3,"[1868785,1723896,1706259]","[517499,511801,496648]"
cbsd68_0014,zlpng,6,1,227784,463203,3556897,528656,1,1,3,"[3562084,3535464,3556897]","[529387,528656,527214]"
cbsd68_0014,zlpng,6,8,227784,463203,2106853,504230,1,1,3,"[2103298,2106853,2221265]","[310367,505992,504230]"
cbsd68_0014,zlpng,7,1,227072,463203,4019083,524059,1,1,3,"[4041196,4014295,4019083]","[526162,523499,524059]"
cbsd68_0014,zlpng,7,8,227072,463203,2412603,490048,1,1,3,"[2418382,2404341,2412603]","[310107,503799,490048]"
cbsd68_0014,zlpng,8,1,209374,463203,16925218,1836405,1,1,3,"[16925218,16968053,16891868]","[1846741,1825149,1836405]"
cbsd68_0014,zlpng,8,8,209374,463203,9933439,1287980,1,1,3,"[9997946,9908111,9933439]","[1287980,1342562,1232897]"
cbsd68_0028,original_zpng,0,1,241349,463203,1013967,438971,1,1,3,"[1017463,1013967,1010422]","[439291,438140,438971]"
cbsd68_0028,png,0,1,273354,463203,25160841,2681368,1,1,3,"[25215533,25160841,25146900]","[2681368,2689750,2660807]"
cbsd68_0028,zlpng,1,1,208440,463203,903010,370638,1,1,3,"[903130,903010,889759]","[371690,370638,368855]"
cbsd68_0028,zlpng,1,8,208440,463203,641466,221834,1,1,3,"[641466,807546,619543]","[221834,222515,219991]"
cbsd68_0028,zlpng,2,1,211714,463203,1018524,530078,1,1,3,"[1018524,1017382,1019346]","[532101,529568,530078]"
cbsd68_0028,zlpng,2,8,211714,463203,892384,508265,1,1,3,"[892384,928268,764291]","[508265,447764,536097]"
cbsd68_0028,zlpng,3,1,215648,463203,1456564,530840,1,1,3,"[1456564,1449673,1457405]","[530840,531651,527955]"
cbsd68_0028,zlpng,3,8,215648,463203,955399,508145,1,1,3,"[949159,955399,1026526]","[543238,508145,306101]"
cbsd68_0028,zlpng,4,1,222718,463203,1690576,581756,1,1,3,"[1690576,1679279,1695363]","[580734,581756,584370]"
cbsd68_0028,zlpng,4,8,222718,463203,1130994,536808,1,1,3,"[1339097,1130994,1101388]","[555376,536808,526984]"
cbsd68_0028,zlpng,5,1,213028,463203,2919627,537810,1,1,3,"[2932637,2919627,2894449]","[539262,535686,537810]"
cbsd68_0028,zlpng,5,8,213028,463203,1690646,521416,1,1,3,"[1675083,1692809,1690646]","[534895,521416,493202]"
cbsd68_0028,zlpng,6,1,211967,463203,3634934,524620,1,1,3,"[3634934,3613111,3645339]","[524620,521976,527564]"
cbsd68_0028,zlpng,6,8,211967,463203,2121364,483128,1,1,3,"[2121364,2233594,2086612]","[328075,489777,483128]"
cbsd68_0028,zlpng,7,1,210929,463203,4094336,516658,1,1,3,"[4111982,4094336,4089669]","[516658,517760,515937]"
cbsd68_0028,zlpng,7,8,210929,463203,2367465,502397,1,1,3,"[2378842,2367465,2359904]","[505842,468596,502397]"
cbsd68_0028,zlpng,8,1,197816,463203,17310078,1731107,1,1,3,"[17299222,17375978,17310078]","[1727551,1735734,1731107]"
cbsd68_0028,zlpng,8,8,197816,463203,9459024,1038264,1,1,3,"[9527918,9440768,9459024]","[1038264,1038043,1045835]"
openmoji_1f308,original_zpng,0,1,63109,1527696,994317,720384,1,1,3,"[994317,994597,988268]","[724581,720384,718712]"
openmoji_1f308,png,0,1,45466,1527696,8936558,2720167,1,1,3,"[8871911,8936558,9066363]","[2716000,2723792,2720167]"
openmoji_1f308,zlpng,1,1,68972,1527696,620915,697620,1,1,3,"[627856,620915,620705]","[702057,697620,696669]"
openmoji_1f308,zlpng,1,8,68972,1527696,248965,290498,1,1,3,"[373983,248965,190687]","[174032,294313,290498]"
openmoji_1f308,zlpng,2,1,54444,1527696,607725,782338,1,1,3,"[606544,608907,607725]","[783269,782218,782338]"
openmoji_1f308,zlpng,2,8,54444,1527696,357839,351299,1,1,3,"[186851,357839,380794]","[182115,363147,351299]"
openmoji_1f308,zlpng,3,1,56661,1527696,687245,824913,1,1,3,"[697811,687245,678321]","[827927,824581,824913]"
openmoji_1f308,zlpng,3,8,56661,1527696,222845,194393,1,1,3,"[222845,210457,386181]","[346442,187242,194393]"
openmoji_1f308,zlpng,4,1,56683,1527696,751532,840816,1,1,3,"[751532,768777,745543]","[839284,842648,840816]"
openmoji_1f308,zlpng,4,8,56683,1527696,438360,294654,1,1,3,"[441665,438360,408846]","[322495,294654,291780]"
openmoji_1f308,zlpng,5,1,55813,1527696,2418912,795328,1,1,3,"[2422247,2418912,2404351]","[797051,793265,795328]"
openmoji_1f308,zlpng,5,8,55813,1527696,1094318,288765,1,1,3,"[1259036,711051,1094318]","[288765,240953,338199]"
openmoji_1f308,zlpng,6,1,55715,1527696,2567907,793635,1,1,3,"[2852165,2553235,2567907]","[855428,792373,793635]"
openmoji_1f308,zlpng,6,8,55715,1527696,868028,287763,1,1,3,"[1116431,780655,868028]","[338870,188664,287763]"
openmoji_1f308,zlpng,7,1,53956,1527696,3278968,770621,1,1,3,"[3278968,3282873,3276474]","[769248,771532,770621]"
openmoji_1f308,zlpng,7,8,53956,1527696,1193307,259381,1,1,3,"[1427119,1193307,918833]","[259381,327964,185149]"
openmoji_1f308,zlpng,8,1,39861,1527696,15073981,751011,1,1,3,"[15073981,14964626,15203466]","[752123,749158,751011]"
openmoji_1f308,zlpng,8,8,39861,1527696,3380882,317729,1,1,3,"[4043069,2965716,3380882]","[312721,317729,358991]"
r3_syn_localized_islands_1,original_zpng,0,1,7098,787456,269636,249616,1,1,3,"[290658,269636,269525]","[263817,249616,241643]"
r3_syn_localized_islands_1,png,0,1,8852,787456,4095197,1405307,1,1,3,"[4095197,4097921,4079343]","[1406018,1405307,1397325]"
r3_syn_localized_islands_1,zlpng,1,1,9779,787456,210377,568866,1,1,3,"[220743,210377,205559]","[610830,568866,564010]"
r3_syn_localized_islands_1,zlpng,1,8,9779,787456,222965,400594,1,1,3,"[213451,223967,222965]","[227763,409447,400594]"
r3_syn_localized_islands_1,zlpng,2,1,7719,787456,352461,609598,1,1,3,"[356347,352461,348275]","[609528,613013,609598]"
r3_syn_localized_islands_1,zlpng,2,8,7719,787456,317237,346011,1,1,3,"[317237,433833,223287]","[436126,237147,346011]"
r3_syn_localized_islands_1,zlpng,3,1,7486,787456,378410,611611,1,1,3,"[372481,378410,379802]","[605211,611611,612102]"
r3_syn_localized_islands_1,zlpng,3,8,7486,787456,333532,450268,1,1,3,"[333532,307904,660896]","[450268,440453,454805]"
r3_syn_localized_islands_1,zlpng,4,1,7486,787456,375255,607294,1,1,3,"[366552,375255,375676]","[647285,605682,607294]"
r3_syn_localized_islands_1,zlpng,4,8,7486,787456,447784,253512,1,1,3,"[645813,298560,447784]","[261744,230898,253512]"
r3_syn_localized_islands_1,zlpng,5,1,6941,787456,1404786,597159,1,1,3,"[1414860,1393779,1404786]","[597159,598732,596728]"
r3_syn_localized_islands_1,zlpng,5,8,6941,787456,1123142,232530,1,1,3,"[1123142,724421,1544906]","[445691,232530,225059]"
r3_syn_localized_islands_1,zlpng,6,1,6941,787456,1413078,598742,1,1,3,"[1406318,1413078,1416393]","[600254,597150,598742]"
r3_syn_localized_islands_1,zlpng,6,8,6941,787456,1025915,429968,1,1,3,"[1542412,892905,1025915]","[419191,447274,429968]"
r3_syn_localized_islands_1,zlpng,7,1,6941,787456,1409573,597970,1,1,3,"[1420780,1409573,1389362]","[597970,601305,595307]"
r3_syn_localized_islands_1,zlpng,7,8,6941,787456,1222912,438580,1,1,3,"[1468612,1222912,712853]","[449346,438580,276367]"
r3_syn_localized_islands_1,zlpng,8,1,4701,787456,4045061,577950,1,1,3,"[4103460,4013444,4045061]","[576368,577950,580153]"
r3_syn_localized_islands_1,zlpng,8,8,4701,787456,2036587,225129,1,1,3,"[2036587,1438336,2040073]","[429407,225129,222585]"
r3_fluent_microscope,original_zpng,0,1,29043,262144,320262,176025,1,1,3,"[320914,318570,320262]","[182404,174934,176025]"
r3_fluent_microscope,png,0,1,28139,262144,4379966,535987,1,1,3,"[4379966,4379816,4389650]","[535987,538641,535346]"
r3_fluent_microscope,zlpng,1,1,30862,262144,230036,155645,1,1,3,"[230036,230257,227212]","[154143,155824,155645]"
r3_fluent_microscope,zlpng,1,8,30862,262144,232921,153982,1,1,3,"[234183,228314,232921]","[156826,153661,153982]"
r3_fluent_microscope,zlpng,2,1,30095,262144,238029,195935,1,1,3,"[238029,235986,240402]","[195935,196135,194753]"
r3_fluent_microscope,zlpng,2,8,30095,262144,239401,195615,1,1,3,"[239401,229345,239881]","[197357,191068,195615]"
r3_fluent_microscope,zlpng,3,1,30076,262144,288044,186601,1,1,3,"[287683,288044,291029]","[188694,185760,186601]"
r3_fluent_microscope,zlpng,3,8,30076,262144,288584,185028,1,1,3,"[288584,287043,292250]","[185319,185028,184859]"
r3_fluent_microscope,zlpng,4,1,30227,262144,302235,191569,1,1,3,"[302235,300954,312561]","[191569,191358,197357]"
r3_fluent_microscope,zlpng,4,8,30227,262144,305310,189345,1,1,3,"[305310,298790,311069]","[189345,188885,190577]"
r3_fluent_microscope,zlpng,5,1,29480,262144,853936,184167,1,1,3,"[856871,852835,853936]","[185509,184167,183636]"
r3_fluent_microscope,zlpng,5,8,29480,262144,853716,186681,1,1,3,"[853716,848138,856750]","[186681,184367,199831]"
r3_fluent_microscope,zlpng,6,1,29102,262144,1059706,181082,1,1,3,"[1058404,1061269,1059706]","[181082,182274,180872]"
r3_fluent_microscope,zlpng,6,8,29102,262144,1052495,180111,1,1,3,"[1052725,1052495,1036020]","[180021,180121,180111]"
r3_fluent_microscope,zlpng,7,1,28638,262144,1183042,175795,1,1,3,"[1183042,1178765,1189681]","[176756,175524,175795]"
r3_fluent_microscope,zlpng,7,8,28638,262144,1171143,175104,1,1,3,"[1171143,1163613,1184734]","[175104,174563,176556]"
r3_fluent_microscope,zlpng,8,1,24329,262144,4829593,295465,1,1,3,"[4847580,4821231,4829593]","[290918,296466,295465]"
r3_fluent_microscope,zlpng,8,8,24329,262144,4788311,294313,1,1,3,"[4788311,4855742,4783804]","[295215,290177,294313]"
cbsd68_0017,original_zpng,0,1,202513,463203,1069340,462056,1,1,3,"[1066476,1069340,1071413]","[461615,462326,462056]"
cbsd68_0017,png,0,1,249059,463203,24791885,2405482,1,1,3,"[24785696,24831405,24791885]","[2405482,2406835,2403489]"
cbsd68_0017,zlpng,1,1,180679,463203,816450,357608,1,1,3,"[821797,816450,814617]","[358771,357608,356226]"
cbsd68_0017,zlpng,1,8,180679,463203,649048,343287,1,1,3,"[767266,649048,487474]","[358560,216586,343287]"
cbsd68_0017,zlpng,2,1,183683,463203,941869,522807,1,1,3,"[950311,941869,928879]","[524620,522807,520323]"
cbsd68_0017,zlpng,2,8,183683,463203,854987,475016,1,1,3,"[870131,854987,848368]","[306662,475016,485000]"
cbsd68_0017,zlpng,3,1,186043,463203,1275190,520504,1,1,3,"[1272546,1275190,1277784]","[520504,519783,520524]"
cbsd68_0017,zlpng,3,8,186043,463203,871883,482466,1,1,3,"[1216502,871883,853465]","[482066,482466,490739]"
cbsd68_0017,zlpng,4,1,191935,463203,1476193,563178,1,1,3,"[1476193,1479027,1474581]","[562978,563178,566303]"
cbsd68_0017,zlpng,4,8,191935,463203,803660,528316,1,1,3,"[784331,1138113,803660]","[548776,317037,528316]"
cbsd68_0017,zlpng,5,1,183637,463203,2700537,526693,1,1,3,"[2694227,2700537,2711803]","[525902,526693,528956]"
cbsd68_0017,zlpng,5,8,183637,463203,1732870,485150,1,1,3,"[1562012,1732870,2026441]","[485150,513122,358921]"
cbsd68_0017,zlpng,6,1,182355,463203,3428974,512182,1,1,3,"[3456765,3428974,3407401]","[512182,510399,514285]"
cbsd68_0017,zlpng,6,8,182355,463203,1912500,482166,1,1,3,"[1912500,2175436,1905390]","[515697,482166,467804]"
cbsd68_0017,zlpng,7,1,180970,463203,3887284,499412,1,1,3,"[3871771,3887284,3893112]","[501876,499412,498220]"
cbsd68_0017,zlpng,7,8,180970,463203,2345222,459122,1,1,3,"[2468397,2160884,2345222]","[459122,286031,478461]"
cbsd68_0017,zlpng,8,1,162549,463203,16481320,1545808,1,1,3,"[16493358,16481320,16441440]","[1545808,1540801,1546649]"
cbsd68_0017,zlpng,8,8,162549,463203,9587157,1112616,1,1,3,"[9585766,9587157,9587468]","[806845,1345717,1112616]"
r3_syn_misregistered_bands_0,original_zpng,0,1,492240,593670,464230,364278,1,1,3,"[467034,464230,461806]","[365370,364278,363017]"
r3_syn_misregistered_bands_0,png,0,1,478200,593670,20106509,3204917,1,1,3,"[20106509,20119419,20054050]","[3204917,3209102,3202483]"
r3_syn_misregistered_bands_0,zlpng,1,1,430151,593670,440424,240653,1,1,3,"[440424,441404,435105]","[241994,238990,240653]"
r3_syn_misregistered_bands_0,zlpng,1,8,430151,593670,448826,242295,1,1,3,"[239962,448826,457299]","[132980,242295,246641]"
r3_syn_misregistered_bands_0,zlpng,2,1,137717,593670,961648,251269,1,1,3,"[959545,961648,961799]","[251269,248114,254213]"
r3_syn_misregistered_bands_0,zlpng,2,8,137717,593670,779204,245079,1,1,3,"[779204,618852,1084413]","[241143,245079,252821]"
r3_syn_misregistered_bands_0,zlpng,3,1,137717,593670,1164453,252330,1,1,3,"[1175330,1160507,1164453]","[254483,250948,252330]"
r3_syn_misregistered_bands_0,zlpng,3,8,137717,593670,979225,264729,1,1,3,"[980116,776099,979225]","[282435,264729,260633]"
r3_syn_misregistered_bands_0,zlpng,4,1,137717,593670,1250003,252571,1,1,3,"[1263492,1249332,1250003]","[252571,251789,253281]"
r3_syn_misregistered_bands_0,zlpng,4,8,137717,593670,1242521,138910,1,1,3,"[1350254,1242521,823951]","[184277,138910,124337]"
r3_syn_misregistered_bands_0,zlpng,5,1,137709,593670,1875364,254363,1,1,3,"[1875565,1875364,1873492]","[250928,254363,254483]"
r3_syn_misregistered_bands_0,zlpng,5,8,137709,593670,1403413,259140,1,1,3,"[1743275,1403413,948258]","[259140,142184,264689]"
r3_syn_misregistered_bands_0,zlpng,6,1,137709,593670,2236938,253092,1,1,3,"[2236938,2245681,2215666]","[254654,252250,253092]"
r3_syn_misregistered_bands_0,zlpng,6,8,137709,593670,1456463,135744,1,1,3,"[1155870,1807002,1456463]","[262195,135744,134553]"
r3_syn_misregistered_bands_0,zlpng,7,1,137709,593670,2689380,252821,1,1,3,"[2689380,2694508,2680797]","[252821,254393,251820]"
r3_syn_misregistered_bands_0,zlpng,7,8,137709,593670,2122517,230827,1,1,3,"[2184610,1806731,2122517]","[166171,257879,230827]"
r3_syn_misregistered_bands_0,zlpng,8,1,137709,593670,6562713,253842,1,1,3,"[6562713,6550314,6590465]","[255194,251779,253842]"
r3_syn_misregistered_bands_0,zlpng,8,8,137709,593670,3643496,251709,1,1,3,"[3643496,3716197,3092808]","[251789,140231,251709]"
r3_syn_triangular_color_1,original_zpng,0,1,27595,1181184,670570,601776,1,1,3,"[666854,670910,670570]","[604310,601776,601276]"
r3_syn_triangular_color_1,png,0,1,19652,1181184,8343104,1335812,1,1,3,"[8372508,8343104,7058770]","[1335812,1335762,1337284]"
r3_syn_triangular_color_1,zlpng,1,1,42167,1181184,433773,717070,1,1,3,"[431409,433773,436848]","[717070,720845,716409]"
r3_syn_triangular_color_1,zlpng,1,8,42167,1181184,241023,233661,1,1,3,"[247913,134402,241023]","[356617,212210,233661]"
r3_syn_triangular_color_1,zlpng,2,1,42742,1181184,687245,931913,1,1,3,"[688547,683600,687245]","[931913,927857,932614]"
r3_syn_triangular_color_1,zlpng,2,8,42742,1181184,340904,304518,1,1,3,"[340904,340122,343056]","[304518,296216,449607]"
r3_syn_triangular_color_1,zlpng,3,1,34291,1181184,611131,879775,1,1,3,"[611131,616919,605322]","[879775,879705,884061]"
r3_syn_triangular_color_1,zlpng,3,8,34291,1181184,318219,291719,1,1,3,"[318219,321874,166131]","[291719,425981,215564]"
r3_syn_triangular_color_1,zlpng,4,1,34399,1181184,641977,884983,1,1,3,"[637100,646624,641977]","[883721,884983,885884]"
r3_syn_triangular_color_1,zlpng,4,8,34399,1181184,339171,432542,1,1,3,"[339171,343177,330348]","[432542,440553,416367]"
r3_syn_triangular_color_1,zlpng,5,1,28856,1181184,1544516,851913,1,1,3,"[1545918,1544516,1541541]","[851913,851873,853325]"
r3_syn_triangular_color_1,zlpng,5,8,28856,1181184,379943,219010,1,1,3,"[758552,379943,379020]","[416587,215334,219010]"
r3_syn_triangular_color_1,zlpng,6,1,20989,1181184,1760531,753034,1,1,3,"[1760531,1749595,1772479]","[752763,753034,753735]"
r3_syn_triangular_color_1,zlpng,6,8,20989,1181184,565222,193631,1,1,3,"[570379,565222,434154]","[361925,193631,192040]"
r3_syn_triangular_color_1,zlpng,7,1,23360,1181184,1959972,783690,1,1,3,"[1969286,1959972,1952400]","[783690,784071,781567]"
r3_syn_triangular_color_1,zlpng,7,8,23360,1181184,802879,381875,1,1,3,"[1255450,467945,802879]","[382445,198198,381875]"
r3_syn_triangular_color_1,zlpng,8,1,15417,1181184,17552774,1271444,1,1,3,"[17447575,17554746,17552774]","[1271174,1280839,1271444]"
r3_syn_triangular_color_1,zlpng,8,8,15417,1181184,4608410,634275,1,1,3,"[4093534,4862523,4608410]","[525432,634275,634826]"
r3_dicom_ect_supplemental_f0,original_zpng,0,1,61451,524288,636148,329396,1,1,3,"[632752,636329,636148]","[325600,330047,329396]"
r3_dicom_ect_supplemental_f0,png,0,1,55574,524288,11645878,1741242,1,1,3,"[11641862,12411291,11645878]","[1734442,1744978,1741242]"
r3_dicom_ect_supplemental_f0,zlpng,1,1,54854,524288,474955,453993,1,1,3,"[474955,481084,473704]","[457098,453493,453993]"
r3_dicom_ect_supplemental_f0,zlpng,1,8,54854,524288,608706,264349,1,1,3,"[690179,443087,608706]","[421034,262996,264349]"
r3_dicom_ect_supplemental_f0,zlpng,2,1,53655,524288,1033476,610339,1,1,3,"[1034167,1033476,1022169]","[610099,613494,610339]"
r3_dicom_ect_supplemental_f0,zlpng,2,8,53655,524288,1121639,570729,1,1,3,"[1121639,931302,1138704]","[570729,347193,701527]"
r3_dicom_ect_supplemental_f0,zlpng,3,1,50350,524288,840656,506142,1,1,3,"[840656,841758,837081]","[506583,504069,506142]"
r3_dicom_ect_supplemental_f0,zlpng,3,8,50350,524288,1246837,282085,1,1,3,"[1246837,1411375,681276]","[576589,282085,277778]"
r3_dicom_ect_supplemental_f0,zlpng,4,1,50350,524288,830601,498100,1,1,3,"[837131,827667,830601]","[498821,498100,495095]"
r3_dicom_ect_supplemental_f0,zlpng,4,8,50350,524288,1103462,512812,1,1,3,"[631431,1103462,1158695]","[279862,512812,542838]"
r3_dicom_ect_supplemental_f0,zlpng,5,1,47382,524288,2319513,487204,1,1,3,"[2298070,2322537,2319513]","[484870,487204,489617]"
r3_dicom_ect_supplemental_f0,zlpng,5,8,47382,524288,2272753,348695,1,1,3,"[2319272,1676906,2272753]","[348695,501545,277538]"
r3_dicom_ect_supplemental_f0,zlpng,6,1,47382,524288,2330590,482497,1,1,3,"[2318121,2344931,2330590]","[480303,482497,487234]"
r3_dicom_ect_supplemental_f0,zlpng,6,8,47382,524288,2034153,530539,1,1,3,"[2414326,1640110,2034153]","[566904,530539,290928]"
r3_dicom_ect_supplemental_f0,zlpng,7,1,47382,524288,2334165,485601,1,1,3,"[2334165,2333654,2360986]","[484429,485601,487144]"
r3_dicom_ect_supplemental_f0,zlpng,7,8,47382,524288,2083238,479953,1,1,3,"[2083238,2555639,1900663]","[528656,304639,479953]"
r3_dicom_ect_supplemental_f0,zlpng,8,1,37591,524288,7935450,793395,1,1,3,"[7935450,7903963,7946517]","[796940,793395,792874]"
r3_dicom_ect_supplemental_f0,zlpng,8,8,37591,524288,4652116,885985,1,1,3,"[4961782,4652116,4438994]","[902119,885985,613614]"
sk_grass,original_zpng,0,1,222211,262144,217648,178098,1,1,3,"[215905,217648,217757]","[181323,178098,176896]"
sk_grass,png,0,1,215700,262144,6461040,1549423,1,1,3,"[6475963,6457905,6461040]","[1553529,1546579,1549423]"
sk_grass,zlpng,1,1,217114,262144,214944,366592,1,1,3,"[219941,214944,202384]","[371009,366592,363358]"
sk_grass,zlpng,1,8,217114,262144,204347,365120,1,1,3,"[204347,199801,209796]","[367113,362446,365120]"
sk_grass,zlpng,2,1,216459,262144,155254,435917,1,1,3,"[155254,158989,153301]","[435576,437298,435917]"
sk_grass,zlpng,2,8,216459,262144,155334,435216,1,1,3,"[162185,155113,155334]","[437008,435216,434544]"
sk_grass,zlpng,3,1,216459,262144,158769,434314,1,1,3,"[157927,158769,163296]","[434314,433783,438250]"
sk_grass,zlpng,3,8,216459,262144,163195,436167,1,1,3,"[162465,170988,163195]","[435946,436868,436167]"
sk_grass,zlpng,4,1,216459,262144,161413,434154,1,1,3,"[163626,161413,161122]","[435015,434154,434014]"
sk_grass,zlpng,4,8,216459,262144,161623,437078,1,1,3,"[161623,161283,172059]","[437078,434113,438530]"
sk_grass,zlpng,5,1,216459,262144,182325,436317,1,1,3,"[184328,182325,178979]","[436317,433633,436378]"
sk_grass,zlpng,5,8,216459,262144,182946,435566,1,1,3,"[182946,187773,181704]","[435566,438931,434093]"
sk_grass,zlpng,6,1,216459,262144,187052,436357,1,1,3,"[195114,187052,185790]","[438510,436357,436006]"
sk_grass,zlpng,6,8,216459,262144,187322,437399,1,1,3,"[187432,187322,185960]","[437399,437729,433703]"
sk_grass,zlpng,7,1,216459,262144,200292,435246,1,1,3,"[200292,201954,194834]","[435246,435516,433713]"
sk_grass,zlpng,7,8,216459,262144,197046,436788,1,1,3,"[207723,197046,194092]","[440093,436788,436077]"
sk_grass,zlpng,8,1,216975,262144,2956843,496258,1,1,3,"[2988460,2956843,2943903]","[496087,496838,496258]"
sk_grass,zlpng,8,8,216975,262144,2957985,497139,1,1,3,"[2957985,2989642,2954640]","[496397,497139,500343]"
cbsd68_0035,original_zpng,0,1,291400,463203,782108,369156,1,1,3,"[777000,784071,782108]","[369076,369156,375666]"
cbsd68_0035,png,0,1,389012,463203,15681956,2067614,1,1,3,"[15662367,15756439,15681956]","[2067323,2075165,2067614]"
cbsd68_0035,zlpng,1,1,260710,463203,516438,322055,1,1,3,"[516438,509257,552822]","[320723,322055,344238]"
cbsd68_0035,zlpng,1,8,260710,463203,659022,336517,1,1,3,"[730229,659022,330208]","[176246,336517,346021]"
cbsd68_0035,zlpng,2,1,275829,463203,775227,550219,1,1,3,"[775227,770831,829239]","[550219,550199,588797]"
cbsd68_0035,zlpng,2,8,275829,463203,591130,505691,1,1,3,"[836520,415876,591130]","[514575,310828,505691]"
cbsd68_0035,zlpng,3,1,278714,463203,1253689,560283,1,1,3,"[1247840,1253689,1263143]","[558531,560283,560654]"
cbsd68_0035,zlpng,3,8,278714,463203,824412,528195,1,1,3,"[717020,824412,1153557]","[441825,528195,536498]"
cbsd68_0035,zlpng,4,1,281060,463203,1426839,594385,1,1,3,"[1432387,1426839,1421751]","[594385,590109,630189]"
cbsd68_0035,zlpng,4,8,281060,463203,897271,542547,1,1,3,"[841938,1077773,897271]","[559823,542547,538741]"
cbsd68_0035,zlpng,5,1,274366,463203,2207775,559252,1,1,3,"[2194886,2207775,2259322]","[553814,559252,595057]"
cbsd68_0035,zlpng,5,8,274366,463203,1259697,516848,1,1,3,"[1258305,1517445,1259697]","[311779,522216,516848]"
cbsd68_0035,zlpng,6,1,274198,463203,2587296,549287,1,1,3,"[2583431,2587296,2767849]","[547324,549287,594064]"
cbsd68_0035,zlpng,6,8,274198,463203,1475572,553603,1,1,3,"[1536865,1475572,1466419]","[345360,723380,553603]"
cbsd68_0035,zlpng,7,1,273783,463203,3105466,548426,1,1,3,"[3105466,3092788,3311407]","[551090,547084,548426]"
cbsd68_0035,zlpng,7,8,273783,463203,1887503,527635,1,1,3,"[2117930,1784998,1887503]","[312671,539913,527635]"
cbsd68_0035,zlpng,8,1,256497,463203,5614045,538231,1,1,3,"[5611370,5634375,5614045]","[535677,541074,538231]"
cbsd68_0035,zlpng,8,8,256497,463203,3181331,516168,1,1,3,"[3181331,3172848,3332448]","[524199,516168,483238]"
r3_dicom_emri_small_f5,original_zpng,0,1,4749,8192,20121,9023,1,1,3,"[20972,19279,20121]","[9704,8823,9023]"
r3_dicom_emri_small_f5,png,0,1,4687,8192,323327,47101,1,1,3,"[326381,323327,318499]","[51858,47101,45008]"
r3_dicom_emri_small_f5,zlpng,1,1,5120,8192,21523,12409,1,1,3,"[21913,17626,21523]","[12409,10306,12479]"
r3_dicom_emri_small_f5,zlpng,1,8,5120,8192,19670,11387,1,1,3,"[18528,21071,19670]","[10726,11918,11387]"
r3_dicom_emri_small_f5,zlpng,2,1,4586,8192,72910,17527,1,1,3,"[66801,73120,72910]","[15894,17807,17527]"
r3_dicom_emri_small_f5,zlpng,2,8,4586,8192,71257,16365,1,1,3,"[63205,72219,71257]","[16144,17536,16365]"
r3_dicom_emri_small_f5,zlpng,3,1,4586,8192,81082,16505,1,1,3,"[82263,81082,80000]","[17397,16505,16195]"
r3_dicom_emri_small_f5,zlpng,3,8,4586,8192,72309,16154,1,1,3,"[72309,68242,84547]","[16154,15654,16866]"
r3_dicom_emri_small_f5,zlpng,4,1,4586,8192,77336,16906,1,1,3,"[77336,79129,69384]","[19950,16906,16034]"
r3_dicom_emri_small_f5,zlpng,4,8,4586,8192,75334,16214,1,1,3,"[75334,69375,77026]","[16214,15964,16375]"
r3_dicom_emri_small_f5,zlpng,5,1,4583,8192,109284,16735,1,1,3,"[104017,109284,119891]","[16345,16735,18177]"
r3_dicom_emri_small_f5,zlpng,5,8,4583,8192,108683,16816,1,1,3,"[108564,108683,109715]","[16805,17195,16816]"
r3_dicom_emri_small_f5,zlpng,6,1,4583,8192,121833,16976,1,1,3,"[121833,122144,117057]","[16976,16915,19289]"
r3_dicom_emri_small_f5,zlpng,6,8,4583,8192,122504,16806,1,1,3,"[126851,115334,122504]","[18118,16695,16806]"
r3_dicom_emri_small_f5,zlpng,7,1,4583,8192,136235,16636,1,1,3,"[142975,133191,136235]","[18188,16475,16636]"
r3_dicom_emri_small_f5,zlpng,7,8,4583,8192,141684,16745,1,1,3,"[141953,120872,141684]","[17116,16465,16745]"
r3_dicom_emri_small_f5,zlpng,8,1,3743,8192,266311,12840,1,1,3,"[268895,257167,266311]","[13430,12399,12840]"
r3_dicom_emri_small_f5,zlpng,8,8,3743,8192,251038,11608,1,1,3,"[261534,250788,251038]","[12909,11507,11608]"
cbsd68_0020,original_zpng,0,1,192873,463203,1044023,455125,1,1,3,"[1045174,1044023,1043341]","[454575,457619,455125]"
cbsd68_0020,png,0,1,227340,463203,23322752,2378241,1,1,3,"[23322752,23299988,23359458]","[2378241,2373034,2378973]"
cbsd68_0020,zlpng,1,1,172533,463203,799203,361535,1,1,3,"[795318,800976,799203]","[361535,358801,362115]"
cbsd68_0020,zlpng,1,8,172533,463203,639964,210247,1,1,3,"[639964,771672,455366]","[212240,210247,209796]"
cbsd68_0020,zlpng,2,1,174076,463203,907697,514886,1,1,3,"[908047,903020,907697]","[514886,512542,515466]"
cbsd68_0020,zlpng,2,8,174076,463203,893445,477399,1,1,3,"[893445,900116,867226]","[529487,418821,477399]"
cbsd68_0020,zlpng,3,1,177600,463203,1275320,515377,1,1,3,"[1270173,1275320,1276201]","[514074,516318,515377]"
cbsd68_0020,zlpng,3,8,177600,463203,1080427,292661,1,1,3,"[1080427,1100347,688697]","[497689,292661,291720]"
cbsd68_0020,zlpng,4,1,183904,463203,1452587,557450,1,1,3,"[1463594,1452587,1450394]","[561045,556398,557450]"
cbsd68_0020,zlpng,4,8,183904,463203,1020978,564610,1,1,3,"[1020978,974307,1148850]","[566523,530710,564610]"
cbsd68_0020,zlpng,5,1,175529,463203,2666075,524560,1,1,3,"[2740357,2658283,2666075]","[525702,523128,524560]"
cbsd68_0020,zlpng,5,8,175529,463203,1459638,504029,1,1,3,"[1452898,1958700,1459638]","[513964,504029,300202]"
cbsd68_0020,zlpng,6,1,174296,463203,3341692,507144,1,1,3,"[3366240,3327821,3341692]","[507023,507144,509697]"
cbsd68_0020,zlpng,6,8,174296,463203,1994493,288124,1,1,3,"[1994493,2187244,1844308]","[287774,288124,480894]"
cbsd68_0020,zlpng,7,1,172999,463203,3814714,499732,1,1,3,"[3881936,3806983,3814714]","[499732,498591,500534]"
cbsd68_0020,zlpng,7,8,172999,463203,2118150,388756,1,1,3,"[2705744,2118150,2106192]","[471440,283908,388756]"
cbsd68_0020,zlpng,8,1,155271,463203,14912357,1486298,1,1,3,"[15022833,14912357,14907070]","[1485777,1486298,1487970]"
cbsd68_0020,zlpng,8,8,155271,463203,8097504,999315,1,1,3,"[8093849,8097504,8111836]","[999315,1141008,781336]"
cbsd68_0061,original_zpng,0,1,179642,463203,1098604,476738,1,1,3,"[1098604,1097943,1100818]","[481204,476738,476448]"
cbsd68_0061,png,0,1,225682,463203,25593663,1936126,1,1,3,"[25599451,25593663,25575525]","[1931829,1936126,1941233]"
cbsd68_0061,zlpng,1,1,167681,463203,835348,358180,1,1,3,"[836320,810500,835348]","[359321,354624,358180]"
cbsd68_0061,zlpng,1,8,167681,463203,771192,359331,1,1,3,"[649338,771192,773765]","[376426,359331,350638]"
cbsd68_0061,zlpng,2,1,169893,463203,904112,528336,1,1,3,"[898713,904112,905454]","[528336,530389,527785]"
cbsd68_0061,zlpng,2,8,169893,463203,807195,503669,1,1,3,"[813144,541475,807195]","[503669,476007,507324]"
cbsd68_0061,zlpng,3,1,171811,463203,1208099,513303,1,1,3,"[1208099,1215260,1195931]","[513664,513303,510509]"
cbsd68_0061,zlpng,3,8,171811,463203,838433,467554,1,1,3,"[743449,838433,1061799]","[486643,297187,467554]"
cbsd68_0061,zlpng,4,1,177433,463203,1370433,552372,1,1,3,"[1370433,1352036,1375010]","[552372,551610,553374]"
cbsd68_0061,zlpng,4,8,177433,463203,873145,520775,1,1,3,"[1342772,749018,873145]","[520775,523779,507935]"
cbsd68_0061,zlpng,5,1,169751,463203,2599024,518381,1,1,3,"[2628438,2593385,2599024]","[519543,518381,517910]"
cbsd68_0061,zlpng,5,8,169751,463203,1501171,507985,1,1,3,"[1475351,1501171,1589734]","[481455,511360,507985]"
cbsd68_0061,zlpng,6,1,168229,463203,3395673,503528,1,1,3,"[3347592,3395673,3527572]","[503528,503779,501115]"
cbsd68_0061,zlpng,6,8,168229,463203,2030518,468485,1,1,3,"[2060433,2030518,1959832]","[302946,471920,468485]"
cbsd68_0061,zlpng,7,1,166905,463203,3795636,492441,1,1,3,"[3852542,3795636,3781645]","[492932,492441,490148]"
cbsd68_0061,zlpng,7,8,166905,463203,2215787,457009,1,1,3,"[2503711,2207144,2215787]","[464009,457009,423137]"
cbsd68_0061,zlpng,8,1,147888,463203,14924595,1467379,1,1,3,"[14912888,14924595,14936524]","[1465257,1467379,1471897]"
cbsd68_0061,zlpng,8,8,147888,463203,8375153,767445,1,1,3,"[8365879,8375433,8375153]","[1265746,767445,767075]"
cbsd68_0019,original_zpng,0,1,201695,463203,1056702,444379,1,1,3,"[1056521,1056702,1057934]","[445992,444379,443908]"
cbsd68_0019,png,0,1,255498,463203,26381078,2553936,1,1,3,"[26381078,26373948,26656754]","[2548508,2553936,2560776]"
cbsd68_0019,zlpng,1,1,182697,463203,872504,357288,1,1,3,"[865373,872504,893416]","[354544,357288,371780]"
cbsd68_0019,zlpng,1,8,182697,463203,778292,340372,1,1,3,"[616669,843170,778292]","[336867,388104,340372]"
cbsd68_0019,zlpng,2,1,187024,463203,943461,528496,1,1,3,"[936891,943461,953156]","[527324,529758,528496]"
cbsd68_0019,zlpng,2,8,187024,463203,790701,481085,1,1,3,"[659113,802328,790701]","[481085,422096,486002]"
cbsd68_0019,zlpng,3,1,188982,463203,1279166,516868,1,1,3,"[1279166,1279127,1284555]","[518441,516868,516648]"
cbsd68_0019,zlpng,3,8,188982,463203,897591,471420,1,1,3,"[897591,1097162,778633]","[471420,301664,489757]"
cbsd68_0019,zlpng,4,1,194421,463203,1484446,569338,1,1,3,"[1484446,1471636,1487039]","[569197,570620,569338]"
cbsd68_0019,zlpng,4,8,194421,463203,1135791,406512,1,1,3,"[1190132,1135791,1118584]","[338080,528736,406512]"
cbsd68_0019,zlpng,5,1,186335,463203,2748909,531179,1,1,3,"[2734768,2748909,2867158]","[525962,531179,538091]"
cbsd68_0019,zlpng,5,8,186335,463203,1731507,443788,1,1,3,"[1731507,1931658,1708503]","[481455,443788,309877]"
cbsd68_0019,zlpng,6,1,184916,463203,3568243,513132,1,1,3,"[3568243,3564588,3584408]","[512322,513132,515216]"
cbsd68_0019,zlpng,6,8,184916,463203,2081074,451470,1,1,3,"[2093583,2049787,2081074]","[475576,451470,301374]"
cbsd68_0019,zlpng,7,1,183596,463203,3991220,501785,1,1,3,"[3991220,3987766,4002708]","[500964,501785,502407]"
cbsd68_0019,zlpng,7,8,183596,463203,2342207,453393,1,1,3,"[2330670,2342207,2356168]","[453393,293702,504390]"
cbsd68_0019,zlpng,8,1,163014,463203,15644510,1752118,1,1,3,"[15644510,15644329,15656067]","[1750246,1752118,1754492]"
cbsd68_0019,zlpng,8,8,163014,463203,8643216,1001358,1,1,3,"[8609996,8643216,8646081]","[1001358,1012414,996981]"
r3_fluent_house,original_zpng,0,1,45018,262144,443779,192940,1,1,3,"[443779,444018,440724]","[194924,192940,192160]"
r3_fluent_house,png,0,1,42594,262144,8350135,697390,1,1,3,"[8358648,8342764,8350135]","[703750,697390,697030]"
r3_fluent_house,zlpng,1,1,43228,262144,310308,148614,1,1,3,"[308455,310308,316627]","[148614,147863,149275]"
r3_fluent_house,zlpng,1,8,43228,262144,311289,147241,1,1,3,"[308205,312030,311289]","[147241,147452,146911]"
r3_fluent_house,zlpng,2,1,43537,262144,318500,204338,1,1,3,"[312681,318500,319311]","[203737,211699,204338]"
r3_fluent_house,zlpng,2,8,43537,262144,318219,203957,1,1,3,"[319982,318219,312260]","[203957,207122,203417]"
r3_fluent_house,zlpng,3,1,43673,262144,403197,190727,1,1,3,"[397869,405101,403197]","[190727,191198,190337]"
r3_fluent_house,zlpng,3,8,43673,262144,404880,190878,1,1,3,"[395015,405751,404880]","[189555,193952,190878]"
r3_fluent_house,zlpng,4,1,44244,262144,412050,197477,1,1,3,"[420313,409486,412050]","[197477,195935,198029]"
r3_fluent_house,zlpng,4,8,44244,262144,416638,194953,1,1,3,"[416638,411460,419141]","[194192,194953,196586]"
r3_fluent_house,zlpng,5,1,42648,262144,989260,198809,1,1,3,"[994337,989260,978894]","[200452,197848,198809]"
r3_fluent_house,zlpng,5,8,42648,262144,980517,199090,1,1,3,"[1000006,975519,980517]","[197918,199401,199090]"
r3_fluent_house,zlpng,6,1,42332,262144,1345176,192750,1,1,3,"[1369413,1345176,1340078]","[190476,192750,201874]"
r3_fluent_house,zlpng,6,8,42332,262144,1342883,192940,1,1,3,"[1332046,1342883,1347259]","[189285,192940,193382]"
r3_fluent_house,zlpng,7,1,41651,262144,1445496,191138,1,1,3,"[1445496,1461891,1445437]","[191138,191268,191108]"
r3_fluent_house,zlpng,7,8,41651,262144,1449703,191679,1,1,3,"[1444345,1449703,1486608]","[192991,190557,191679]"
r3_fluent_house,zlpng,8,1,36913,262144,5545412,421525,1,1,3,"[5545412,5552972,5502777]","[419441,423148,421525]"
r3_fluent_house,zlpng,8,8,36913,262144,5498450,420724,1,1,3,"[5519162,5498450,5494324]","[424770,420724,420172]"
sk_logo,original_zpng,0,1,209413,1000000,1704567,828768,1,1,3,"[1716595,1704567,1589494]","[828768,829449,775708]"
sk_logo,png,0,1,179686,1000000,30431789,3211326,1,1,3,"[30417998,30431789,30445149]","[3224856,3197195,3211326]"
sk_logo,zlpng,1,1,201592,1000000,1285045,801587,1,1,3,"[1285697,1285045,1193036]","[805583,801587,749829]"
sk_logo,zlpng,1,8,201592,1000000,832614,408385,1,1,3,"[636929,858713,832614]","[340823,447754,408385]"
sk_logo,zlpng,2,1,202593,1000000,1323633,809960,1,1,3,"[1418937,1316382,1323633]","[868869,808828,809960]"
sk_logo,zlpng,2,8,202593,1000000,577280,275414,1,1,3,"[577280,712543,479613]","[448495,275414,261163]"
sk_logo,zlpng,3,1,204410,1000000,1672078,793725,1,1,3,"[1788153,1672078,1651247]","[850231,793725,792293]"
sk_logo,zlpng,3,8,204410,1000000,1043531,523468,1,1,3,"[864221,1208079,1043531]","[540585,521305,523468]"
sk_logo,zlpng,4,1,208508,1000000,1971159,857241,1,1,3,"[1971159,2036887,1841012]","[857241,877562,799604]"
sk_logo,zlpng,4,8,208508,1000000,1111834,465992,1,1,3,"[747355,1143513,1111834]","[527805,465992,404750]"
sk_logo,zlpng,5,1,201028,1000000,3864049,787886,1,1,3,"[4059864,3864049,3863308]","[846635,787886,784060]"
sk_logo,zlpng,5,8,201028,1000000,1659770,494094,1,1,3,"[1570685,1732169,1659770]","[491310,494094,494264]"
sk_logo,zlpng,6,1,198752,1000000,5476338,810140,1,1,3,"[5476338,5559603,5116435]","[811321,810140,759073]"
sk_logo,zlpng,6,8,198752,1000000,2159132,469187,1,1,3,"[2305812,1846040,2159132]","[397649,469187,519572]"
sk_logo,zlpng,7,1,196759,1000000,5685803,745222,1,1,3,"[5976801,5677790,5685803]","[803721,744041,745222]"
sk_logo,zlpng,7,8,196759,1000000,2221966,475065,1,1,3,"[2591733,2221966,2013011]","[388916,475065,475416]"
sk_logo,zlpng,8,1,183678,1000000,24470792,1577285,1,1,3,"[25923049,24470792,24159473]","[1691137,1570615,1577285]"
sk_logo,zlpng,8,8,183678,1000000,10355104,912253,1,1,3,"[10468906,10355104,9617143]","[912253,795307,930151]"
sk_cell,original_zpng,0,1,91342,363000,711261,415566,1,1,3,"[721467,710510,711261]","[415566,418451,413673]"
sk_cell,png,0,1,79510,363000,21045764,1976236,1,1,3,"[21028738,21045764,21050831]","[1974143,1976236,2001765]"
sk_cell,zlpng,1,1,85332,363000,554535,561675,1,1,3,"[552893,554535,555477]","[561675,557380,567084]"
sk_cell,zlpng,1,8,85332,363000,401995,410939,1,1,3,"[404118,400574,401995]","[410939,409707,416457]"
sk_cell,zlpng,2,1,86944,363000,677540,737290,1,1,3,"[676108,684581,677540]","[737290,738713,736930]"
sk_cell,zlpng,2,8,86944,363000,498751,538561,1,1,3,"[498751,535677,497049]","[538561,576488,533423]"
sk_cell,zlpng,3,1,84853,363000,678202,708507,1,1,3,"[675497,693875,678202]","[708507,708417,709889]"
sk_cell,zlpng,3,8,84853,363000,486192,489437,1,1,3,"[487535,486192,484129]","[522657,489437,486352]"
sk_cell,zlpng,4,1,83262,363000,667194,674655,1,1,3,"[668126,657991,667194]","[683860,672273,674655]"
sk_cell,zlpng,4,8,83262,363000,482677,494265,1,1,3,"[486543,481595,482677]","[495376,490288,494265]"
sk_cell,zlpng,5,1,81895,363000,1711328,693183,1,1,3,"[1707130,1720771,1711328]","[692243,695397,693183]"
sk_cell,zlpng,5,8,81895,363000,1528982,512492,1,1,3,"[1535142,1528982,1522543]","[512492,512432,515075]"
sk_cell,zlpng,6,1,79929,363000,3099147,682037,1,1,3,"[3091786,3103423,3099147]","[683289,682037,681787]"
sk_cell,zlpng,6,8,79929,363000,2456430,479652,1,1,3,"[2418392,2457181,2456430]","[480203,478981,479652]"
sk_cell,zlpng,7,1,78352,363000,3614183,672403,1,1,3,"[3597417,3614183,3618049]","[675097,672403,671882]"
sk_cell,zlpng,7,8,78352,363000,2548698,485882,1,1,3,"[2548698,2555138,2540907]","[487835,485882,483868]"
sk_cell,zlpng,8,1,69790,363000,9390632,1101548,1,1,3,"[9392655,9390632,9365084]","[1101038,1101709,1101548]"
sk_cell,zlpng,8,8,69790,363000,7059992,919515,1,1,3,"[7059992,7060543,7029836]","[919515,959845,918372]"
sk_coins,original_zpng,0,1,79308,116352,269055,91418,1,1,3,"[269646,269055,267793]","[92098,91087,91418]"
sk_coins,png,0,1,75150,116352,5515296,775177,1,1,3,"[5514134,5515296,5531631]","[772273,782017,775177]"
sk_coins,zlpng,1,1,76250,116352,188734,174823,1,1,3,"[191709,183346,188734]","[174823,174883,174002]"
sk_coins,zlpng,1,8,76250,116352,185720,173010,1,1,3,"[186121,185239,185720]","[172329,175704,173010]"
sk_coins,zlpng,2,1,75768,116352,187292,200071,1,1,3,"[184508,188364,187292]","[198329,200071,200713]"
sk_coins,zlpng,2,8,75768,116352,186931,200031,1,1,3,"[189085,186901,186931]","[200031,200212,199741]"
sk_coins,zlpng,3,1,75939,116352,270047,211909,1,1,3,"[266862,271439,270047]","[211909,211729,215194]"
sk_coins,zlpng,3,8,75939,116352,268705,212510,1,1,3,"[268705,271228,261034]","[211939,212510,212760]"
sk_coins,zlpng,4,1,76048,116352,394444,210868,1,1,3,"[384979,394444,394884]","[210748,210868,211047]"
sk_coins,zlpng,4,8,76048,116352,388185,210927,1,1,3,"[394554,388185,380323]","[210927,212260,207803]"
sk_coins,zlpng,5,1,77323,116352,510629,226791,1,1,3,"[510629,506593,512172]","[226982,226772,226791]"
sk_coins,zlpng,5,8,77323,116352,514004,227743,1,1,3,"[545161,514004,513424]","[226581,227743,228083]"
sk_coins,zlpng,6,1,76571,116352,847075,225941,1,1,3,"[854336,841037,847075]","[226762,224818,225941]"
sk_coins,zlpng,6,8,76571,116352,845784,226952,1,1,3,"[849089,845023,845784]","[226952,228213,226261]"
sk_coins,zlpng,7,1,76340,116352,1094959,224258,1,1,3,"[1095419,1094959,1089201]","[225590,224258,223747]"
sk_coins,zlpng,7,8,76340,116352,1091524,226260,1,1,3,"[1091524,1089901,1092145]","[227373,223857,226260]"
sk_coins,zlpng,8,1,75640,116352,1444035,224077,1,1,3,"[1436463,1448842,1444035]","[223437,224168,224077]"
sk_coins,zlpng,8,8,75640,116352,1445146,223286,1,1,3,"[1445146,1440990,1446628]","[223687,223286,222385]"
cbsd68_0007,original_zpng,0,1,248647,463203,1033677,451300,1,1,3,"[1033246,1033677,1038795]","[450449,451300,454975]"
cbsd68_0007,png,0,1,373122,463203,19797805,2069106,1,1,3,"[19797805,19786737,19807128]","[2064429,2069106,2073563]"
cbsd68_0007,zlpng,1,1,237026,463203,812193,348896,1,1,3,"[815888,802648,812193]","[348896,342576,350798]"
cbsd68_0007,zlpng,1,8,237026,463203,479231,341845,1,1,3,"[468085,479231,736399]","[341845,362766,339432]"
cbsd68_0007,zlpng,2,1,243731,463203,909610,532823,1,1,3,"[917832,909610,907436]","[534154,531010,532823]"
cbsd68_0007,zlpng,2,8,243731,463203,659033,486532,1,1,3,"[659033,818873,542387]","[493793,486232,486532]"
cbsd68_0007,zlpng,3,1,245646,463203,1156462,527854,1,1,3,"[1159356,1156462,1153927]","[527854,528586,524169]"
cbsd68_0007,zlpng,3,8,245646,463203,956571,485532,1,1,3,"[1020366,956571,675788]","[485532,482096,518280]"
cbsd68_0007,zlpng,4,1,248527,463203,1207288,554044,1,1,3,"[1206067,1207288,1212947]","[550909,554044,556889]"
cbsd68_0007,zlpng,4,8,248527,463203,734366,506723,1,1,3,"[695527,734366,953987]","[521395,506723,320813]"
cbsd68_0007,zlpng,5,1,241877,463203,2070048,525631,1,1,3,"[2070048,2097339,2067073]","[525291,528946,525631]"
cbsd68_0007,zlpng,5,8,241877,463203,1215961,479753,1,1,3,"[1189261,1215961,1303323]","[338330,479753,485771]"
cbsd68_0007,zlpng,6,1,240820,463203,2766496,515206,1,1,3,"[2798074,2766496,2759746]","[515947,515206,514906]"
cbsd68_0007,zlpng,6,8,240820,463203,1647040,475156,1,1,3,"[1606700,1647040,1705979]","[495566,475156,466403]"
cbsd68_0007,zlpng,7,1,240231,463203,3173239,513603,1,1,3,"[3173960,3160630,3173239]","[513934,510418,513603]"
cbsd68_0007,zlpng,7,8,240231,463203,1872710,466733,1,1,3,"[1833682,1872710,1886451]","[485200,294844,466733]"
cbsd68_0007,zlpng,8,1,227196,463203,19282098,1641091,1,1,3,"[19282098,19242578,19290500]","[1641091,1650155,1637887]"
cbsd68_0007,zlpng,8,8,227196,463203,9896584,1093687,1,1,3,"[9862142,9896584,9962503]","[910401,1093687,1402061]"
syn_alpha_hidden_noise_1,original_zpng,0,1,681181,1571836,1150553,459822,1,1,3,"[1153737,1150553,1149210]","[460233,459622,459822]"
syn_alpha_hidden_noise_1,png,0,1,776711,1571836,29962803,4395379,1,1,3,"[29937534,29999467,29962803]","[4399245,4386135,4395379]"
syn_alpha_hidden_noise_1,zlpng,1,1,690540,1571836,742048,655497,1,1,3,"[742048,737821,748798]","[655497,657821,654265]"
syn_alpha_hidden_noise_1,zlpng,1,8,690540,1571836,288004,259371,1,1,3,"[197397,288004,367754]","[198659,275665,259371]"
syn_alpha_hidden_noise_1,zlpng,2,1,685463,1571836,756880,637249,1,1,3,"[764662,756880,746505]","[636248,639523,637249]"
syn_alpha_hidden_noise_1,zlpng,2,8,685463,1571836,377759,265319,1,1,3,"[377759,284879,390198]","[273522,164568,265319]"
syn_alpha_hidden_noise_1,zlpng,3,1,684784,1571836,950781,640895,1,1,3,"[962199,950781,948739]","[642047,637060,640895]"
syn_alpha_hidden_noise_1,zlpng,3,8,684784,1571836,270407,152991,1,1,3,"[252881,270407,473593]","[152119,152991,272550]"
syn_alpha_hidden_noise_1,zlpng,4,1,684691,1571836,1013056,638321,1,1,3,"[1013056,1014658,1010862]","[638321,637651,640154]"
syn_alpha_hidden_noise_1,zlpng,4,8,684691,1571836,282475,202656,1,1,3,"[293312,282475,276396]","[237919,202656,151949]"
syn_alpha_hidden_noise_1,zlpng,5,1,683643,1571836,2617141,629768,1,1,3,"[2617141,2608047,2621578]","[629768,628036,632813]"
syn_alpha_hidden_noise_1,zlpng,5,8,683643,1571836,1182511,155003,1,1,3,"[1205836,1182511,893085]","[155003,241454,152780]"
syn_alpha_hidden_noise_1,zlpng,6,1,683790,1571836,2775750,631761,1,1,3,"[2772666,2787398,2775750]","[631761,634125,628817]"
syn_alpha_hidden_noise_1,zlpng,6,8,683790,1571836,1159316,249606,1,1,3,"[1159316,1272927,716499]","[253722,249606,156866]"
syn_alpha_hidden_noise_1,zlpng,7,1,683207,1571836,2841980,632373,1,1,3,"[2868379,2838986,2841980]","[632373,630349,635537]"
syn_alpha_hidden_noise_1,zlpng,7,8,683207,1571836,1203112,254794,1,1,3,"[1203112,1349843,799665]","[254794,258229,160491]"
syn_alpha_hidden_noise_1,zlpng,8,1,695487,1571836,27506403,1710897,1,1,3,"[27505432,27506403,27508666]","[1714452,1710897,1706100]"
syn_alpha_hidden_noise_1,zlpng,8,8,695487,1571836,6907342,814426,1,1,3,"[7563079,6795974,6907342]","[906014,710259,814426]"
kodak_08,original_zpng,0,1,677836,1179648,2320875,1021058,1,1,3,"[2326454,2320875,2313223]","[1032325,1018283,1021058]"
kodak_08,png,0,1,791678,1179648,57653583,6761682,1,1,3,"[57678791,57652732,57653583]","[6772909,6761682,6733411]"
kodak_08,zlpng,1,1,604019,1179648,1862455,860335,1,1,3,"[1867933,1858689,1862455]","[865784,860335,860206]"
kodak_08,zlpng,1,8,604019,1179648,819895,428635,1,1,3,"[485341,997011,819895]","[226571,435206,428635]"
kodak_08,zlpng,2,1,614750,1179648,2202407,1225496,1,1,3,"[2202407,2192432,2208656]","[1225496,1223553,1227188]"
kodak_08,zlpng,2,8,614750,1179648,1083451,596529,1,1,3,"[1083451,828628,1084093]","[596529,588847,598632]"
kodak_08,zlpng,3,1,628456,1179648,3831691,1281569,1,1,3,"[3821815,3831691,3840653]","[1280679,1281810,1281569]"
kodak_08,zlpng,3,8,628456,1179648,1024202,596168,1,1,3,"[1024202,1266206,907016]","[598391,311149,596168]"
kodak_08,zlpng,4,1,653089,1179648,4547908,1497395,1,1,3,"[4544924,4558164,4547908]","[1497395,1496895,1497696]"
kodak_08,zlpng,4,8,653089,1179648,1385877,693925,1,1,3,"[1472377,1051754,1385877]","[720445,693925,535045]"
kodak_08,zlpng,5,1,622062,1179648,7680466,1306348,1,1,3,"[7622439,7680466,7699776]","[1306348,1305536,1306437]"
kodak_08,zlpng,5,8,622062,1179648,2131740,354283,1,1,3,"[1753761,2306223,2131740]","[323487,354283,615987]"
kodak_08,zlpng,6,1,620963,1179648,9150160,1290062,1,1,3,"[9188518,9150160,9080945]","[1294700,1290062,1287749]"
kodak_08,zlpng,6,8,620963,1179648,2111680,549057,1,1,3,"[2717833,2091270,2111680]","[549057,612532,480764]"
kodak_08,zlpng,7,1,619277,1179648,10323867,1286758,1,1,3,"[10251769,10323867,10334954]","[1285355,1286758,1287679]"
kodak_08,zlpng,7,8,619277,1179648,2876232,605011,1,1,3,"[2876232,2906347,2387085]","[609598,605011,321775]"
kodak_08,zlpng,8,1,585064,1179648,13912902,1352226,1,1,3,"[13896186,13912902,14153565]","[1351194,1353288,1352226]"
kodak_08,zlpng,8,8,585064,1179648,3487923,652863,1,1,3,"[3608915,3487923,3249173]","[670920,652863,639002]"
cbsd68_0047,original_zpng,0,1,144351,463203,1068700,474334,1,1,3,"[1066796,1069481,1068700]","[475376,470999,474334]"
cbsd68_0047,png,0,1,176714,463203,22921258,2093513,1,1,3,"[22921258,22958504,22915149]","[2097168,2093513,2091821]"
cbsd68_0047,zlpng,1,1,130756,463203,771742,355896,1,1,3,"[770821,771742,772483]","[353402,355896,359622]"
cbsd68_0047,zlpng,1,8,130756,463203,482487,344719,1,1,3,"[481485,482487,657069]","[349446,210407,344719]"
cbsd68_0047,zlpng,2,1,130970,463203,862249,509557,1,1,3,"[867536,858743,862249]","[509677,509557,506423]"
cbsd68_0047,zlpng,2,8,130970,463203,699634,498201,1,1,3,"[531510,785182,699634]","[498201,525642,293211]"
cbsd68_0047,zlpng,3,1,133237,463203,1095019,505371,1,1,3,"[1102280,1089000,1095019]","[505371,504620,509587]"
cbsd68_0047,zlpng,3,8,133237,463203,750450,494104,1,1,3,"[750450,666233,840055]","[515426,471500,494104]"
cbsd68_0047,zlpng,4,1,137833,463203,1194349,538020,1,1,3,"[1194349,1207458,1187167]","[538020,539262,532973]"
cbsd68_0047,zlpng,4,8,137833,463203,789809,507154,1,1,3,"[789809,990211,711352]","[500915,507154,518270]"
cbsd68_0047,zlpng,5,1,130623,463203,2365493,505611,1,1,3,"[2365493,2347035,2378352]","[504690,505611,506303]"
cbsd68_0047,zlpng,5,8,130623,463203,1411215,470549,1,1,3,"[1411215,1558176,1407650]","[470549,462297,488405]"
cbsd68_0047,zlpng,6,1,129346,463203,3093108,491971,1,1,3,"[3043873,3100920,3093108]","[491560,491971,492171]"
cbsd68_0047,zlpng,6,8,129346,463203,1860962,468997,1,1,3,"[1868434,1860962,1860562]","[473483,468997,441715]"
cbsd68_0047,zlpng,7,1,127778,463203,3536576,476988,1,1,3,"[3536576,3542905,3529285]","[478320,476988,475156]"
cbsd68_0047,zlpng,7,8,127778,463203,2073412,432992,1,1,3,"[2073412,2057959,2086372]","[442296,428856,432992]"
cbsd68_0047,zlpng,8,1,116211,463203,14253235,1174989,1,1,3,"[14289409,14253235,14245332]","[1169461,1174989,1176542]"
cbsd68_0047,zlpng,8,8,116211,463203,9153205,779013,1,1,3,"[9153655,9150600,9153205]","[789589,731271,779013]"
cbsd68_0005,original_zpng,0,1,193099,463203,966235,457358,1,1,3,"[970391,966235,966205]","[457589,457189,457358]"
cbsd68_0005,png,0,1,260236,463203,25133159,2264690,1,1,3,"[25133159,25157246,25110224]","[2264690,2256648,2266083]"
cbsd68_0005,zlpng,1,1,183420,463203,741617,359281,1,1,3,"[741727,738763,741617]","[360403,356857,359281]"
cbsd68_0005,zlpng,1,8,183420,463203,613194,353532,1,1,3,"[646674,609147,613194]","[353532,362957,218519]"
cbsd68_0005,zlpng,2,1,183653,463203,808588,509437,1,1,3,"[808588,807236,813515]","[507925,509437,513584]"
cbsd68_0005,zlpng,2,8,183653,463203,643048,462567,1,1,3,"[643048,641717,667225]","[462567,431570,484049]"
cbsd68_0005,zlpng,3,1,185597,463203,1100197,503118,1,1,3,"[1101018,1100197,1098304]","[500003,503868,503118]"
cbsd68_0005,zlpng,3,8,185597,463203,765903,445621,1,1,3,"[748727,765903,799885]","[445621,439442,496357]"
cbsd68_0005,zlpng,4,1,192479,463203,1395601,557550,1,1,3,"[1386418,1400779,1395601]","[554355,557550,561395]"
cbsd68_0005,zlpng,4,8,192479,463203,1043681,504219,1,1,3,"[1043681,1124914,866806]","[504219,516748,485851]"
cbsd68_0005,zlpng,5,1,184460,463203,2590371,517559,1,1,3,"[2594317,2583761,2590371]","[517559,518831,514575]"
cbsd68_0005,zlpng,5,8,184460,463203,1569944,464109,1,1,3,"[1575693,1567801,1569944]","[473213,464109,447033]"
cbsd68_0005,zlpng,6,1,183236,463203,3220570,502607,1,1,3,"[3220570,3223124,3212047]","[499882,502607,505061]"
cbsd68_0005,zlpng,6,8,183236,463203,1970527,302586,1,1,3,"[1971119,1970527,1968765]","[302586,298720,441074]"
cbsd68_0005,zlpng,7,1,181816,463203,3632430,491720,1,1,3,"[3645049,3632430,3622696]","[487935,491720,492571]"
cbsd68_0005,zlpng,7,8,181816,463203,2215516,329165,1,1,3,"[2233504,2215516,2206563]","[468866,329165,296607]"
cbsd68_0005,zlpng,8,1,168853,463203,14724334,1384435,1,1,3,"[14690764,14724334,14725285]","[1384435,1385777,1382111]"
cbsd68_0005,zlpng,8,8,168853,463203,8863068,981257,1,1,3,"[8871500,8841805,8863068]","[981257,957372,998854]"
r3_syn_sheared_lines_0,original_zpng,0,1,718,98945,38919,31327,1,1,3,"[40972,37186,38919]","[32559,30425,31327]"
r3_syn_sheared_lines_0,png,0,1,1460,98945,472171,179250,1,1,3,"[472171,473734,462477]","[179250,178859,179610]"
r3_syn_sheared_lines_0,zlpng,1,1,781,98945,32890,124517,1,1,3,"[38228,29054,32890]","[126340,123576,124517]"
r3_syn_sheared_lines_0,zlpng,1,8,781,98945,33130,124417,1,1,3,"[31277,33130,33431]","[122575,124417,124738]"
r3_syn_sheared_lines_0,zlpng,2,1,851,98945,27762,126000,1,1,3,"[27902,26200,27762]","[126000,127282,125840]"
r3_syn_sheared_lines_0,zlpng,2,8,851,98945,28032,126060,1,1,3,"[28032,28522,27742]","[126060,126390,125989]"
r3_syn_sheared_lines_0,zlpng,3,1,851,98945,28043,125949,1,1,3,"[28043,27461,28933]","[125949,125769,126451]"
r3_syn_sheared_lines_0,zlpng,3,8,851,98945,28302,126250,1,1,3,"[30205,28302,27882]","[126721,126250,125729]"
r3_syn_sheared_lines_0,zlpng,4,1,473,98945,25869,124207,1,1,3,"[27411,24837,25869]","[124207,123256,124758]"
r3_syn_sheared_lines_0,zlpng,4,8,473,98945,24567,124337,1,1,3,"[24567,24367,28743]","[123456,124848,124337]"
r3_syn_sheared_lines_0,zlpng,5,1,473,98945,29684,123986,1,1,3,"[32719,28123,29684]","[125319,123666,123986]"
r3_syn_sheared_lines_0,zlpng,5,8,473,98945,29284,124317,1,1,3,"[29284,28974,29925]","[124367,123646,124317]"
r3_syn_sheared_lines_0,zlpng,6,1,270,98945,29184,122835,1,1,3,"[31978,28302,29184]","[123516,122675,122835]"
r3_syn_sheared_lines_0,zlpng,6,8,270,98945,31537,123106,1,1,3,"[31537,29674,33501]","[123186,123106,123105]"
r3_syn_sheared_lines_0,zlpng,7,1,285,98945,37156,122955,1,1,3,"[37156,36876,37717]","[123115,122595,122955]"
r3_syn_sheared_lines_0,zlpng,7,8,285,98945,37056,122765,1,1,3,"[41252,37056,36175]","[123846,122745,122765]"
r3_syn_sheared_lines_0,zlpng,8,1,284,98945,712963,123436,1,1,3,"[717300,712963,709619]","[123015,123687,123436]"
r3_syn_sheared_lines_0,zlpng,8,8,284,98945,712453,123365,1,1,3,"[712453,705813,718973]","[123937,122725,123365]"
sk_nickel_z10_c0,original_zpng,0,1,216942,393216,327443,214353,1,1,3,"[335906,327443,324649]","[214353,214112,215415]"
sk_nickel_z10_c0,png,0,1,226742,393216,81910292,1730205,1,1,3,"[81484261,81910292,81917203]","[1730205,1737487,1727121]"
sk_nickel_z10_c0,zlpng,1,1,214472,393216,306933,313101,1,1,3,"[306933,308494,306061]","[313101,313973,311058]"
sk_nickel_z10_c0,zlpng,1,8,214472,393216,241413,236746,1,1,3,"[241413,258159,214143]","[235856,236746,254663]"
sk_nickel_z10_c0,zlpng,2,1,193395,393216,1423895,542277,1,1,3,"[1435783,1423895,1419618]","[544119,542277,533714]"
sk_nickel_z10_c0,zlpng,2,8,193395,393216,1040447,364078,1,1,3,"[1105805,1040447,1005074]","[429006,364078,361915]"
sk_nickel_z10_c0,zlpng,3,1,193374,393216,1827021,540364,1,1,3,"[1829805,1827021,1817657]","[540364,541655,534956]"
sk_nickel_z10_c0,zlpng,3,8,193374,393216,1216692,405801,1,1,3,"[1216692,1211385,1251624]","[392010,405801,431550]"
sk_nickel_z10_c0,zlpng,4,1,193374,393216,1875594,544020,1,1,3,"[1867973,1875594,1880703]","[544020,542597,545161]"
sk_nickel_z10_c0,zlpng,4,8,193374,393216,1359468,400173,1,1,3,"[1395822,1240889,1359468]","[368926,400173,434554]"
sk_nickel_z10_c0,zlpng,5,1,191784,393216,3461733,533103,1,1,3,"[3453150,3461733,3471849]","[533624,533103,532352]"
sk_nickel_z10_c0,zlpng,5,8,191784,393216,2298802,361364,1,1,3,"[2311501,2298802,2288697]","[361364,391961,351599]"
sk_nickel_z10_c0,zlpng,6,1,191784,393216,3632611,534786,1,1,3,"[3632611,3646892,3626250]","[532522,534786,536507]"
sk_nickel_z10_c0,zlpng,6,8,191784,393216,2438552,385631,1,1,3,"[2435788,2445063,2438552]","[385631,422446,357238]"
sk_nickel_z10_c0,zlpng,7,1,191784,393216,3698510,535357,1,1,3,"[3698510,3690868,3700813]","[534705,535677,535357]"
sk_nickel_z10_c0,zlpng,7,8,191784,393216,2483380,395846,1,1,3,"[2482018,2483380,2488598]","[395846,422646,360082]"
sk_nickel_z10_c0,zlpng,8,1,169366,393216,5497389,438540,1,1,3,"[5497389,5501685,5475626]","[445431,435696,438540]"
sk_nickel_z10_c0,zlpng,8,8,169366,393216,3733252,309496,1,1,3,"[3744309,3733252,3699331]","[309496,319081,308144]"
cbsd68_0026,original_zpng,0,1,262107,463203,978744,424780,1,1,3,"[978894,978744,977793]","[424780,423077,425541]"
cbsd68_0026,png,0,1,335469,463203,20222073,2439964,1,1,3,"[20220691,20222073,20437978]","[2439964,2445853,2430711]"
cbsd68_0026,zlpng,1,1,241756,463203,771842,359692,1,1,3,"[776269,771842,771301]","[359692,360823,359081]"
cbsd68_0026,zlpng,1,8,241756,463203,738282,369377,1,1,3,"[747286,438901,738282]","[370508,213051,369377]"
cbsd68_0026,zlpng,2,1,248566,463203,846224,530809,1,1,3,"[851322,844782,846224]","[530809,527775,531040]"
cbsd68_0026,zlpng,2,8,248566,463203,740585,464880,1,1,3,"[740585,805854,470658]","[464880,410067,495666]"
cbsd68_0026,zlpng,3,1,252879,463203,1357375,539692,1,1,3,"[1358897,1357375,1351045]","[540183,539692,535366]"
cbsd68_0026,zlpng,3,8,252879,463203,771892,494014,1,1,3,"[771892,1124994,709168]","[315075,494014,537569]"
cbsd68_0026,zlpng,4,1,259170,463203,1619088,589838,1,1,3,"[1634791,1619088,1614632]","[587665,591461,589838]"
cbsd68_0026,zlpng,4,8,259170,463203,1112225,544300,1,1,3,"[1268420,1112225,861467]","[544300,535997,544550]"
cbsd68_0026,zlpng,5,1,250483,463203,2647056,542917,1,1,3,"[2644433,2667437,2647056]","[541756,543819,542917]"
cbsd68_0026,zlpng,5,8,250483,463203,1375421,491861,1,1,3,"[1375421,1361541,1583094]","[514425,481886,491861]"
cbsd68_0026,zlpng,6,1,249819,463203,3162572,533984,1,1,3,"[3174561,3162572,3159157]","[533984,536418,532773]"
cbsd68_0026,zlpng,6,8,249819,463203,2017909,485281,1,1,3,"[2166793,2017909,1826611]","[314454,485281,506092]"
cbsd68_0026,zlpng,7,1,249108,463203,3718339,532422,1,1,3,"[3718339,3718910,3708374]","[531651,532422,532502]"
cbsd68_0026,zlpng,7,8,249108,463203,2200303,503679,1,1,3,"[2139602,2200303,2389088]","[505141,503679,493723]"
cbsd68_0026,zlpng,8,1,232033,463203,16813430,1614031,1,1,3,"[16810526,16821563,16813430]","[1613790,1617436,1614031]"
cbsd68_0026,zlpng,8,8,232033,463203,9916293,1330524,1,1,3,"[9883003,9916293,9917535]","[1107979,1330524,1436894]"
syn_affine_2,original_zpng,0,1,1920,2359296,1016121,917381,1,1,3,"[1032054,1016121,1005114]","[945925,917381,893285]"
syn_affine_2,png,0,1,22365,2359296,12804824,3859492,1,1,3,"[13268081,12804824,12725494]","[4117801,3859492,3833153]"
syn_affine_2,zlpng,1,1,1501,2359296,264498,1152917,1,1,3,"[262765,273311,264498]","[1152917,1154409,1151264]"
syn_affine_2,zlpng,1,8,1501,2359296,138829,322176,1,1,3,"[155574,138829,124878]","[339822,322176,304719]"
syn_affine_2,zlpng,2,1,9404,2359296,363367,1300078,1,1,3,"[358911,365370,363367]","[1298115,1300078,1301590]"
syn_affine_2,zlpng,2,8,9404,2359296,110126,313892,1,1,3,"[161403,104478,110126]","[443088,313892,311990]"
syn_affine_2,zlpng,3,1,1666,2359296,270337,1192656,1,1,3,"[254053,285049,270337]","[1186607,1272997,1192656]"
syn_affine_2,zlpng,3,8,1666,2359296,97947,289146,1,1,3,"[136996,97947,96726]","[344489,289146,284408]"
syn_affine_2,zlpng,4,1,1617,2359296,318760,1185635,1,1,3,"[318760,321964,311309]","[1185635,1183032,1187198]"
syn_affine_2,zlpng,4,8,1617,2359296,160261,325210,1,1,3,"[279451,103056,160261]","[332000,286491,325210]"
syn_affine_2,zlpng,5,1,1613,2359296,309926,1190734,1,1,3,"[299351,312701,309926]","[1189742,1193338,1190734]"
syn_affine_2,zlpng,5,8,1613,2359296,169004,315545,1,1,3,"[169004,117067,311680]","[343808,287893,315545]"
syn_affine_2,zlpng,6,1,1613,2359296,347824,1188270,1,1,3,"[354483,343327,347824]","[1188270,1184814,1189030]"
syn_affine_2,zlpng,6,8,1613,2359296,324699,340983,1,1,3,"[442917,293042,324699]","[340983,288815,411380]"
syn_affine_2,zlpng,7,1,1017,2359296,500734,1189973,1,1,3,"[491760,840065,500734]","[1186617,1207148,1189973]"
syn_affine_2,zlpng,7,8,1017,2359296,834687,298099,1,1,3,"[834687,1004142,796479]","[314483,295144,298099]"
syn_affine_2,zlpng,8,1,1092,2359296,21065875,1240998,1,1,3,"[20963259,21354949,21065875]","[1266648,1239988,1240998]"
syn_affine_2,zlpng,8,8,1092,2359296,4246736,310738,1,1,3,"[4246736,4254908,4200355]","[359902,310738,291680]"
syn_document_2,original_zpng,0,1,17286,2359296,1104263,996881,1,1,3,"[1103241,1106436,1104263]","[985944,997252,996881]"
syn_document_2,png,0,1,117740,2359296,13605489,4664845,1,1,3,"[13608885,13590687,13605489]","[4679236,4664324,4664845]"
syn_document_2,zlpng,1,1,135800,2359296,1119105,1355551,1,1,3,"[1105245,1120367,1119105]","[1346537,1357914,1355551]"
syn_document_2,zlpng,1,8,135800,2359296,326081,342465,1,1,3,"[298339,378190,326081]","[342465,343377,339711]"
syn_document_2,zlpng,2,1,123722,2359296,1152746,1608953,1,1,3,"[1152746,1146376,1160598]","[1608392,1608953,1611297]"
syn_document_2,zlpng,2,8,123722,2359296,416077,442006,1,1,3,"[435285,416077,379702]","[442006,455536,438600]"
syn_document_2,zlpng,3,1,121546,2359296,1291575,1596304,1,1,3,"[1291575,1284114,1293127]","[1596374,1594311,1596304]"
syn_document_2,zlpng,3,8,121546,2359296,435205,440072,1,1,3,"[435205,365320,436768]","[440072,383848,443858]"
syn_document_2,zlpng,4,1,122998,2359296,1374040,1622152,1,1,3,"[1374040,1383443,1362282]","[1627951,1622152,1620280]"
syn_document_2,zlpng,4,8,122998,2359296,364149,390929,1,1,3,"[364149,340804,366542]","[412611,390929,389717]"
syn_document_2,zlpng,5,1,116052,2359296,3001760,1547350,1,1,3,"[3062592,3001760,2999206]","[1547220,1547350,1548672]"
syn_document_2,zlpng,5,8,116052,2359296,771942,419571,1,1,3,"[771942,696959,870431]","[419571,374134,421375]"
syn_document_2,zlpng,6,1,114933,2359296,3405168,1537004,1,1,3,"[3397606,3616536,3405168]","[1537004,1652298,1527200]"
syn_document_2,zlpng,6,8,114933,2359296,908679,368605,1,1,3,"[908679,899004,958243]","[368605,366732,400213]"
syn_document_2,zlpng,7,1,113515,2359296,4123189,1514531,1,1,3,"[4166745,4123189,4100355]","[1514531,1513580,1525327]"
syn_document_2,zlpng,7,8,113515,2359296,1597966,380293,1,1,3,"[1123712,1731688,1597966]","[373733,380914,380293]"
syn_document_2,zlpng,8,1,121200,2359296,32663219,1944108,1,1,3,"[32573784,32671171,32663219]","[1943527,1944108,2120784]"
syn_document_2,zlpng,8,8,121200,2359296,7260704,642868,1,1,3,"[7217419,7260704,7273764]","[587535,642868,667435]"
cbsd68_0052,original_zpng,0,1,228951,463203,1105575,480854,1,1,3,"[1103371,1105575,1192737]","[480854,477038,512672]"
cbsd68_0052,png,0,1,290349,463203,28228301,2140283,1,1,3,"[26885418,28228301,28823136]","[2129006,2140283,2307635]"
cbsd68_0052,zlpng,1,1,204173,463203,911873,356617,1,1,3,"[889910,911873,981508]","[349416,356617,381364]"
cbsd68_0052,zlpng,1,8,204173,463203,797762,337298,1,1,3,"[797762,825873,566033]","[211518,337298,409036]"
cbsd68_0052,zlpng,2,1,210185,463203,1009761,535346,1,1,3,"[1005935,1014929,1009761]","[533313,540694,535346]"
cbsd68_0052,zlpng,2,8,210185,463203,682357,491591,1,1,3,"[613254,825203,682357]","[517990,484129,491591]"
cbsd68_0052,zlpng,3,1,212939,463203,1317084,535496,1,1,3,"[1314860,1317084,1411886]","[532092,535496,577079]"
cbsd68_0052,zlpng,3,8,212939,463203,882609,318350,1,1,3,"[882609,1005344,847847]","[318350,482236,316957]"
cbsd68_0052,zlpng,4,1,216120,463203,1415992,567635,1,1,3,"[1408100,1415992,1517966]","[567635,564200,622898]"
cbsd68_0052,zlpng,4,8,216120,463203,998904,508276,1,1,3,"[998904,1087597,971072]","[508276,529467,368865]"
cbsd68_0052,zlpng,5,1,209692,463203,2540706,540915,1,1,3,"[2534057,2540706,2544532]","[539722,543649,540915]"
cbsd68_0052,zlpng,5,8,209692,463203,1660801,479963,1,1,3,"[1660801,1655403,1789695]","[479963,508295,352661]"
cbsd68_0052,zlpng,6,1,208404,463203,3364247,528065,1,1,3,"[3384267,3350085,3364247]","[528065,525461,528245]"
cbsd68_0052,zlpng,6,8,208404,463203,2191390,466142,1,1,3,"[2191390,2159021,2322588]","[466142,451490,480183]"
cbsd68_0052,zlpng,7,1,207360,463203,3819021,522237,1,1,3,"[3819021,3853072,3801705]","[519812,522237,522267]"
cbsd68_0052,zlpng,7,8,207360,463203,2460715,308865,1,1,3,"[2530531,2447676,2460715]","[468355,307594,308865]"
cbsd68_0052,zlpng,8,1,191790,463203,19214005,1826921,1,1,3,"[19180986,19214005,19277982]","[1836886,1826921,1820432]"
cbsd68_0052,zlpng,8,8,191790,463203,9745997,1143793,1,1,3,"[9745997,9730804,10962149]","[1077623,1143793,1160057]"
r3_syn_triangular_color_0,original_zpng,0,1,6044,296835,177347,156796,1,1,3,"[177397,175374,177347]","[156796,156646,158449]"
r3_syn_triangular_color_0,png,0,1,5359,296835,2248997,383487,1,1,3,"[2254095,2248997,2244560]","[386352,381585,383487]"
r3_syn_triangular_color_0,zlpng,1,1,13920,296835,181423,208765,1,1,3,"[181423,184698,175734]","[210227,208765,207612]"
r3_syn_triangular_color_0,zlpng,1,8,13920,296835,156877,188784,1,1,3,"[156877,160051,144338]","[187472,188794,188784]"
r3_syn_triangular_color_0,zlpng,2,1,14403,296835,238379,271339,1,1,3,"[240382,238379,237558]","[271339,269796,271829]"
r3_syn_triangular_color_0,zlpng,2,8,14403,296835,205219,242395,1,1,3,"[204818,205219,206000]","[239851,242395,248144]"
r3_syn_triangular_color_0,zlpng,3,1,11864,296835,214654,258599,1,1,3,"[214654,219441,211930]","[258599,261944,257738]"
r3_syn_triangular_color_0,zlpng,3,8,11864,296835,180752,230567,1,1,3,"[183927,180752,176315]","[230567,231268,228615]"
r3_syn_triangular_color_0,zlpng,4,1,10783,296835,213081,251578,1,1,3,"[213081,210527,213632]","[251578,256766,251168]"
r3_syn_triangular_color_0,zlpng,4,8,10783,296835,183977,223066,1,1,3,"[183977,183156,188584]","[225820,222035,223066]"
r3_syn_triangular_color_0,zlpng,5,1,8439,296835,480824,238600,1,1,3,"[476848,489568,480824]","[235014,240281,238600]"
r3_syn_triangular_color_0,zlpng,5,8,8439,296835,441895,210166,1,1,3,"[441895,445080,436327]","[212811,207683,210166]"
r3_syn_triangular_color_0,zlpng,6,1,7472,296835,642317,225940,1,1,3,"[642317,620143,645201]","[226612,225179,225940]"
r3_syn_triangular_color_0,zlpng,6,8,7472,296835,551640,203156,1,1,3,"[557089,551640,550028]","[209315,200983,203156]"
r3_syn_triangular_color_0,zlpng,7,1,7365,296835,699163,227923,1,1,3,"[699163,685382,708527]","[226361,227923,228955]"
r3_syn_triangular_color_0,zlpng,7,8,7365,296835,582738,206742,1,1,3,"[573003,596548,582738]","[205159,208414,206742]"
r3_syn_triangular_color_0,zlpng,8,1,6847,296835,3123924,220783,1,1,3,"[3130474,3119598,3123924]","[223096,220502,220783]"
r3_syn_triangular_color_0,zlpng,8,8,6847,296835,2712185,208925,1,1,3,"[2694288,2712185,2718634]","[208925,219991,202906]"
r3_syn_alpha_sparse_1,original_zpng,0,1,6017,1574912,547925,533704,1,1,3,"[547925,564811,518952]","[539573,533704,527314]"
r3_syn_alpha_sparse_1,png,0,1,7269,1574912,8779752,2640346,1,1,3,"[8508794,8779752,8781044]","[2654237,2633065,2640346]"
r3_syn_alpha_sparse_1,zlpng,1,1,9319,1574912,332120,670109,1,1,3,"[339952,332120,313232]","[671602,670019,670109]"
r3_syn_alpha_sparse_1,zlpng,1,8,9319,1574912,158368,242956,1,1,3,"[113310,172390,158368]","[154072,242956,265350]"
r3_syn_alpha_sparse_1,zlpng,2,1,6867,1574912,307793,712272,1,1,3,"[307793,310828,302866]","[712083,713274,712272]"
r3_syn_alpha_sparse_1,zlpng,2,8,6867,1574912,135154,195515,1,1,3,"[135154,135334,110847]","[259430,195515,170177]"
r3_syn_alpha_sparse_1,zlpng,3,1,6926,1574912,324739,702848,1,1,3,"[324739,344098,318530]","[702648,705934,702848]"
r3_syn_alpha_sparse_1,zlpng,3,8,6926,1574912,155404,271048,1,1,3,"[155404,124287,204377]","[271048,172059,274694]"
r3_syn_alpha_sparse_1,zlpng,4,1,6932,1574912,363427,702909,1,1,3,"[364389,357819,363427]","[702909,702608,704952]"
r3_syn_alpha_sparse_1,zlpng,4,8,6932,1574912,139971,190667,1,1,3,"[219010,126380,139971]","[273032,182134,190667]"
r3_syn_alpha_sparse_1,zlpng,5,1,5502,1574912,506974,681697,1,1,3,"[463518,506974,525401]","[638622,681697,688257]"
r3_syn_alpha_sparse_1,zlpng,5,8,5502,1574912,225720,164598,1,1,3,"[258600,225720,206841]","[164598,265199,162385]"
r3_syn_alpha_sparse_1,zlpng,6,1,5533,1574912,552712,685412,1,1,3,"[552712,552352,564830]","[682839,685412,687135]"
r3_syn_alpha_sparse_1,zlpng,6,8,5533,1574912,182004,165248,1,1,3,"[182004,170647,296457]","[165248,163456,267653]"
r3_syn_alpha_sparse_1,zlpng,7,1,5457,1574912,749839,674206,1,1,3,"[749839,750590,742528]","[635837,674206,675107]"
r3_syn_alpha_sparse_1,zlpng,7,8,5457,1574912,422206,242295,1,1,3,"[422206,921768,393222]","[242295,182995,246612]"
r3_syn_alpha_sparse_1,zlpng,8,1,5875,1574912,25083965,1116321,1,1,3,"[25212850,25083965,24758875]","[1116321,1113877,1117904]"
r3_syn_alpha_sparse_1,zlpng,8,8,5875,1574912,4954000,432441,1,1,3,"[4954000,4652857,4979899]","[432441,259311,470298]"
cbsd68_0029,original_zpng,0,1,230662,463203,1058854,438190,1,1,3,"[1137463,1058854,1058294]","[470097,433092,438190]"
cbsd68_0029,png,0,1,287631,463203,24706968,2600636,1,1,3,"[24706968,24949793,22998454]","[2600636,2604712,2411171]"
cbsd68_0029,zlpng,1,1,210021,463203,859094,375485,1,1,3,"[910962,839074,859094]","[382756,353903,375485]"
cbsd68_0029,zlpng,1,8,210021,463203,584831,356717,1,1,3,"[523789,584831,790240]","[356717,210898,381345]"
cbsd68_0029,zlpng,2,1,213653,463203,981097,508015,1,1,3,"[1053406,972725,981097]","[544090,504550,508015]"
cbsd68_0029,zlpng,2,8,213653,463203,763791,492631,1,1,3,"[657550,779063,763791]","[312310,529106,492631]"
cbsd68_0029,zlpng,3,1,217345,463203,1387930,513023,1,1,3,"[1485066,1381280,1387930]","[552062,513023,511310]"
cbsd68_0029,zlpng,3,8,217345,463203,957012,462246,1,1,3,"[957012,1101720,866175]","[299851,462246,471610]"
cbsd68_0029,zlpng,4,1,224475,463203,1756536,575597,1,1,3,"[1756536,1759630,1646680]","[575026,618602,575597]"
cbsd68_0029,zlpng,4,8,224475,463203,1222071,362866,1,1,3,"[1353649,1222071,1168570]","[369507,362866,337078]"
cbsd68_0029,zlpng,5,1,214763,463203,2840377,525291,1,1,3,"[2982952,2785054,2840377]","[561786,525291,523448]"
cbsd68_0029,zlpng,5,8,214763,463203,1825209,478471,1,1,3,"[1825209,1835905,1766250]","[478471,468225,493493]"
cbsd68_0029,zlpng,6,1,213878,463203,3631058,511570,1,1,3,"[3760213,3631058,3471979]","[551030,506733,511570]"
cbsd68_0029,zlpng,6,8,213878,463203,2093472,461965,1,1,3,"[2079892,2093472,2114995]","[346132,476879,461965]"
cbsd68_0029,zlpng,7,1,212955,463203,4229469,542227,1,1,3,"[4245053,4229469,3947114]","[546423,542227,506333]"
cbsd68_0029,zlpng,7,8,212955,463203,2538563,471119,1,1,3,"[2538723,2538563,2376900]","[457570,471119,478440]"
cbsd68_0029,zlpng,8,1,195664,463203,16053596,1791588,1,1,3,"[16053596,16556273,15388104]","[1791588,1794222,1671467]"
cbsd68_0029,zlpng,8,8,195664,463203,9038171,1002670,1,1,3,"[8982608,9120806,9038171]","[1002670,1003621,999295]"
syn_poisson16_0,original_zpng,0,1,294408,393216,329967,240322,1,1,3,"[328866,329967,344719]","[240322,237568,269025]"
syn_poisson16_0,png,0,1,295183,393216,16960302,1761793,1,1,3,"[16996105,16960302,16815172]","[1772380,1761793,1757046]"
syn_poisson16_0,zlpng,1,1,293042,393216,311819,321384,1,1,3,"[311819,332031,311059]","[321384,344428,320232]"
syn_poisson16_0,zlpng,1,8,293042,393216,216456,239911,1,1,3,"[219580,213331,216456]","[253853,228484,239911]"
syn_poisson16_0,zlpng,2,1,250819,393216,1839410,427925,1,1,3,"[1839410,1655313,1895775]","[431220,423778,427925]"
syn_poisson16_0,zlpng,2,8,250819,393216,1123812,316306,1,1,3,"[1108179,1192536,1123812]","[299622,316306,349517]"
syn_poisson16_0,zlpng,3,1,250819,393216,2094464,425871,1,1,3,"[2094464,2753036,2093663]","[425220,459482,425871]"
syn_poisson16_0,zlpng,3,8,250819,393216,1501100,300903,1,1,3,"[1416443,1507600,1501100]","[300903,296116,354724]"
syn_poisson16_0,zlpng,4,1,250819,393216,2687467,427203,1,1,3,"[2701989,2345713,2687467]","[429317,427203,425651]"
syn_poisson16_0,zlpng,4,8,250819,393216,1632468,304348,1,1,3,"[1632468,1875104,1625458]","[301084,360523,304348]"
syn_poisson16_0,zlpng,5,1,251108,393216,3375263,428255,1,1,3,"[3274321,3392940,3375263]","[432452,427744,428255]"
syn_poisson16_0,zlpng,5,8,251108,393216,2144590,315736,1,1,3,"[2144590,2475548,2128705]","[315736,327233,296987]"
syn_poisson16_0,zlpng,6,1,251108,393216,4152964,428836,1,1,3,"[4166384,3929919,4152964]","[436848,428836,428796]"
syn_poisson16_0,zlpng,6,8,251108,393216,2479263,311439,1,1,3,"[2587016,2451792,2479263]","[311439,317097,299712]"
syn_poisson16_0,zlpng,7,1,251108,393216,4659417,432591,1,1,3,"[4659417,4694520,4539957]","[432591,433022,426853]"
syn_poisson16_0,zlpng,7,8,251108,393216,2917784,324198,1,1,3,"[2931454,2894669,2917784]","[322055,336146,324198]"
syn_poisson16_0,zlpng,8,1,246467,393216,5885132,508476,1,1,3,"[5885132,6131203,5881057]","[512372,508476,505972]"
syn_poisson16_0,zlpng,8,8,246467,393216,3913633,365059,1,1,3,"[3913633,4126414,3880844]","[365059,388745,359021]"
cbsd68_0030,original_zpng,0,1,174414,463203,1079195,480333,1,1,3,"[1079195,1077663,1079466]","[480805,480333,477469]"
cbsd68_0030,png,0,1,217238,463203,20578520,2187704,1,1,3,"[20614985,20578520,20495696]","[2187704,2188345,2186172]"
cbsd68_0030,zlpng,1,1,161275,463203,781727,360223,1,1,3,"[781727,791151,774366]","[360043,363137,360223]"
cbsd68_0030,zlpng,1,8,161275,463203,737270,353452,1,1,3,"[734676,761317,737270]","[353452,232911,361584]"
cbsd68_0030,zlpng,2,1,161312,463203,850190,532843,1,1,3,"[848908,852944,850190]","[532843,532282,533574]"
cbsd68_0030,zlpng,2,8,161312,463203,787556,305861,1,1,3,"[830641,481956,787556]","[305861,492942,302155]"
cbsd68_0030,zlpng,3,1,162962,463203,1123472,515576,1,1,3,"[1123472,1134469,1119456]","[515576,519522,512432]"
cbsd68_0030,zlpng,3,8,162962,463203,966826,292961,1,1,3,"[966826,659644,983161]","[523518,292961,292130]"
cbsd68_0030,zlpng,4,1,165917,463203,1227459,540524,1,1,3,"[1218365,1227459,1243964]","[536939,541345,540524]"
cbsd68_0030,zlpng,4,8,165917,463203,1000937,499503,1,1,3,"[1000937,744151,1049220]","[539513,498000,499503]"
cbsd68_0030,zlpng,5,1,160504,463203,2433404,519282,1,1,3,"[2407235,2433404,2436389]","[519282,523599,518751]"
cbsd68_0030,zlpng,5,8,160504,463203,1533309,483098,1,1,3,"[1725068,1444055,1533309]","[483098,295385,483839]"
cbsd68_0030,zlpng,6,1,158943,463203,3198907,500573,1,1,3,"[3187491,3203404,3198907]","[498641,500573,501485]"
cbsd68_0030,zlpng,6,8,158943,463203,1840261,477078,1,1,3,"[1840261,1839620,1990998]","[479993,469718,477078]"
cbsd68_0030,zlpng,7,1,157727,463203,3618299,490569,1,1,3,"[3619070,3618299,3590537]","[490569,491230,489147]"
cbsd68_0030,zlpng,7,8,157727,463203,2084288,455015,1,1,3,"[2076547,2108656,2084288]","[403929,455015,458039]"
cbsd68_0030,zlpng,8,1,145965,463203,14163880,1133297,1,1,3,"[14138281,14163880,14167115]","[1133297,1126216,1133447]"
cbsd68_0030,zlpng,8,8,145965,463203,8333079,861778,1,1,3,"[8333079,8367852,8315522]","[1027397,861778,743189]"
syn_phantom16_2,original_zpng,0,1,7279,1572864,456657,436568,1,1,3,"[449397,456838,456657]","[436568,435706,445000]"
syn_phantom16_2,png,0,1,9177,1572864,7524932,2603360,1,1,3,"[7504541,7524932,7527436]","[2612645,2602149,2603360]"
syn_phantom16_2,zlpng,1,1,11816,1572864,304298,1140438,1,1,3,"[314263,304298,300953]","[1138735,1140808,1140438]"
syn_phantom16_2,zlpng,1,8,11816,1572864,125980,265800,1,1,3,"[125980,134943,113221]","[271058,264629,265800]"
syn_phantom16_2,zlpng,2,1,8609,1572864,542547,1147438,1,1,3,"[542547,542207,564550]","[1141028,1152275,1147438]"
syn_phantom16_2,zlpng,2,8,8609,1572864,387053,443799,1,1,3,"[571019,387053,281244]","[438150,443799,455446]"
syn_phantom16_2,zlpng,3,1,8018,1572864,596568,1138966,1,1,3,"[588907,598441,596568]","[1135480,1142220,1138966]"
syn_phantom16_2,zlpng,3,8,8018,1572864,265010,419461,1,1,3,"[903420,151328,265010]","[446683,249025,419461]"
syn_phantom16_2,zlpng,4,1,8018,1572864,609588,1140888,1,1,3,"[594885,621546,609588]","[1141540,1140888,1136782]"
syn_phantom16_2,zlpng,4,8,8018,1572864,640595,403688,1,1,3,"[640595,482026,1033106]","[403688,245320,444930]"
syn_phantom16_2,zlpng,5,1,7115,1572864,2514907,1134108,1,1,3,"[2595259,2514907,2466244]","[1134108,1137263,1126357]"
syn_phantom16_2,zlpng,5,8,7115,1572864,1266867,394824,1,1,3,"[1266867,1746590,1218865]","[435566,394824,249115]"
syn_phantom16_2,zlpng,6,1,7115,1572864,2499284,1132266,1,1,3,"[2558813,2499284,2497611]","[1134238,1130783,1132266]"
syn_phantom16_2,zlpng,6,8,7115,1572864,1468511,420063,1,1,3,"[1414941,1468511,1750627]","[441485,253222,420063]"
syn_phantom16_2,zlpng,7,1,7115,1572864,2558022,1133637,1,1,3,"[2558022,2491562,2561928]","[1148840,1133637,1131865]"
syn_phantom16_2,zlpng,7,8,7115,1572864,1286197,333362,1,1,3,"[1201519,1286197,1460920]","[249486,408094,333362]"
syn_phantom16_2,zlpng,8,1,5058,1572864,7381556,1106166,1,1,3,"[7343940,7381556,7492082]","[1106166,1112856,1104564]"
syn_phantom16_2,zlpng,8,8,5058,1572864,1452948,248384,1,1,3,"[1426658,1870687,1452948]","[240191,372451,248384]"
syn_voronoi_0,original_zpng,0,1,15381,589824,330708,303347,1,1,3,"[330708,331359,327693]","[303347,304428,302605]"
syn_voronoi_0,png,0,1,6957,589824,3082542,972144,1,1,3,"[3082542,3098606,3081981]","[972234,972144,967758]"
syn_voronoi_0,zlpng,1,1,14925,589824,181093,330828,1,1,3,"[194303,178790,181093]","[330828,329396,330888]"
syn_voronoi_0,zlpng,1,8,14925,589824,164307,163236,1,1,3,"[168414,99329,164307]","[305310,159641,163236]"
syn_voronoi_0,zlpng,2,1,12076,589824,215174,369266,1,1,3,"[215174,206441,222164]","[369266,366713,370578]"
syn_voronoi_0,zlpng,2,8,12076,589824,116084,340954,1,1,3,"[186290,116084,112279]","[340954,344619,178448]"
syn_voronoi_0,zlpng,3,1,12431,589824,223346,373082,1,1,3,"[223837,219200,223346]","[369006,373082,373823]"
syn_voronoi_0,zlpng,3,8,12431,589824,198820,264959,1,1,3,"[220042,120742,198820]","[264959,182916,342485]"
syn_voronoi_0,zlpng,4,1,12571,589824,240843,373683,1,1,3,"[232169,240843,240953]","[373683,373172,377548]"
syn_voronoi_0,zlpng,4,8,12571,589824,195434,177437,1,1,3,"[224157,113420,195434]","[331720,174743,177437]"
syn_voronoi_0,zlpng,5,1,12546,589824,746484,371309,1,1,3,"[746174,746484,827305]","[371309,368796,375906]"
syn_voronoi_0,zlpng,5,8,12546,589824,455856,183686,1,1,3,"[449517,506062,455856]","[181764,183686,185028]"
syn_voronoi_0,zlpng,6,1,12386,589824,898744,372862,1,1,3,"[898744,899795,896740]","[374243,369076,372862]"
syn_voronoi_0,zlpng,6,8,12386,589824,484269,337668,1,1,3,"[466342,484269,562077]","[342175,183867,337668]"
syn_voronoi_0,zlpng,7,1,11529,589824,1337935,357719,1,1,3,"[1347989,1336843,1337935]","[358029,356156,357719]"
syn_voronoi_0,zlpng,7,8,11529,589824,750440,329797,1,1,3,"[794577,748507,750440]","[178359,334794,329797]"
syn_voronoi_0,zlpng,8,1,4927,589824,5415666,340763,1,1,3,"[5415666,5462636,5356777]","[341013,339892,340763]"
syn_voronoi_0,zlpng,8,8,4927,589824,2444151,223306,1,1,3,"[2390280,2444151,2672955]","[331800,223306,171158]"
openmoji_1f98a,original_zpng,0,1,51667,1527696,972224,742729,1,1,3,"[1162942,971152,972224]","[793675,735698,742729]"
openmoji_1f98a,png,0,1,41789,1527696,8758349,2360114,1,1,3,"[8758349,8780583,8741665]","[2358692,2363039,2360114]"
openmoji_1f98a,zlpng,1,1,63423,1527696,616148,705182,1,1,3,"[625252,600704,616148]","[705182,702909,706905]"
openmoji_1f98a,zlpng,1,8,63423,1527696,300863,177067,1,1,3,"[325580,300863,200111]","[306472,177067,170848]"
openmoji_1f98a,zlpng,2,1,48481,1527696,622227,793385,1,1,3,"[622227,619122,634996]","[793385,792444,795598]"
openmoji_1f98a,zlpng,2,8,48481,1527696,178138,190767,1,1,3,"[170787,308245,178138]","[190767,344919,183677]"
openmoji_1f98a,zlpng,3,1,49397,1527696,687916,808157,1,1,3,"[691401,687916,687055]","[808157,802168,808728]"
openmoji_1f98a,zlpng,3,8,49397,1527696,296987,342495,1,1,3,"[194563,355476,296987]","[342495,352951,336597]"
openmoji_1f98a,zlpng,4,1,49584,1527696,757751,808037,1,1,3,"[744221,761296,757751]","[806144,808037,809289]"
openmoji_1f98a,zlpng,4,8,49584,1527696,318370,341915,1,1,3,"[346261,216426,318370]","[352090,193371,341915]"
openmoji_1f98a,zlpng,5,1,48382,1527696,2760777,794697,1,1,3,"[2760777,2767268,2750662]","[793404,795678,794697]"
openmoji_1f98a,zlpng,5,8,48382,1527696,621286,333872,1,1,3,"[621286,622427,616999]","[335605,333872,189275]"
openmoji_1f98a,zlpng,6,1,48202,1527696,2892806,792253,1,1,3,"[2887218,2897423,2892806]","[792253,790851,793886]"
openmoji_1f98a,zlpng,6,8,48202,1527696,979625,332390,1,1,3,"[979625,1007638,876820]","[187762,332390,333412]"
openmoji_1f98a,zlpng,7,1,47717,1527696,3617197,769178,1,1,3,"[3597979,3617197,3633682]","[769639,766214,769178]"
openmoji_1f98a,zlpng,7,8,47717,1527696,1038834,318961,1,1,3,"[1018484,1151494,1038834]","[186882,318961,321063]"
openmoji_1f98a,zlpng,8,1,37462,1527696,15225128,786424,1,1,3,"[15225128,15168613,15277037]","[788347,785743,786424]"
openmoji_1f98a,zlpng,8,8,37462,1527696,3037495,274984,1,1,3,"[3550647,2917373,3037495]","[351890,274984,274844]"
syn_ui_dark_1,original_zpng,0,1,13092,1178877,450698,418691,1,1,3,"[454725,450698,447754]","[418691,420563,418511]"
syn_ui_dark_1,png,0,1,26324,1178877,5851812,2233824,1,1,3,"[5861998,5851812,5846585]","[2233824,2241866,2226663]"
syn_ui_dark_1,zlpng,1,1,22656,1178877,267413,662738,1,1,3,"[273882,262865,267413]","[663980,660575,662738]"
syn_ui_dark_1,zlpng,1,8,22656,1178877,99931,180091,1,1,3,"[99931,96285,167362]","[180091,178478,383688]"
syn_ui_dark_1,zlpng,2,1,17103,1178877,252209,659594,1,1,3,"[247813,252209,258980]","[658021,659594,660324]"
syn_ui_dark_1,zlpng,2,8,17103,1178877,135865,172610,1,1,3,"[135865,159941,91878]","[172219,172610,173171]"
syn_ui_dark_1,zlpng,3,1,17172,1178877,289936,661817,1,1,3,"[290237,289936,286722]","[662267,659733,661817]"
syn_ui_dark_1,zlpng,3,8,17172,1178877,101453,331709,1,1,3,"[101453,206221,92870]","[172420,331709,343598]"
syn_ui_dark_1,zlpng,4,1,17408,1178877,303106,660875,1,1,3,"[299842,303106,308525]","[660875,660054,667585]"
syn_ui_dark_1,zlpng,4,8,17408,1178877,109415,323667,1,1,3,"[109415,105559,202105]","[323667,327383,321304]"
syn_ui_dark_1,zlpng,5,1,16911,1178877,576047,646584,1,1,3,"[580524,576047,572903]","[646874,645172,646584]"
syn_ui_dark_1,zlpng,5,8,16911,1178877,281934,316396,1,1,3,"[389817,281934,193411]","[329446,316396,297348]"
syn_ui_dark_1,zlpng,6,1,16845,1178877,632733,649228,1,1,3,"[632733,629167,637741]","[650720,648707,649228]"
syn_ui_dark_1,zlpng,6,8,16845,1178877,407514,328265,1,1,3,"[288935,407514,411249]","[328265,316176,333392]"
syn_ui_dark_1,zlpng,7,1,16415,1178877,821207,656939,1,1,3,"[821207,823770,807366]","[656939,659904,655577]"
syn_ui_dark_1,zlpng,7,8,16415,1178877,326461,318449,1,1,3,"[326461,385470,260933]","[177657,322336,318449]"
syn_ui_dark_1,zlpng,8,1,16281,1178877,11121798,700164,1,1,3,"[11121798,11097732,11159176]","[698612,701476,700164]"
syn_ui_dark_1,zlpng,8,8,16281,1178877,3148351,386772,1,1,3,"[3148351,3397737,2705735]","[388585,200572,386772]"
r3_syn_curved_field_0,original_zpng,0,1,60068,197890,517890,246892,1,1,3,"[517890,518230,517028]","[246892,264088,246221]"
r3_syn_curved_field_0,png,0,1,66073,197890,8310655,838322,1,1,3,"[8310655,8317275,8299959]","[841978,832694,838322]"
r3_syn_curved_field_0,zlpng,1,1,48905,197890,365260,184578,1,1,3,"[366913,365260,363598]","[185650,184578,184388]"
r3_syn_curved_field_0,zlpng,1,8,48905,197890,363608,182645,1,1,3,"[362426,366402,363608]","[182114,184458,182645]"
r3_syn_curved_field_0,zlpng,2,1,49513,197890,756700,312581,1,1,3,"[756700,754416,761477]","[312581,316797,311139]"
r3_syn_curved_field_0,zlpng,2,8,49513,197890,764021,316046,1,1,3,"[758712,764021,778552]","[320253,314924,316046]"
r3_syn_curved_field_0,zlpng,3,1,41971,197890,638672,232560,1,1,3,"[635998,638672,640425]","[229766,232560,233211]"
r3_syn_curved_field_0,zlpng,3,8,41971,197890,635537,233932,1,1,3,"[632973,636298,635537]","[233932,231499,236786]"
r3_syn_curved_field_0,zlpng,4,1,41974,197890,636378,230627,1,1,3,"[631692,640335,636378]","[230627,230367,232931]"
r3_syn_curved_field_0,zlpng,4,8,41974,197890,638752,230547,1,1,3,"[643689,630660,638752]","[232110,226521,230547]"
r3_syn_curved_field_0,zlpng,5,1,36595,197890,1575082,212820,1,1,3,"[1575082,1589784,1541402]","[212820,213762,210497]"
r3_syn_curved_field_0,zlpng,5,8,36595,197890,1585477,212881,1,1,3,"[1585477,1578577,1592778]","[213011,212490,212881]"
r3_syn_curved_field_0,zlpng,6,1,36582,197890,1599659,214633,1,1,3,"[1599659,1582974,1602553]","[212030,214633,217838]"
r3_syn_curved_field_0,zlpng,6,8,36582,197890,1583885,213642,1,1,3,"[1591446,1557265,1583885]","[213642,214884,213592]"
r3_syn_curved_field_0,zlpng,7,1,36588,197890,1552518,214363,1,1,3,"[1593089,1549243,1552518]","[214363,215013,210287]"
r3_syn_curved_field_0,zlpng,7,8,36588,197890,1561271,214553,1,1,3,"[1579679,1549514,1561271]","[215764,214553,213432]"
r3_syn_curved_field_0,zlpng,8,1,25924,197890,4844295,229756,1,1,3,"[4844295,4857145,4839047]","[230508,228894,229756]"
r3_syn_curved_field_0,zlpng,8,8,25924,197890,4850365,229956,1,1,3,"[4855262,4850365,4844054]","[228294,230217,229956]"
cbsd68_0043,original_zpng,0,1,243568,463203,1066265,446923,1,1,3,"[1066265,1064102,1069050]","[446923,443909,447734]"
cbsd68_0043,png,0,1,287281,463203,19716692,2325723,1,1,3,"[19716692,19738735,19714609]","[2328256,2325723,2324631]"
cbsd68_0043,zlpng,1,1,218273,463203,784782,362796,1,1,3,"[784782,778563,786675]","[364509,362796,360472]"
cbsd68_0043,zlpng,1,8,218273,463203,685733,346171,1,1,3,"[685733,644821,692122]","[359111,346171,341515]"
cbsd68_0043,zlpng,2,1,223024,463203,880906,522196,1,1,3,"[888177,880906,870952]","[522778,521556,522196]"
cbsd68_0043,zlpng,2,8,223024,463203,761998,484179,1,1,3,"[518130,789038,761998]","[519963,484179,477459]"
cbsd68_0043,zlpng,3,1,227263,463203,1268190,522557,1,1,3,"[1264254,1268190,1277274]","[522557,521736,526873]"
cbsd68_0043,zlpng,3,8,227263,463203,767216,473923,1,1,3,"[768908,765733,767216]","[301344,484069,473923]"
cbsd68_0043,zlpng,4,1,233879,463203,1647901,567625,1,1,3,"[1649193,1647901,1634882]","[567625,567645,565091]"
cbsd68_0043,zlpng,4,8,233879,463203,1226767,329315,1,1,3,"[1226767,916059,1263222]","[540393,327614,329315]"
cbsd68_0043,zlpng,5,1,224822,463203,2567757,524439,1,1,3,"[2570361,2567757,2538513]","[524439,525521,519763]"
cbsd68_0043,zlpng,5,8,224822,463203,1632068,478080,1,1,3,"[1635483,1632068,1585438]","[302475,478080,482036]"
cbsd68_0043,zlpng,6,1,224042,463203,3106668,510139,1,1,3,"[3106668,3121631,3077885]","[510479,510139,510078]"
cbsd68_0043,zlpng,6,8,224042,463203,1988765,461735,1,1,3,"[1988765,1969576,1989035]","[298910,461735,469467]"
cbsd68_0043,zlpng,7,1,223272,463203,3721995,509898,1,1,3,"[3721995,3731960,3567923]","[512462,509567,509898]"
cbsd68_0043,zlpng,7,8,223272,463203,2410841,293682,1,1,3,"[2413835,2404461,2410841]","[293662,293682,464349]"
cbsd68_0043,zlpng,8,1,207132,463203,11156201,1171193,1,1,3,"[11156201,11102429,11157052]","[1167288,1171193,1188790]"
cbsd68_0043,zlpng,8,8,207132,463203,8678950,953176,1,1,3,"[8678950,8678319,8710648]","[954918,953176,941618]"
sk_protein_t14_c0,original_zpng,0,1,14885,32940,131327,43065,1,1,3,"[131568,129885,131327]","[43635,41613,43065]"
sk_protein_t14_c0,png,0,1,15742,32940,1186016,197908,1,1,3,"[1190152,1186016,1183602]","[198619,197908,196416]"
sk_protein_t14_c0,zlpng,1,1,17036,32940,89985,55323,1,1,3,"[89985,76365,90416]","[55323,50166,55855]"
sk_protein_t14_c0,zlpng,1,8,17036,32940,90816,55794,1,1,3,"[91077,87602,90816]","[61442,54502,55794]"
sk_protein_t14_c0,zlpng,2,1,16851,32940,82154,64857,1,1,3,"[82465,80862,82154]","[64807,64857,64928]"
sk_protein_t14_c0,zlpng,2,8,16851,32940,81633,65098,1,1,3,"[88634,81022,81633]","[67471,65098,64958]"
sk_protein_t14_c0,zlpng,3,1,16882,32940,95133,67932,1,1,3,"[92058,98208,95133]","[67932,68523,67763]"
sk_protein_t14_c0,zlpng,3,8,16882,32940,90326,67101,1,1,3,"[93310,90326,80541]","[67581,67101,63395]"
sk_protein_t14_c0,zlpng,4,1,16671,32940,120070,63536,1,1,3,"[113401,124447,120070]","[63616,63536,63485]"
sk_protein_t14_c0,zlpng,4,8,16671,32940,115023,63886,1,1,3,"[115023,112359,122835]","[63886,63065,65909]"
sk_protein_t14_c0,zlpng,5,1,16768,32940,127842,65529,1,1,3,"[127842,125459,127892]","[65519,66079,65529]"
sk_protein_t14_c0,zlpng,5,8,16768,32940,126050,65529,1,1,3,"[126050,126020,129435]","[65529,65448,65769]"
sk_protein_t14_c0,zlpng,6,1,16661,32940,241174,67141,1,1,3,"[227072,242546,241174]","[66089,67141,67581]"
sk_protein_t14_c0,zlpng,6,8,16661,32940,239321,67061,1,1,3,"[239321,241504,230487]","[69635,67061,66360]"
sk_protein_t14_c0,zlpng,7,1,16509,32940,327273,65839,1,1,3,"[327273,320723,329406]","[65839,64758,66600]"
sk_protein_t14_c0,zlpng,7,8,16509,32940,316697,64547,1,1,3,"[320983,316697,314804]","[64898,64547,64497]"
sk_protein_t14_c0,zlpng,8,1,16016,32940,1088499,122014,1,1,3,"[1088499,1080237,1088509]","[121393,122154,122014]"
sk_protein_t14_c0,zlpng,8,8,16016,32940,1086866,120712,1,1,3,"[1082330,1094448,1086866]","[120712,121073,120261]"
r3_syn_curved_field_1,original_zpng,0,1,166282,787456,1528953,1050793,1,1,3,"[1528953,1518827,1530304]","[1050793,1053246,1047948]"
r3_syn_curved_field_1,png,0,1,151027,787456,27753045,2414746,1,1,3,"[27750802,27799595,27753045]","[2410640,2414746,2416238]"
r3_syn_curved_field_1,zlpng,1,1,136851,787456,1072866,748677,1,1,3,"[1072866,1073056,1070973]","[751702,748677,744120]"
r3_syn_curved_field_1,zlpng,1,8,136851,787456,769399,518150,1,1,3,"[769399,774316,762118]","[495827,532271,518150]"
r3_syn_curved_field_1,zlpng,2,1,147907,787456,2904624,1635663,1,1,3,"[2890953,2912076,2904624]","[1635663,1636034,1632869]"
r3_syn_curved_field_1,zlpng,2,8,147907,787456,1689775,824482,1,1,3,"[1337845,1689775,1794583]","[824482,877382,787065]"
r3_syn_curved_field_1,zlpng,3,1,122642,787456,2339503,1232616,1,1,3,"[2339323,2339503,2345593]","[1232616,1240758,1229882]"
r3_syn_curved_field_1,zlpng,3,8,122642,787456,1292837,671341,1,1,3,"[1654632,1292837,905975]","[671341,841036,564119]"
r3_syn_curved_field_1,zlpng,4,1,122589,787456,2341336,1234920,1,1,3,"[2337691,2341336,2350770]","[1240378,1233878,1234920]"
r3_syn_curved_field_1,zlpng,4,8,122589,787456,1178855,922039,1,1,3,"[1228120,1178855,1094618]","[922039,767526,1011974]"
r3_syn_curved_field_1,zlpng,5,1,97554,787456,5462667,1055059,1,1,3,"[5449116,5467965,5462667]","[1054748,1055059,1057703]"
r3_syn_curved_field_1,zlpng,5,8,97554,787456,2435778,797952,1,1,3,"[2435778,2513916,2189707]","[797952,850390,697300]"
r3_syn_curved_field_1,zlpng,6,1,97554,787456,5480333,1056651,1,1,3,"[5456548,5480333,5483378]","[1056651,1058494,1055019]"
r3_syn_curved_field_1,zlpng,6,8,97554,787456,2660507,622057,1,1,3,"[2660507,2927859,2066311]","[622057,614465,751142]"
r3_syn_curved_field_1,zlpng,7,1,97554,787456,5468285,1056120,1,1,3,"[5470819,5432501,5468285]","[1058023,1056120,1054478]"
r3_syn_curved_field_1,zlpng,7,8,97554,787456,2378372,690449,1,1,3,"[2378372,2590291,2369538]","[836850,683830,690449]"
r3_syn_curved_field_1,zlpng,8,1,82948,787456,16272054,905204,1,1,3,"[16199947,16274498,16272054]","[906735,902770,905204]"
r3_syn_curved_field_1,zlpng,8,8,82948,787456,6313328,531451,1,1,3,"[6313328,6090893,6585257]","[454664,624891,531451]"
syn_alpha_soft_0,original_zpng,0,1,7951,786432,303968,264458,1,1,3,"[303968,295355,305270]","[263147,264588,264458]"
syn_alpha_soft_0,png,0,1,12616,786432,5466733,1251244,1,1,3,"[5466733,5473834,5461836]","[1251244,1256372,1246747]"
syn_alpha_soft_0,zlpng,1,1,18462,786432,224538,329056,1,1,3,"[231518,222285,224538]","[329987,329056,326572]"
syn_alpha_soft_0,zlpng,1,8,18462,786432,196757,261024,1,1,3,"[189165,196757,199400]","[216446,261303,261024]"
syn_alpha_soft_0,zlpng,2,1,13412,786432,234674,372921,1,1,3,"[228254,234674,235634]","[372050,372921,379452]"
syn_alpha_soft_0,zlpng,2,8,13412,786432,188895,286211,1,1,3,"[225479,108794,188895]","[289146,141974,286211]"
syn_alpha_soft_0,zlpng,3,1,12406,786432,255945,368064,1,1,3,"[248604,255945,257738]","[372090,367994,368064]"
syn_alpha_soft_0,zlpng,3,8,12406,786432,194192,269876,1,1,3,"[202205,105368,194192]","[269876,277128,141042]"
syn_alpha_soft_0,zlpng,4,1,12812,786432,253281,363297,1,1,3,"[253281,250297,263547]","[363297,362967,364639]"
syn_alpha_soft_0,zlpng,4,8,12812,786432,199140,265680,1,1,3,"[195184,199140,200442]","[269747,265680,166921]"
syn_alpha_soft_0,zlpng,5,1,12248,786432,660124,364388,1,1,3,"[657551,669498,660124]","[364388,370308,363838]"
syn_alpha_soft_0,zlpng,5,8,12248,786432,258349,274773,1,1,3,"[250677,258349,477439]","[271449,274784,274773]"
syn_alpha_soft_0,zlpng,6,1,12069,786432,751612,364990,1,1,3,"[766414,747455,751612]","[368735,364069,364990]"
syn_alpha_soft_0,zlpng,6,8,12069,786432,480303,142695,1,1,3,"[284509,480303,498521]","[142695,268424,142595]"
syn_alpha_soft_0,zlpng,7,1,10738,786432,858904,355385,1,1,3,"[864231,858904,857491]","[358580,355325,355385]"
syn_alpha_soft_0,zlpng,7,8,10738,786432,633254,266601,1,1,3,"[639794,633254,574105]","[271349,144548,266601]"
syn_alpha_soft_0,zlpng,8,1,12215,786432,12870403,611911,1,1,3,"[12855340,12870403,12873177]","[610029,613243,611911]"
syn_alpha_soft_0,zlpng,8,8,12215,786432,5339341,489136,1,1,3,"[5634295,5031166,5339341]","[478791,508666,489136]"
sk_gravel,original_zpng,0,1,206478,262144,213261,163607,1,1,3,"[215154,213261,213221]","[165620,163547,163607]"
sk_gravel,png,0,1,193994,262144,7249978,1712910,1,1,3,"[7255737,7249978,7235216]","[1712910,1713090,1704366]"
sk_gravel,zlpng,1,1,191948,262144,207863,366772,1,1,3,"[207723,207863,210016]","[366772,366732,367394]"
sk_gravel,zlpng,1,8,191948,262144,210227,368705,1,1,3,"[225059,210227,209586]","[368705,367433,369296]"
sk_gravel,zlpng,2,1,191233,262144,151728,408085,1,1,3,"[151728,151909,151408]","[407884,409837,408085]"
sk_gravel,zlpng,2,8,191233,262144,153340,410088,1,1,3,"[152530,163647,153340]","[410649,408064,410088]"
sk_gravel,zlpng,3,1,191233,262144,163316,409326,1,1,3,"[163316,156666,165089]","[411690,407914,409326]"
sk_gravel,zlpng,3,8,191233,262144,160041,410568,1,1,3,"[160041,157197,164989]","[408084,410568,411209]"
sk_gravel,zlpng,4,1,193692,262144,752724,470739,1,1,3,"[752724,751642,753795]","[470739,468345,472862]"
sk_gravel,zlpng,4,8,193692,262144,758232,473223,1,1,3,"[758232,759364,751702]","[473223,472381,474285]"
sk_gravel,zlpng,5,1,191233,262144,184017,411159,1,1,3,"[182455,184017,190266]","[410878,413753,411159]"
sk_gravel,zlpng,5,8,191233,262144,183096,411159,1,1,3,"[192681,178949,183096]","[411159,408766,411570]"
sk_gravel,zlpng,6,1,191233,262144,188874,410048,1,1,3,"[193872,185229,188874]","[410048,411169,409207]"
sk_gravel,zlpng,6,8,191233,262144,187933,409687,1,1,3,"[192770,187933,185980]","[409687,408735,410968]"
sk_gravel,zlpng,7,1,191233,262144,195665,409577,1,1,3,"[195434,195665,204008]","[411059,408896,409577]"
sk_gravel,zlpng,7,8,191233,262144,198178,409838,1,1,3,"[198248,197067,198178]","[409838,409166,410048]"
sk_gravel,zlpng,8,1,190869,262144,3022562,497169,1,1,3,"[3044485,3005717,3022562]","[496278,497850,497169]"
sk_gravel,zlpng,8,8,190869,262144,3003183,497289,1,1,3,"[3030784,3003183,3002101]","[497289,497829,496979]"
cbsd68_0064,original_zpng,0,1,263020,463203,994087,416857,1,1,3,"[991643,994658,994087]","[416857,415196,417168]"
cbsd68_0064,png,0,1,326632,463203,19113124,2379143,1,1,3,"[19183639,19105282,19113124]","[2379143,2368827,2383599]"
cbsd68_0064,zlpng,1,1,235653,463203,695357,342356,1,1,3,"[684400,704511,695357]","[342356,343407,340593]"
cbsd68_0064,zlpng,1,8,235653,463203,693665,345009,1,1,3,"[800255,574786,693665]","[345009,197488,353983]"
cbsd68_0064,zlpng,2,1,244890,463203,855358,503589,1,1,3,"[850280,856510,855358]","[503388,507804,503589]"
cbsd68_0064,zlpng,2,8,244890,463203,489057,511250,1,1,3,"[482076,838142,489057]","[530579,431450,511250]"
cbsd68_0064,zlpng,3,1,249149,463203,1464746,525572,1,1,3,"[1464746,1456243,1466118]","[525572,525792,523208]"
cbsd68_0064,zlpng,3,8,249149,463203,853195,510569,1,1,3,"[853195,851533,1213488]","[510569,341304,518180]"
cbsd68_0064,zlpng,4,1,255949,463203,1730336,595167,1,1,3,"[1725158,1730336,1742574]","[594926,595167,596007]"
cbsd68_0064,zlpng,4,8,255949,463203,1040317,345690,1,1,3,"[995970,1186658,1040317]","[345690,340272,572162]"
cbsd68_0064,zlpng,5,1,246666,463203,2899156,537499,1,1,3,"[2909722,2896202,2899156]","[537770,537499,535807]"
cbsd68_0064,zlpng,5,8,246666,463203,1645198,518371,1,1,3,"[1645198,1635593,1867162]","[518371,518842,322996]"
cbsd68_0064,zlpng,6,1,246045,463203,3461954,527665,1,1,3,"[3461954,3457837,3467812]","[529948,527174,527665]"
cbsd68_0064,zlpng,6,8,246045,463203,2005921,500544,1,1,3,"[2005921,1998549,2101986]","[457248,500544,536428]"
cbsd68_0064,zlpng,7,1,245487,463203,3964580,531300,1,1,3,"[3964580,3941566,3986083]","[531300,531039,533032]"
cbsd68_0064,zlpng,7,8,245487,463203,2278912,530259,1,1,3,"[2278912,2350820,2271390]","[513834,532552,530259]"
cbsd68_0064,zlpng,8,1,227342,463203,11032214,993185,1,1,3,"[11032214,11053887,11016350]","[995529,993185,987247]"
cbsd68_0064,zlpng,8,8,227342,463203,7914038,1018804,1,1,3,"[8133538,7914038,7881209]","[934998,1079065,1018804]"
cbsd68_0045,original_zpng,0,1,226218,463203,1140668,455707,1,1,3,"[1140668,1141269,1136752]","[456878,455006,455707]"
cbsd68_0045,png,0,1,252442,463203,28186768,2712054,1,1,3,"[28186768,28180498,28231925]","[2716541,2712054,2708409]"
cbsd68_0045,zlpng,1,1,199290,463203,940205,366892,1,1,3,"[947337,940205,922019]","[369486,366892,362436]"
cbsd68_0045,zlpng,1,8,199290,463203,870181,361375,1,1,3,"[543899,870181,882759]","[365761,219490,361375]"
cbsd68_0045,zlpng,2,1,203314,463203,1060717,526223,1,1,3,"[1064613,1060717,1055479]","[532582,526223,523739]"
cbsd68_0045,zlpng,2,8,203314,463203,800435,306422,1,1,3,"[999936,800435,791052]","[306422,302386,306852]"
cbsd68_0045,zlpng,3,1,208177,463203,1515943,534434,1,1,3,"[1524065,1511667,1515943]","[538221,534434,534415]"
cbsd68_0045,zlpng,3,8,208177,463203,916450,498481,1,1,3,"[878002,1021378,916450]","[498481,310338,506533]"
cbsd68_0045,zlpng,4,1,215210,463203,1694772,590800,1,1,3,"[1692689,1694772,1697967]","[590800,590819,589208]"
cbsd68_0045,zlpng,4,8,215210,463203,1287979,572182,1,1,3,"[1348892,1264675,1287979]","[536548,572182,579042]"
cbsd68_0045,zlpng,5,1,205409,463203,2949943,541776,1,1,3,"[2949943,2939606,2950373]","[541776,539151,543308]"
cbsd68_0045,zlpng,5,8,205409,463203,1844207,380283,1,1,3,"[1844207,1664908,1889286]","[380283,520103,315485]"
cbsd68_0045,zlpng,6,1,204328,463203,3732391,526272,1,1,3,"[3732391,3713673,3748926]","[526142,526603,526272]"
cbsd68_0045,zlpng,6,8,204328,463203,2292683,496628,1,1,3,"[2322848,2292683,2160093]","[506062,494855,496628]"
cbsd68_0045,zlpng,7,1,203216,463203,4259104,521876,1,1,3,"[4253756,4259104,4262479]","[521525,523458,521876]"
cbsd68_0045,zlpng,7,8,203216,463203,2464712,457158,1,1,3,"[2471642,2462738,2464712]","[477139,457158,302916]"
cbsd68_0045,zlpng,8,1,183259,463203,16450393,1793672,1,1,3,"[16456202,16450393,16426597]","[1798889,1793672,1790006]"
cbsd68_0045,zlpng,8,8,183259,463203,9548720,1082460,1,1,3,"[9559075,9548720,9496822]","[1428591,1071915,1082460]"
kodak_02,original_zpng,0,1,554936,1179648,2724263,1052195,1,1,3,"[2726716,2723692,2724263]","[1053857,1052195,1050262]"
kodak_02,png,0,1,621459,1179648,82786421,5136966,1,1,3,"[82832081,82786421,82759080]","[5136966,5137988,5130416]"
kodak_02,zlpng,1,1,509070,1179648,2028325,843601,1,1,3,"[2032330,2028325,2015976]","[843601,846124,842469]"
kodak_02,zlpng,1,8,509070,1179648,949520,222135,1,1,3,"[949520,564460,975709]","[222135,225861,221704]"
kodak_02,zlpng,2,1,521418,1179648,2621327,1211375,1,1,3,"[2621327,2617682,2625784]","[1216122,1211375,1210973]"
kodak_02,zlpng,2,8,521418,1179648,683639,304308,1,1,3,"[692763,683639,680915]","[307193,304308,301524]"
kodak_02,zlpng,3,1,538950,1179648,3957139,1316663,1,1,3,"[3964821,3957139,3953293]","[1320919,1316663,1315602]"
kodak_02,zlpng,3,8,538950,1179648,1108589,507464,1,1,3,"[1108589,1382111,929220]","[507464,635848,374023]"
kodak_02,zlpng,4,1,560501,1179648,4546626,1495602,1,1,3,"[4546626,4523221,4559246]","[1497906,1491526,1495602]"
kodak_02,zlpng,4,8,560501,1179648,1541141,705973,1,1,3,"[1541141,1688753,1096981]","[733425,626944,705973]"
kodak_02,zlpng,5,1,527960,1179648,7549729,1332496,1,1,3,"[7549729,7557732,7548287]","[1334440,1332496,1330994]"
kodak_02,zlpng,5,8,527960,1179648,2081525,631281,1,1,3,"[2208846,2081525,1731228]","[331780,631281,632442]"
kodak_02,zlpng,6,1,526367,1179648,9578544,1303192,1,1,3,"[9441459,9623493,9578544]","[1306487,1303192,1302662]"
kodak_02,zlpng,6,8,526367,1179648,2218071,606333,1,1,3,"[2215145,2218071,2580606]","[319391,624320,606333]"
kodak_02,zlpng,7,1,524738,1179648,10960346,1302742,1,1,3,"[10990972,10960346,10952975]","[1305616,1302742,1301610]"
kodak_02,zlpng,7,8,524738,1179648,2926417,639463,1,1,3,"[2735148,3271617,2926417]","[616288,646253,639463]"
kodak_02,zlpng,8,1,484397,1179648,20984632,1920593,1,1,3,"[21243982,20984632,20932803]","[1920593,1925630,1918640]"
kodak_02,zlpng,8,8,484397,1179648,7635819,822098,1,1,3,"[8371457,7612474,7635819]","[1294910,822098,819354]"
kodak_14,original_zpng,0,1,590280,1179648,2503179,1049621,1,1,3,"[2503179,2502108,2505103]","[1049621,1052385,1048178]"
kodak_14,png,0,1,742580,1179648,63397964,5440854,1,1,3,"[63372535,63397964,63430092]","[5440854,5443167,5424910]"
kodak_14,zlpng,1,1,578352,1179648,1967032,868799,1,1,3,"[1967032,1971609,1963427]","[868799,872554,855598]"
kodak_14,zlpng,1,8,578352,1179648,843450,426332,1,1,3,"[901388,843450,704191]","[426332,431329,417939]"
kodak_14,zlpng,2,1,584668,1179648,2325141,1205435,1,1,3,"[2325141,2316488,2325883]","[1205585,1205065,1205435]"
kodak_14,zlpng,2,8,584668,1179648,1000987,585061,1,1,3,"[684041,1000987,1148049]","[293842,585061,595957]"
kodak_14,zlpng,3,1,594812,1179648,3645340,1280308,1,1,3,"[3645340,3632100,3652400]","[1280308,1278776,1285696]"
kodak_14,zlpng,3,8,594812,1179648,1195300,561396,1,1,3,"[1325036,947387,1195300]","[605572,406502,561396]"
kodak_14,zlpng,4,1,615677,1179648,4336491,1455211,1,1,3,"[4385704,4336491,4324162]","[1461031,1455211,1452888]"
kodak_14,zlpng,4,8,615677,1179648,1300228,669748,1,1,3,"[1061219,1651357,1300228]","[658682,696759,669748]"
kodak_14,zlpng,5,1,585575,1179648,7265011,1303312,1,1,3,"[7265011,7265171,7250910]","[1303473,1302631,1303312]"
kodak_14,zlpng,5,8,585575,1179648,1982495,604971,1,1,3,"[1982495,2064219,1716265]","[604971,608526,319501]"
kodak_14,zlpng,6,1,583572,1179648,9093925,1278215,1,1,3,"[9085602,9093925,9114406]","[1276442,1278215,1279116]"
kodak_14,zlpng,6,8,583572,1179648,2433795,594765,1,1,3,"[2502699,2415548,2433795]","[596638,594735,594765]"
kodak_14,zlpng,7,1,582881,1179648,10083405,1276212,1,1,3,"[10100401,10063485,10083405]","[1278095,1275991,1276212]"
kodak_14,zlpng,7,8,582881,1179648,2595248,593815,1,1,3,"[2595248,2957354,2392934]","[593815,341014,598401]"
kodak_14,zlpng,8,1,555228,1179648,21271734,2100213,1,1,3,"[21271734,21233416,21276211]","[2100213,2105330,2097578]"
kodak_14,zlpng,8,8,555228,1179648,9196569,1068069,1,1,3,"[9253986,9196569,9195648]","[1061398,1068069,1683815]"
sk_retina,original_zpng,0,1,1405106,5972763,12262516,6571126,1,1,3,"[12263278,12258280,12262516]","[6578246,6571126,6549303]"
sk_retina,png,0,1,1394892,5972763,283895410,26819208,1,1,3,"[283560536,284184476,283895410]","[26819208,26852248,26757285]"
sk_retina,zlpng,1,1,1232861,5972763,9031581,4273656,1,1,3,"[9031581,9395429,9026374]","[4273656,4916143,4265383]"
sk_retina,zlpng,1,8,1232861,5972763,1360319,644300,1,1,3,"[1360319,1750065,1339457]","[644300,637560,653835]"
sk_retina,zlpng,2,1,1259743,5972763,10015543,6384104,1,1,3,"[10015543,9983264,10372630]","[6384104,6370975,7006552]"
sk_retina,zlpng,2,8,1259743,5972763,1442852,910792,1,1,3,"[1445206,1442852,1433999]","[910792,914046,903160]"
sk_retina,zlpng,3,1,1277275,5972763,12127363,6123081,1,1,3,"[12022415,12127363,12137238]","[6117884,6123081,6129330]"
sk_retina,zlpng,3,8,1277275,5972763,1745709,875298,1,1,3,"[1720982,2391721,1745709]","[878373,875298,869780]"
sk_retina,zlpng,4,1,1304784,5972763,12653906,6331114,1,1,3,"[12653906,12663370,12623320]","[6326448,6333729,6331114]"
sk_retina,zlpng,4,8,1304784,5972763,2355468,913957,1,1,3,"[2078910,2422678,2355468]","[910712,913957,967467]"
sk_retina,zlpng,5,1,1243854,5972763,27141814,6129801,1,1,3,"[27236297,27141814,27104057]","[6127908,6129801,6537165]"
sk_retina,zlpng,5,8,1243854,5972763,4136549,881157,1,1,3,"[3830939,4228278,4136549]","[866094,882769,881157]"
sk_retina,zlpng,6,1,1220567,5972763,37777901,5842869,1,1,3,"[37777901,37644410,39493395]","[5839784,5854556,5842869]"
sk_retina,zlpng,6,8,1220567,5972763,5588326,966655,1,1,3,"[5900085,5268855,5588326]","[966655,852444,1083121]"
sk_retina,zlpng,7,1,1202691,5972763,42787646,5734586,1,1,3,"[43034708,42787646,42753073]","[5734586,5744962,5731982]"
sk_retina,zlpng,7,8,1202691,5972763,6705818,917401,1,1,3,"[6705818,6194228,6734561]","[865393,1023952,917401]"
sk_retina,zlpng,8,1,953719,5972763,148107562,12439102,1,1,3,"[148057295,148151438,148107562]","[12419122,12439102,12477310]"
sk_retina,zlpng,8,8,953719,5972763,20205588,1811087,1,1,3,"[20119249,20205588,20494184]","[1811087,1767783,1890156]"
sk_protein_t00_c1,original_zpng,0,1,21207,32940,39890,25859,1,1,3,"[40411,39890,38358]","[26120,25859,25208]"
sk_protein_t00_c1,png,0,1,20429,32940,894127,194553,1,1,3,"[899985,891523,894127]","[196576,194553,194372]"
sk_protein_t00_c1,zlpng,1,1,21264,32940,35634,44407,1,1,3,"[43084,35323,35634]","[47271,44357,44407]"
sk_protein_t00_c1,zlpng,1,8,21264,32940,36675,45939,1,1,3,"[36605,40000,36675]","[45979,45939,45378]"
sk_protein_t00_c1,zlpng,2,1,21149,32940,30916,50857,1,1,3,"[30346,31948,30916]","[50857,51217,50817]"
sk_protein_t00_c1,zlpng,2,8,21149,32940,29825,50777,1,1,3,"[29825,29725,34812]","[50777,50656,51979]"
sk_protein_t00_c1,zlpng,3,1,21179,32940,37046,51377,1,1,3,"[36625,37046,47801]","[51377,51418,51187]"
sk_protein_t00_c1,zlpng,3,8,21179,32940,36975,51427,1,1,3,"[36485,37367,36975]","[51427,51477,51288]"
sk_protein_t00_c1,zlpng,4,1,21196,32940,53220,52109,1,1,3,"[53220,52078,55253]","[51859,53380,52109]"
sk_protein_t00_c1,zlpng,4,8,21196,32940,55714,52278,1,1,3,"[55714,52469,56345]","[52419,51187,52278]"
sk_protein_t00_c1,zlpng,5,1,21697,32940,124808,62724,1,1,3,"[123176,129455,124808]","[59649,63396,62724]"
sk_protein_t00_c1,zlpng,5,8,21697,32940,125429,61512,1,1,3,"[133651,125429,122234]","[64016,61512,58568]"
sk_protein_t00_c1,zlpng,6,1,21700,32940,216426,59150,1,1,3,"[216426,213241,222816]","[58819,59150,63606]"
sk_protein_t00_c1,zlpng,6,8,21700,32940,218779,62655,1,1,3,"[218779,219681,217308]","[62655,62995,60331]"
sk_protein_t00_c1,zlpng,7,1,21691,32940,234994,61242,1,1,3,"[236607,233351,234994]","[62594,61242,59069]"
sk_protein_t00_c1,zlpng,7,8,21691,32940,237087,60911,1,1,3,"[230096,247102,237087]","[59560,60911,62584]"
sk_protein_t00_c1,zlpng,8,1,21094,32940,410989,60341,1,1,3,"[397959,413562,410989]","[59419,60561,60341]"
sk_protein_t00_c1,zlpng,8,8,21094,32940,410649,60441,1,1,3,"[410649,412652,400924]","[60441,60671,59670]"
syn_impulses_1,original_zpng,0,1,16933,392959,289145,235155,1,1,3,"[292140,289145,285791]","[236306,235155,231548]"
syn_impulses_1,png,0,1,22005,392959,3222352,713114,1,1,3,"[3222352,3205597,3228773]","[713114,712513,716278]"
syn_impulses_1,zlpng,1,1,31343,392959,295205,578141,1,1,3,"[297648,295205,294434]","[578622,578141,576839]"
syn_impulses_1,zlpng,1,8,31343,392959,256186,390759,1,1,3,"[256186,299841,198459]","[390759,404700,389456]"
syn_impulses_1,zlpng,2,1,24174,392959,312231,626364,1,1,3,"[313742,312231,310848]","[626364,626824,624931]"
syn_impulses_1,zlpng,2,8,24174,392959,243256,441354,1,1,3,"[243256,235114,249907]","[441354,437959,488946]"
syn_impulses_1,zlpng,3,1,25029,392959,365761,643609,1,1,3,"[365761,366442,357368]","[643609,643660,641967]"
syn_impulses_1,zlpng,3,8,25029,392959,281054,448565,1,1,3,"[278319,281054,293382]","[450288,432681,448565]"
syn_impulses_1,zlpng,4,1,25060,392959,383187,642087,1,1,3,"[387764,375786,383187]","[642087,640575,645272]"
syn_impulses_1,zlpng,4,8,25060,392959,272931,437259,1,1,3,"[264589,290007,272931]","[458350,435326,437259]"
syn_impulses_1,zlpng,5,1,24565,392959,1145746,635927,1,1,3,"[1153797,1144965,1145746]","[638252,635927,635667]"
syn_impulses_1,zlpng,5,8,24565,392959,784872,446482,1,1,3,"[774676,784872,793565]","[433213,446482,451320]"
syn_impulses_1,zlpng,6,1,24548,392959,1176893,631972,1,1,3,"[1170623,1176893,1183072]","[631972,630479,635547]"
syn_impulses_1,zlpng,6,8,24548,392959,824722,431229,1,1,3,"[825002,817020,824722]","[432482,431229,431059]"
syn_impulses_1,zlpng,7,1,23271,392959,1548642,618291,1,1,3,"[1543925,1549924,1548642]","[620875,617390,618291]"
syn_impulses_1,zlpng,7,8,23271,392959,1053136,440093,1,1,3,"[1048549,1053136,1061509]","[442907,440093,436146]"
syn_impulses_1,zlpng,8,1,19683,392959,4087055,549077,1,1,3,"[4086835,4087055,4096178]","[546763,550659,549077]"
syn_impulses_1,zlpng,8,8,19683,392959,2581207,404239,1,1,3,"[2565634,2581207,2614488]","[411680,404239,371289]"
r3_syn_mixed_activity_1,original_zpng,0,1,344653,787456,434154,421235,1,1,3,"[440203,429526,434154]","[465321,410277,421235]"
r3_syn_mixed_activity_1,png,0,1,347092,787456,12654847,2442468,1,1,3,"[12651312,12913117,12654847]","[2455187,2435928,2442468]"
r3_syn_mixed_activity_1,zlpng,1,1,345089,787456,516177,599353,1,1,3,"[516177,709288,493954]","[599353,668847,598231]"
r3_syn_mixed_activity_1,zlpng,1,8,345089,787456,454054,269146,1,1,3,"[454054,511731,387784]","[269146,480493,238239]"
r3_syn_mixed_activity_1,zlpng,2,1,305301,787456,1192305,625301,1,1,3,"[1192305,1198005,1187048]","[626183,625301,618521]"
r3_syn_mixed_activity_1,zlpng,2,8,305301,787456,1157163,512551,1,1,3,"[1079996,1484456,1157163]","[519343,512551,503829]"
r3_syn_mixed_activity_1,zlpng,3,1,305301,787456,2115516,623810,1,1,3,"[2115516,1861814,2174304]","[627555,621596,623810]"
r3_syn_mixed_activity_1,zlpng,3,8,305301,787456,2009446,507184,1,1,3,"[2021334,1983066,2009446]","[507474,413152,507184]"
r3_syn_mixed_activity_1,zlpng,4,1,305301,787456,2044689,624490,1,1,3,"[2044689,2038981,2334415]","[624490,619783,629107]"
r3_syn_mixed_activity_1,zlpng,4,8,305301,787456,1919911,510368,1,1,3,"[2338462,1919911,1632819]","[512101,461075,510368]"
r3_syn_mixed_activity_1,zlpng,5,1,305351,787456,2504712,623258,1,1,3,"[2494477,2505413,2504712]","[623258,624460,622418]"
r3_syn_mixed_activity_1,zlpng,5,8,305351,787456,2409259,511871,1,1,3,"[2220374,2454787,2409259]","[511871,392301,515987]"
r3_syn_mixed_activity_1,zlpng,6,1,305351,787456,2907959,628707,1,1,3,"[3295383,2900398,2907959]","[626473,629668,628707]"
r3_syn_mixed_activity_1,zlpng,6,8,305351,787456,2544942,525662,1,1,3,"[2716491,2544942,2363769]","[528746,525662,506223]"
r3_syn_mixed_activity_1,zlpng,7,1,305351,787456,3491508,625412,1,1,3,"[3292659,3491508,3760152]","[622387,627665,625412]"
r3_syn_mixed_activity_1,zlpng,7,8,305351,787456,2586074,514685,1,1,3,"[2727547,2501778,2586074]","[514685,528015,465461]"
r3_syn_mixed_activity_1,zlpng,8,1,305324,787456,8520351,652282,1,1,3,"[8590066,8520351,8511939]","[653154,652282,647976]"
r3_syn_mixed_activity_1,zlpng,8,8,305324,787456,4588200,455607,1,1,3,"[4386186,4588200,5239500]","[515947,445671,455607]"
r3_raw_827,original_zpng,0,1,6359919,8388608,7640917,6247118,1,1,3,"[7557040,7640917,7653506]","[6236041,6269201,6247118]"
r3_raw_827,png,0,1,6265464,8388608,376260337,33782024,1,1,3,"[376849423,376260337,373012415]","[33430284,33782024,34997975]"
r3_raw_827,zlpng,1,1,6404967,8388608,6874573,6835694,1,1,3,"[6867572,7945145,6874573]","[6824427,7825365,6835694]"
r3_raw_827,zlpng,1,8,6404967,8388608,1101008,945133,1,1,3,"[1099486,1542162,1101008]","[940206,961908,945133]"
r3_raw_827,zlpng,2,1,5254994,8388608,38679659,10859204,1,1,3,"[39634197,38175019,38679659]","[11612999,10776179,10859204]"
r3_raw_827,zlpng,2,8,5254994,8388608,5948859,1518337,1,1,3,"[5548565,6105976,5948859]","[1506989,1524907,1518337]"
r3_raw_827,zlpng,3,1,5271874,8388608,48233377,11256893,1,1,3,"[48233377,48413117,48054818]","[11256341,11259817,11256893]"
r3_raw_827,zlpng,3,8,5271874,8388608,7237730,1607070,1,1,3,"[7237730,7435127,6980342]","[1623324,1607070,1604085]"
r3_raw_827,zlpng,4,1,5220322,8388608,47618651,10104537,1,1,3,"[47600824,47658791,47618651]","[10094712,10139920,10104537]"
r3_raw_827,zlpng,4,8,5220322,8388608,7026021,1448341,1,1,3,"[7016296,7026021,7185060]","[1445157,1448341,1448471]"
r3_raw_827,zlpng,5,1,5230889,8388608,53950577,10181723,1,1,3,"[53950577,52826434,54094743]","[10181723,10150075,10195614]"
r3_raw_827,zlpng,5,8,5230889,8388608,12997724,1478757,1,1,3,"[13040128,12997724,12889020]","[1460290,1741924,1478757]"
r3_raw_827,zlpng,6,1,5224011,8388608,79416547,10632342,1,1,3,"[79416547,78897695,79962399]","[10633133,10615567,10632342]"
r3_raw_827,zlpng,6,8,5224011,8388608,15706653,1742674,1,1,3,"[15689267,15833725,15706653]","[1530395,1838099,1742674]"
r3_raw_827,zlpng,7,1,5188111,8388608,106335515,10252039,1,1,3,"[106251990,106335515,106872274]","[10260602,10252039,10219530]"
r3_raw_827,zlpng,7,8,5188111,8388608,18898910,1767942,1,1,3,"[19160114,18859100,18898910]","[1547200,1767942,1771077]"
r3_raw_827,zlpng,8,1,5399741,8388608,100201337,15757910,1,1,3,"[100187918,100201337,100340427]","[15757910,15748486,15801927]"
r3_raw_827,zlpng,8,8,5399741,8388608,14539856,2629760,1,1,3,"[14539856,14344712,14767519]","[2703442,2629760,2612805]"
cbsd68_0062,original_zpng,0,1,161228,463203,952845,465691,1,1,3,"[952845,961759,951964]","[465691,474765,465481]"
cbsd68_0062,png,0,1,226509,463203,24748099,1801503,1,1,3,"[24757283,24748099,24736202]","[1806100,1801503,1793611]"
cbsd68_0062,zlpng,1,1,153571,463203,661477,351719,1,1,3,"[666184,661477,647875]","[357368,351719,346091]"
cbsd68_0062,zlpng,1,8,153571,463203,420714,332691,1,1,3,"[587234,408816,420714]","[365540,332691,211408]"
cbsd68_0062,zlpng,2,1,152804,463203,729639,508746,1,1,3,"[727566,729639,782539]","[505270,508746,543959]"
cbsd68_0062,zlpng,2,8,152804,463203,599272,463849,1,1,3,"[634355,557189,599272]","[463849,290758,482977]"
cbsd68_0062,zlpng,3,1,154168,463203,954006,497029,1,1,3,"[954006,955369,947978]","[499733,496157,497029]"
cbsd68_0062,zlpng,3,8,154168,463203,651131,467114,1,1,3,"[600995,651131,759994]","[290928,482787,467114]"
cbsd68_0062,zlpng,4,1,160336,463203,1238535,539453,1,1,3,"[1229732,1238535,1283252]","[539453,540224,538772]"
cbsd68_0062,zlpng,4,8,160336,463203,1072755,514815,1,1,3,"[1072755,664641,1185635]","[533073,514815,428646]"
cbsd68_0062,zlpng,5,1,153177,463203,2387065,504490,1,1,3,"[2380534,2387065,2387115]","[500403,504490,539062]"
cbsd68_0062,zlpng,5,8,153177,463203,1359968,467875,1,1,3,"[1340789,1540710,1359968]","[286011,467875,503658]"
cbsd68_0062,zlpng,6,1,152006,463203,2942952,492111,1,1,3,"[2938194,2949021,2942952]","[492852,492111,491100]"
cbsd68_0062,zlpng,6,8,152006,463203,1661582,398851,1,1,3,"[1655273,1661582,2062917]","[398851,281875,464309]"
cbsd68_0062,zlpng,7,1,150645,463203,3375934,477128,1,1,3,"[3419049,3375934,3360911]","[477128,478460,476167]"
cbsd68_0062,zlpng,7,8,150645,463203,2130288,469628,1,1,3,"[2204099,2130288,1910377]","[448846,469628,474915]"
cbsd68_0062,zlpng,8,1,139841,463203,12849691,1178555,1,1,3,"[12832645,12849691,12854007]","[1178555,1177393,1178585]"
cbsd68_0062,zlpng,8,8,139841,463203,7111749,653234,1,1,3,"[7121855,7111749,7107073]","[653234,653133,873265]"
r3_syn_quadratic_tiles_0,original_zpng,0,1,28849,197890,346232,251058,1,1,3,"[365521,346232,340553]","[263737,244668,251058]"
r3_syn_quadratic_tiles_0,png,0,1,30657,197890,6061709,601535,1,1,3,"[6062209,6050873,6061709]","[601535,590088,602808]"
r3_syn_quadratic_tiles_0,zlpng,1,1,25485,197890,238339,184979,1,1,3,"[253702,238339,231899]","[201123,184979,183597]"
r3_syn_quadratic_tiles_0,zlpng,1,8,25485,197890,236085,183847,1,1,3,"[250057,236085,235905]","[183806,183847,184939]"
r3_syn_quadratic_tiles_0,zlpng,2,1,22949,197890,554946,293702,1,1,3,"[595126,547975,554946]","[315916,293702,292210]"
r3_syn_quadratic_tiles_0,zlpng,2,8,22949,197890,549077,296406,1,1,3,"[549077,556989,544801]","[296406,300873,292490]"
r3_syn_quadratic_tiles_0,zlpng,3,1,15519,197890,414063,211639,1,1,3,"[411950,422847,414063]","[210317,213141,211639]"
r3_syn_quadratic_tiles_0,zlpng,3,8,15519,197890,418410,212310,1,1,3,"[433874,418410,413102]","[225089,212310,208865]"
r3_syn_quadratic_tiles_0,zlpng,4,1,15519,197890,419702,213241,1,1,3,"[419702,413303,428225]","[228795,211408,213241]"
r3_syn_quadratic_tiles_0,zlpng,4,8,15519,197890,412401,213041,1,1,3,"[448145,412401,401685]","[224568,213041,208594]"
r3_syn_quadratic_tiles_0,zlpng,5,1,11234,197890,804612,191839,1,1,3,"[804612,795267,825603]","[190898,191949,191839]"
r3_syn_quadratic_tiles_0,zlpng,5,8,11234,197890,822739,190797,1,1,3,"[873776,806715,822739]","[203506,190747,190797]"
r3_syn_quadratic_tiles_0,zlpng,6,1,11234,197890,828107,190888,1,1,3,"[837140,828107,807596]","[188664,191378,190888]"
r3_syn_quadratic_tiles_0,zlpng,6,8,11234,197890,838102,190768,1,1,3,"[912814,838102,799323]","[206681,190768,189426]"
r3_syn_quadratic_tiles_0,zlpng,7,1,11234,197890,829399,192730,1,1,3,"[880085,815708,829399]","[206872,192730,190927]"
r3_syn_quadratic_tiles_0,zlpng,7,8,11234,197890,829148,192500,1,1,3,"[831963,829148,804602]","[192610,192500,190747]"
r3_syn_quadratic_tiles_0,zlpng,8,1,12354,197890,3563566,331099,1,1,3,"[3818460,3563566,3554182]","[336016,314183,331099]"
r3_syn_quadratic_tiles_0,zlpng,8,8,12354,197890,3581474,319120,1,1,3,"[3828725,3552049,3581474]","[336067,315725,319120]"
sk_protein_t07_c1,original_zpng,0,1,20345,32940,44407,26310,1,1,3,"[47482,44407,44067]","[26770,26310,25939]"
sk_protein_t07_c1,png,0,1,19567,32940,1025525,197327,1,1,3,"[1029691,1025525,1023932]","[197327,198949,195645]"
sk_protein_t07_c1,zlpng,1,1,20465,32940,37347,45499,1,1,3,"[37626,37256,37347]","[45339,45499,45708]"
sk_protein_t07_c1,zlpng,1,8,20465,32940,38148,46279,1,1,3,"[41353,33961,38148]","[46720,43535,46279]"
sk_protein_t07_c1,zlpng,2,1,20351,32940,31468,50676,1,1,3,"[30286,31468,32770]","[50546,50676,50846]"
sk_protein_t07_c1,zlpng,2,8,20351,32940,31076,50677,1,1,3,"[31648,30877,31076]","[50797,50576,50677]"
sk_protein_t07_c1,zlpng,3,1,20450,32940,65389,55654,1,1,3,"[66310,65258,65389]","[55654,55834,55203]"
sk_protein_t07_c1,zlpng,3,8,20450,32940,60141,54673,1,1,3,"[60141,60221,58558]","[54712,54673,54091]"
sk_protein_t07_c1,zlpng,4,1,20418,32940,66280,52969,1,1,3,"[63105,66691,66280]","[51808,53100,52969]"
sk_protein_t07_c1,zlpng,4,8,20418,32940,66510,52910,1,1,3,"[67402,66230,66510]","[53571,52840,52910]"
sk_protein_t07_c1,zlpng,5,1,21006,32940,134172,64587,1,1,3,"[134172,135293,133732]","[63195,65108,64587]"
sk_protein_t07_c1,zlpng,5,8,21006,32940,139059,65419,1,1,3,"[135814,139059,140121]","[65419,63326,65498]"
sk_protein_t07_c1,zlpng,6,1,20993,32940,229746,63456,1,1,3,"[229746,228194,230097]","[63456,62544,65048]"
sk_protein_t07_c1,zlpng,6,8,20993,32940,228905,64878,1,1,3,"[228905,226842,231268]","[64878,62254,65078]"
sk_protein_t07_c1,zlpng,7,1,20981,32940,257748,63756,1,1,3,"[257748,256847,260312]","[65488,63756,63545]"
sk_protein_t07_c1,zlpng,7,8,20981,32940,260282,64357,1,1,3,"[260282,250387,263216]","[64357,61763,64427]"
sk_protein_t07_c1,zlpng,8,1,20275,32940,414644,60692,1,1,3,"[408936,415646,414644]","[60381,60692,60832]"
sk_protein_t07_c1,zlpng,8,8,20275,32940,406222,60290,1,1,3,"[402597,411259,406222]","[59890,60431,60290]"
sk_mitosis,original_zpng,0,1,106373,262144,777972,274033,1,1,3,"[777972,780505,775758]","[274784,270908,274033]"
sk_mitosis,png,0,1,101755,262144,17272181,1618197,1,1,3,"[17272181,17288846,17265331]","[1606089,1620470,1618197]"
sk_mitosis,zlpng,1,1,101675,262144,579933,379541,1,1,3,"[563429,579933,580084]","[375705,381865,379541]"
sk_mitosis,zlpng,1,8,101675,262144,562147,375866,1,1,3,"[556458,584140,562147]","[374524,382325,375866]"
sk_mitosis,zlpng,2,1,101886,262144,627185,486122,1,1,3,"[627185,632513,621837]","[482827,486432,486122]"
sk_mitosis,zlpng,2,8,101886,262144,622858,483528,1,1,3,"[622858,620575,624650]","[483528,485611,483318]"
sk_mitosis,zlpng,3,1,103203,262144,826736,470578,1,1,3,"[816410,826736,827977]","[470959,469547,470578]"
sk_mitosis,zlpng,3,8,103203,262144,819224,471370,1,1,3,"[820195,819224,817040]","[471370,473653,470659]"
sk_mitosis,zlpng,4,1,106082,262144,900376,481435,1,1,3,"[900376,895018,907857]","[482356,481435,479963]"
sk_mitosis,zlpng,4,8,106082,262144,903982,481064,1,1,3,"[899915,909660,903982]","[482427,480784,481064]"
sk_mitosis,zlpng,5,1,101245,262144,1700681,484259,1,1,3,"[1698888,1700681,1703766]","[490499,484259,483408]"
sk_mitosis,zlpng,5,8,101245,262144,1694081,483348,1,1,3,"[1689484,1711167,1694081]","[484089,483348,482076]"
sk_mitosis,zlpng,6,1,100112,262144,2454367,468145,1,1,3,"[2461707,2454367,2435878]","[468145,471099,466573]"
sk_mitosis,zlpng,6,8,100112,262144,2446704,467645,1,1,3,"[2446704,2452583,2425722]","[468015,467645,467454]"
sk_mitosis,zlpng,7,1,100031,262144,2544733,474104,1,1,3,"[2572975,2532604,2544733]","[473934,474645,474104]"
sk_mitosis,zlpng,7,8,100031,262144,2540646,472561,1,1,3,"[2546956,2540646,2540506]","[472561,475025,471831]"
sk_mitosis,zlpng,8,1,98482,262144,11548832,1287790,1,1,3,"[11563874,11500619,11548832]","[1320799,1287790,1285896]"
sk_mitosis,zlpng,8,8,98482,262144,11548842,1285496,1,1,3,"[11528541,11592307,11548842]","[1285496,1287379,1282111]"
r3_coco_285,original_zpng,0,1,723665,1125120,1507870,805172,1,1,3,"[1504856,1507870,1512948]","[801196,805172,806063]"
r3_coco_285,png,0,1,868362,1125120,39176577,4542040,1,1,3,"[39167013,39178851,39176577]","[4542150,4542040,4505845]"
r3_coco_285,zlpng,1,1,692212,1125120,958894,738312,1,1,3,"[958894,952605,962589]","[739564,738312,738291]"
r3_coco_285,zlpng,1,8,692212,1125120,537499,392361,1,1,3,"[552041,537499,445601]","[407474,392361,388865]"
r3_coco_285,zlpng,2,1,707365,1125120,1457855,1184534,1,1,3,"[1457855,1455863,1463173]","[1187909,1181880,1184534]"
r3_coco_285,zlpng,2,8,707365,1125120,629558,316687,1,1,3,"[446122,629558,920736]","[314344,316687,640355]"
r3_coco_285,zlpng,3,1,714056,1125120,2619625,1283744,1,1,3,"[2619625,2619455,2643992]","[1285235,1280198,1283744]"
r3_coco_285,zlpng,3,8,714056,1125120,1198245,656298,1,1,3,"[1403674,1196031,1198245]","[656298,657691,337678]"
r3_coco_285,zlpng,4,1,728968,1125120,4103209,1385026,1,1,3,"[4103209,4090770,4103680]","[1386168,1385026,1384105]"
r3_coco_285,zlpng,4,8,728968,1125120,1079707,675177,1,1,3,"[1079707,1076622,1568823]","[695237,675177,588747]"
r3_coco_285,zlpng,5,1,713081,1125120,5671662,1295841,1,1,3,"[5668657,5701876,5671662]","[1294129,1295841,1296232]"
r3_coco_285,zlpng,5,8,713081,1125120,1723826,635357,1,1,3,"[1732369,1717937,1723826]","[649949,335345,635357]"
r3_coco_285,zlpng,6,1,712853,1125120,6508391,1291806,1,1,3,"[6512086,6508391,6507530]","[1288641,1291806,1292847]"
r3_coco_285,zlpng,6,8,712853,1125120,2432534,639233,1,1,3,"[2480576,2432534,2347035]","[639233,648727,592703]"
r3_coco_285,zlpng,7,1,712077,1125120,7252491,1286458,1,1,3,"[7255696,7242847,7252491]","[1286458,1286107,1290142]"
r3_coco_285,zlpng,7,8,712077,1125120,2559455,510579,1,1,3,"[2397260,2638974,2559455]","[646033,510579,487794]"
r3_coco_285,zlpng,8,1,686829,1125120,13358487,1283293,1,1,3,"[13358487,13331746,13371807]","[1280398,1283693,1283293]"
r3_coco_285,zlpng,8,8,686829,1125120,3326569,654125,1,1,3,"[3326569,3186329,3593302]","[654125,647204,664821]"
cbsd68_0001,original_zpng,0,1,281139,463203,801847,353562,1,1,3,"[794386,805313,801847]","[351800,357118,353562]"
cbsd68_0001,png,0,1,310687,463203,18076652,2262938,1,1,3,"[18123162,18067689,18076652]","[2260525,2263098,2262938]"
cbsd68_0001,zlpng,1,1,244087,463203,554896,322406,1,1,3,"[874877,554896,550459]","[320843,325610,322406]"
cbsd68_0001,zlpng,1,8,244087,463203,589988,330978,1,1,3,"[593013,589988,569017]","[330978,347103,317438]"
cbsd68_0001,zlpng,2,1,248163,463203,662979,455105,1,1,3,"[658862,666264,662979]","[454154,455105,457248]"
cbsd68_0001,zlpng,2,8,248163,463203,490208,406122,1,1,3,"[446772,491290,490208]","[389666,406122,416517]"
cbsd68_0001,zlpng,3,1,253587,463203,1264264,493984,1,1,3,"[1268941,1255020,1264264]","[493844,493984,495547]"
cbsd68_0001,zlpng,3,8,253587,463203,761426,455366,1,1,3,"[761426,835228,758372]","[457209,455366,454575]"
cbsd68_0001,zlpng,4,1,264579,463203,1904388,604370,1,1,3,"[1885930,1904388,1904829]","[603719,604370,605953]"
cbsd68_0001,zlpng,4,8,264579,463203,1080447,348685,1,1,3,"[1361540,1078975,1080447]","[562928,347213,348685]"
cbsd68_0001,zlpng,5,1,251685,463203,2026973,493022,1,1,3,"[2029687,2026482,2026973]","[493022,492712,496437]"
cbsd68_0001,zlpng,5,8,251685,463203,1112665,280032,1,1,3,"[1095560,1603024,1112665]","[278730,280032,283047]"
cbsd68_0001,zlpng,6,1,251650,463203,2308086,491250,1,1,3,"[2308086,2303759,2461086]","[493343,491250,491180]"
cbsd68_0001,zlpng,6,8,251650,463203,1333448,344739,1,1,3,"[1333448,1269522,1377093]","[344739,452642,280954]"
cbsd68_0001,zlpng,7,1,251164,463203,2781459,490128,1,1,3,"[2848299,2781459,2773367]","[490649,490128,488776]"
cbsd68_0001,zlpng,7,8,251164,463203,2027283,455937,1,1,3,"[2027283,2047483,1640401]","[455937,279351,461144]"
cbsd68_0001,zlpng,8,1,246946,463203,7652855,554144,1,1,3,"[7619074,7652855,7673405]","[553473,555015,554144]"
cbsd68_0001,zlpng,8,8,246946,463203,4836102,521976,1,1,3,"[5045148,4723814,4836102]","[521976,521335,616007]"
kodak_18,original_zpng,0,1,658141,1179648,2201085,952505,1,1,3,"[2201085,2206843,2199583]","[957221,952505,951973]"
kodak_18,png,0,1,782081,1179648,59211078,5034191,1,1,3,"[59321324,59192641,59211078]","[5034191,5041322,5031728]"
kodak_18,zlpng,1,1,603898,1179648,1024773,764131,1,1,3,"[1022700,1028950,1024773]","[763660,764261,764131]"
kodak_18,zlpng,1,8,603898,1179648,460854,244108,1,1,3,"[463278,460854,439723]","[212710,244108,350558]"
kodak_18,zlpng,2,1,624784,1179648,1910036,1199115,1,1,3,"[1910036,1903327,1911379]","[1197373,1199496,1199115]"
kodak_18,zlpng,2,8,624784,1179648,609949,299160,1,1,3,"[848948,609949,513353]","[591581,298409,299160]"
kodak_18,zlpng,3,1,637701,1179648,3359149,1256823,1,1,3,"[3380801,3348923,3359149]","[1256292,1256823,1257684]"
kodak_18,zlpng,3,8,637701,1179648,1060237,585842,1,1,3,"[1051273,1060237,1255100]","[556077,599202,585842]"
kodak_18,zlpng,4,1,663992,1179648,4650604,1516203,1,1,3,"[4640288,4650604,4667199]","[1514341,1516814,1516203]"
kodak_18,zlpng,4,8,663992,1179648,1260549,586904,1,1,3,"[1085935,1260549,1312947]","[416377,586904,712513]"
kodak_18,zlpng,5,1,631765,1179648,6315310,1274910,1,1,3,"[6329722,6299577,6315310]","[1275481,1274910,1274800]"
kodak_18,zlpng,5,8,631765,1179648,2014454,600334,1,1,3,"[2014454,2294115,1882985]","[604991,600334,569879]"
kodak_18,zlpng,6,1,631319,1179648,7296658,1266497,1,1,3,"[7279833,7296658,7304370]","[1264765,1269812,1266497]"
kodak_18,zlpng,6,8,631319,1179648,1978810,582928,1,1,3,"[2218631,1978810,1960633]","[597730,582928,417178]"
kodak_18,zlpng,7,1,629943,1179648,8668324,1261900,1,1,3,"[8690767,8656416,8668324]","[1261860,1264445,1261900]"
kodak_18,zlpng,7,8,629943,1179648,2737914,551310,1,1,3,"[2671694,2737914,2767788]","[551310,601886,476628]"
kodak_18,zlpng,8,1,595145,1179648,13988907,1348170,1,1,3,"[14001124,13977479,13988907]","[1351846,1345246,1348170]"
kodak_18,zlpng,8,8,595145,1179648,3484267,541385,1,1,3,"[3146488,3484267,3846924]","[660414,460343,541385]"
syn_ui_light_2,original_zpng,0,1,21514,2359296,1194339,1037102,1,1,3,"[1203162,1194339,1161379]","[1037102,1054528,998564]"
syn_ui_light_2,png,0,1,45646,2359296,11565197,4598304,1,1,3,"[11633490,11565197,11562762]","[4594779,4609091,4598304]"
syn_ui_light_2,zlpng,1,1,55348,2359296,566483,1258806,1,1,3,"[566483,557900,575357]","[1258806,1255591,1266307]"
syn_ui_light_2,zlpng,1,8,55348,2359296,210046,351970,1,1,3,"[210046,165579,253001]","[352401,316787,351970]"
syn_ui_light_2,zlpng,2,1,40321,2359296,544950,1381541,1,1,3,"[541075,549157,544950]","[1381541,1384135,1380540]"
syn_ui_light_2,zlpng,2,8,40321,2359296,155234,336016,1,1,3,"[199020,155234,151959]","[374113,336016,335125]"
syn_ui_light_2,zlpng,3,1,40936,2359296,620305,1384395,1,1,3,"[623379,620305,612782]","[1381741,1391084,1384395]"
syn_ui_light_2,zlpng,3,8,40936,2359296,231258,402156,1,1,3,"[242806,230447,231258]","[402156,474164,375586]"
syn_ui_light_2,zlpng,4,1,42072,2359296,667666,1390083,1,1,3,"[667666,667745,663940]","[1390083,1386949,1390434]"
syn_ui_light_2,zlpng,4,8,42072,2359296,237558,372671,1,1,3,"[270377,237558,192921]","[387163,372671,329796]"
syn_ui_light_2,zlpng,5,1,40588,2359296,1245014,1345185,1,1,3,"[1232335,1359938,1245014]","[1345185,1512218,1340779]"
syn_ui_light_2,zlpng,5,8,40588,2359296,372371,338740,1,1,3,"[435977,372371,361685]","[375966,338740,321825]"
syn_ui_light_2,zlpng,6,1,40495,2359296,1342261,1337935,1,1,3,"[1342261,1331846,1357414]","[1337935,1336743,1339738]"
syn_ui_light_2,zlpng,6,8,40495,2359296,536247,382887,1,1,3,"[668727,427414,536247]","[406412,374154,382887]"
syn_ui_light_2,zlpng,7,1,39442,2359296,1696254,1332977,1,1,3,"[1696254,1776495,1694812]","[1333068,1332977,1328631]"
syn_ui_light_2,zlpng,7,8,39442,2359296,1108749,327914,1,1,3,"[566804,1141149,1108749]","[327914,324168,338891]"
syn_ui_light_2,zlpng,8,1,36918,2359296,22851543,1395662,1,1,3,"[22851543,22860367,22607095]","[1395662,1388891,1623715]"
syn_ui_light_2,zlpng,8,8,36918,2359296,4914260,402326,1,1,3,"[4906920,4914260,4917546]","[411980,378479,402326]"
r3_raw_758,original_zpng,0,1,6084367,8388608,12076056,6730185,1,1,3,"[13385187,12076056,11984908]","[6654852,6730185,6802885]"
r3_raw_758,png,0,1,6138771,8388608,440860881,29751975,1,1,3,"[440633038,440860881,441813225]","[29751704,29751975,31003930]"
r3_raw_758,zlpng,1,1,6224438,8388608,7166422,6923176,1,1,3,"[6971379,7260293,7166422]","[6920222,6923176,6943596]"
r3_raw_758,zlpng,1,8,6224438,8388608,1214670,977503,1,1,3,"[1691527,1214670,1135810]","[977503,984222,963531]"
r3_raw_758,zlpng,2,1,4711199,8388608,33531206,11230052,1,1,3,"[33744828,33487801,33531206]","[11245625,11230052,11204344]"
r3_raw_758,zlpng,2,8,4711199,8388608,4994612,1599129,1,1,3,"[4994612,5316035,4728400]","[1599129,1909786,1585127]"
r3_raw_758,zlpng,3,1,4711709,8388608,41896744,11323553,1,1,3,"[41893459,41965217,41896744]","[11365475,11323553,11307449]"
r3_raw_758,zlpng,3,8,4711709,8388608,6367940,1601352,1,1,3,"[6874653,6367940,6179637]","[1761132,1601352,1599078]"
r3_raw_758,zlpng,4,1,4698752,8388608,42470939,11023190,1,1,3,"[42450648,42595426,42470939]","[11023190,11047027,11010511]"
r3_raw_758,zlpng,4,8,4698752,8388608,6573350,1567891,1,1,3,"[6198995,7101414,6573350]","[1567891,1700411,1566579]"
r3_raw_758,zlpng,5,1,4687040,8388608,68458715,11123672,1,1,3,"[68274417,68458715,70072876]","[11093176,11123672,11362251]"
r3_raw_758,zlpng,5,8,4687040,8388608,14656902,1580350,1,1,3,"[15209735,14656902,14504914]","[1568622,1580350,1584696]"
r3_raw_758,zlpng,6,1,4675960,8388608,79467434,11512007,1,1,3,"[80111103,79467434,77377055]","[11602362,11512007,11234829]"
r3_raw_758,zlpng,6,8,4675960,8388608,15967736,1666740,1,1,3,"[15967736,16196321,15851571]","[1666740,1666519,1671438]"
r3_raw_758,zlpng,7,1,4664030,8388608,86783781,11100276,1,1,3,"[86783781,86821278,86054944]","[11100276,11078274,11103852]"
r3_raw_758,zlpng,7,8,4664030,8388608,16241929,1576444,1,1,3,"[16197843,17455697,16241929]","[1567290,1645928,1576444]"
r3_raw_758,zlpng,8,1,5327806,8388608,87556175,23667121,1,1,3,"[88712756,86593965,87556175]","[24362358,23667121,23627141]"
r3_raw_758,zlpng,8,8,5327806,8388608,12227074,3240460,1,1,3,"[12077408,12227074,14377411]","[3230344,3240460,3564057]"
r3_rgb16_artificial,original_zpng,0,1,7409389,37748736,60775695,42022403,1,1,3,"[61109518,60706400,60775695]","[42022403,41712266,42529978]"
r3_rgb16_artificial,png,0,1,7710038,37748736,813668157,119491477,1,1,3,"[813668157,813736450,813644562]","[119491477,119699781,119214109]"
r3_rgb16_artificial,zlpng,1,1,7779769,37748736,47431489,25122944,1,1,3,"[47553423,47431489,47413201]","[25122944,25508995,25064075]"
r3_rgb16_artificial,zlpng,1,8,7779769,37748736,7903052,3982447,1,1,3,"[7925535,7903052,7694037]","[3982447,4101797,3812792]"
r3_rgb16_artificial,zlpng,2,1,6028541,37748736,78118983,37860235,1,1,3,"[79175113,77839832,78118983]","[39439413,37437839,37860235]"
r3_rgb16_artificial,zlpng,2,8,6028541,37748736,12031689,5473844,1,1,3,"[13772561,12031689,11985850]","[5444379,5473844,5634225]"
r3_rgb16_artificial,zlpng,3,1,5969364,37748736,80909365,31534569,1,1,3,"[80759610,81759956,80909365]","[31284433,31865016,31534569]"
r3_rgb16_artificial,zlpng,3,8,5969364,37748736,12080092,4532065,1,1,3,"[12080092,12238110,11963276]","[4532065,4552266,4517624]"
r3_rgb16_artificial,zlpng,4,1,5961540,37748736,84063525,31628250,1,1,3,"[86467105,84063525,83751795]","[31748281,31161868,31628250]"
r3_rgb16_artificial,zlpng,4,8,5961540,37748736,12787708,4756634,1,1,3,"[13343875,12767096,12787708]","[5091428,4489771,4756634]"
r3_rgb16_artificial,zlpng,5,1,5525058,37748736,184750193,27496889,1,1,3,"[184602040,184750193,184801571]","[27496889,27386703,27886665]"
r3_rgb16_artificial,zlpng,5,8,5525058,37748736,26082940,4140936,1,1,3,"[26073415,26529111,26082940]","[4140936,4386526,4115147]"
r3_rgb16_artificial,zlpng,6,1,5516753,37748736,195227742,28052405,1,1,3,"[195227742,195862087,194515189]","[28052405,28124293,27429988]"
r3_rgb16_artificial,zlpng,6,8,5516753,37748736,27289136,4113474,1,1,3,"[27289136,27405050,27177398]","[4387648,4062117,4113474]"
r3_rgb16_artificial,zlpng,7,1,5510323,37748736,202091318,27971283,1,1,3,"[202615447,202091318,202057207]","[28392989,27971283,27643700]"
r3_rgb16_artificial,zlpng,7,8,5510323,37748736,28296733,4173084,1,1,3,"[28278406,28410545,28296733]","[4101908,4173084,4242539]"
r3_rgb16_artificial,zlpng,8,1,5663363,37748736,463508156,29373555,1,1,3,"[463508156,464401773,463353964]","[29373555,28993513,29523210]"
r3_rgb16_artificial,zlpng,8,8,5663363,37748736,62141491,4322309,1,1,3,"[62571379,62028591,62141491]","[4297491,4405405,4322309]"
sk_cells3d_z30_c0,original_zpng,0,1,102329,131072,124618,86891,1,1,3,"[126440,124618,124598]","[86891,85869,89355]"
sk_cells3d_z30_c0,png,0,1,102192,131072,5183016,757852,1,1,3,"[5183016,5173971,5191988]","[758993,749789,757852]"
sk_cells3d_z30_c0,zlpng,1,1,100376,131072,115554,109515,1,1,3,"[115554,116606,114072]","[109515,109865,108804]"
sk_cells3d_z30_c0,zlpng,1,8,100376,131072,118559,110677,1,1,3,"[118559,121833,118028]","[109535,112920,110677]"
sk_cells3d_z30_c0,zlpng,2,1,87607,131072,659884,142875,1,1,3,"[645512,672503,659884]","[143746,139340,142875]"
sk_cells3d_z30_c0,zlpng,2,8,87607,131072,559823,139120,1,1,3,"[559562,559823,684841]","[138609,139120,143226]"
sk_cells3d_z30_c0,zlpng,3,1,87608,131072,903400,140412,1,1,3,"[901288,904031,903400]","[141303,140412,140292]"
sk_cells3d_z30_c0,zlpng,3,8,87608,131072,905954,141332,1,1,3,"[797771,907858,905954]","[140352,141332,141483]"
sk_cells3d_z30_c0,zlpng,4,1,87608,131072,801076,139120,1,1,3,"[801076,973576,784181]","[139120,141333,138989]"
sk_cells3d_z30_c0,zlpng,4,8,87608,131072,964783,141403,1,1,3,"[976540,964783,862298]","[140612,142635,141403]"
sk_cells3d_z30_c0,zlpng,5,1,87684,131072,1225064,141784,1,1,3,"[1246878,1133297,1225064]","[140912,141784,141923]"
sk_cells3d_z30_c0,zlpng,5,8,87684,131072,1240809,141964,1,1,3,"[1244184,1240809,1061348]","[139420,142004,141964]"
sk_cells3d_z30_c0,zlpng,6,1,87684,131072,1251004,142855,1,1,3,"[1230302,1251004,1319297]","[142916,142685,142855]"
sk_cells3d_z30_c0,zlpng,6,8,87684,131072,1236402,142775,1,1,3,"[1419878,1224484,1236402]","[140472,142775,143976]"
sk_cells3d_z30_c0,zlpng,7,1,87684,131072,1655073,142675,1,1,3,"[1655073,1455312,1657786]","[140982,143356,142675]"
sk_cells3d_z30_c0,zlpng,7,8,87684,131072,1650015,142735,1,1,3,"[1650015,1489233,1655924]","[142544,145399,142735]"
sk_cells3d_z30_c0,zlpng,8,1,87684,131072,2512634,144217,1,1,3,"[2512634,2644823,2497511]","[146350,144217,143406]"
sk_cells3d_z30_c0,zlpng,8,8,87684,131072,2625704,143987,1,1,3,"[2625704,2611934,2630772]","[143987,146761,142104]"
syn_map_1,original_zpng,0,1,70564,1178877,989040,818863,1,1,3,"[979926,989220,989040]","[818863,824472,817761]"
syn_map_1,png,0,1,26810,1178877,7388477,1990678,1,1,3,"[7388477,7385843,7416208]","[1990678,2016837,1989466]"
syn_map_1,zlpng,1,1,70882,1178877,626554,741096,1,1,3,"[628847,626554,625201]","[741096,742408,739144]"
syn_map_1,zlpng,1,8,70882,1178877,400393,380974,1,1,3,"[214073,400393,408955]","[268815,380974,394494]"
syn_map_1,zlpng,2,1,63978,1178877,736929,913726,1,1,3,"[728928,746605,736929]","[913726,917141,911914]"
syn_map_1,zlpng,2,8,63978,1178877,438130,480183,1,1,3,"[230567,445471,438130]","[252821,488065,480183]"
syn_map_1,zlpng,3,1,61160,1178877,745122,882189,1,1,3,"[741036,745122,747776]","[878603,882189,884703]"
syn_map_1,zlpng,3,8,61160,1178877,461435,439061,1,1,3,"[464239,459312,461435]","[439061,457469,360513]"
syn_map_1,zlpng,4,1,61461,1178877,770220,883650,1,1,3,"[764151,779083,770220]","[883650,886866,882389]"
syn_map_1,zlpng,4,8,61461,1178877,240632,360163,1,1,3,"[280632,240522,240632]","[473744,239450,360163]"
syn_map_1,zlpng,5,1,56958,1178877,2895931,852714,1,1,3,"[2906978,2895931,2888590]","[857712,852714,849128]"
syn_map_1,zlpng,5,8,56958,1178877,1078364,347193,1,1,3,"[1078364,911763,1303993]","[347193,248214,440073]"
syn_map_1,zlpng,6,1,54883,1178877,3450145,835759,1,1,3,"[3434702,3450145,3472710]","[833946,835759,836289]"
syn_map_1,zlpng,6,8,54883,1178877,1486128,439222,1,1,3,"[1530124,1486128,1348651]","[439392,439222,222325]"
syn_map_1,zlpng,7,1,53088,1178877,3888847,814888,1,1,3,"[3888847,3901866,3878370]","[814526,814888,818173]"
syn_map_1,zlpng,7,8,53088,1178877,1520640,420373,1,1,3,"[1520640,1114659,1698508]","[460974,420373,419292]"
syn_map_1,zlpng,8,1,28881,1178877,13784940,873105,1,1,3,"[13699851,13882947,13784940]","[873105,869870,873135]"
syn_map_1,zlpng,8,8,28881,1178877,3895366,450999,1,1,3,"[3895366,4104732,3242863]","[465892,450999,432712]"
syn_correlated_1,original_zpng,0,1,145486,1178877,1426979,603829,1,1,3,"[1426979,1441311,1417304]","[605993,603519,603829]"
syn_correlated_1,png,0,1,191953,1178877,38593139,3895806,1,1,3,"[38599538,38593139,38551016]","[3889728,3909037,3895806]"
syn_correlated_1,zlpng,1,1,124861,1178877,1035600,824812,1,1,3,"[1035600,1029701,1039966]","[820566,824812,829049]"
syn_correlated_1,zlpng,1,8,124861,1178877,348555,300623,1,1,3,"[254173,348555,628827]","[400102,210798,300623]"
syn_correlated_1,zlpng,2,1,126084,1178877,1084804,837782,1,1,3,"[1084824,1080147,1084804]","[844892,837141,837782]"
syn_correlated_1,zlpng,2,8,126084,1178877,515416,375636,1,1,3,"[515416,314834,525642]","[398991,375636,214934]"
syn_correlated_1,zlpng,3,1,128547,1178877,1299477,838803,1,1,3,"[1379157,1295772,1299477]","[894006,831682,838803]"
syn_correlated_1,zlpng,3,8,128547,1178877,323678,211068,1,1,3,"[474224,323678,311980]","[241093,207412,211068]"
syn_correlated_1,zlpng,4,1,131107,1178877,1391385,852995,1,1,3,"[1493499,1391385,1387129]","[915048,852995,851482]"
syn_correlated_1,zlpng,4,8,131107,1178877,679653,425681,1,1,3,"[532943,679653,685883]","[413873,427354,425681]"
syn_correlated_1,zlpng,5,1,122595,1178877,2568818,854436,1,1,3,"[2759605,2556880,2568818]","[866586,852735,854436]"
syn_correlated_1,zlpng,5,8,122595,1178877,859324,408746,1,1,3,"[1200698,850731,859324]","[408746,214333,418941]"
syn_correlated_1,zlpng,6,1,121183,1178877,3775586,838122,1,1,3,"[4308298,3775586,3765210]","[890020,830401,838122]"
syn_correlated_1,zlpng,6,8,121183,1178877,1162641,224698,1,1,3,"[1162641,1507340,1119165]","[224698,417749,208985]"
syn_correlated_1,zlpng,7,1,121194,1178877,4155278,838653,1,1,3,"[4152904,4155278,4155468]","[836490,839044,838653]"
syn_correlated_1,zlpng,7,8,121194,1178877,1510695,396507,1,1,3,"[1165044,1656134,1510695]","[208174,396507,421835]"
syn_correlated_1,zlpng,8,1,137063,1178877,42649418,1544896,1,1,3,"[42643969,42649418,42738662]","[1545137,1543053,1544896]"
syn_correlated_1,zlpng,8,8,137063,1178877,10394383,739043,1,1,3,"[10840635,10003976,10394383]","[739043,744301,646663]"
cbsd68_0002,original_zpng,0,1,153602,463203,1135880,480254,1,1,3,"[1135880,1137363,1134599]","[480254,479782,480944]"
cbsd68_0002,png,0,1,188048,463203,24098992,2144510,1,1,3,"[24098992,24117740,24084440]","[2141976,2148766,2144510]"
cbsd68_0002,zlpng,1,1,145413,463203,825423,359101,1,1,3,"[827606,816489,825423]","[358971,359101,360333]"
cbsd68_0002,zlpng,1,8,145413,463203,751171,346962,1,1,3,"[761457,751171,483729]","[378650,211418,346962]"
cbsd68_0002,zlpng,2,1,146371,463203,921417,518641,1,1,3,"[923751,919204,921417]","[523058,518641,518471]"
cbsd68_0002,zlpng,2,8,146371,463203,791903,476517,1,1,3,"[823710,791903,557759]","[521675,308384,476517]"
cbsd68_0002,zlpng,3,1,148803,463203,1182681,513283,1,1,3,"[1182301,1186397,1182681]","[514244,513283,513153]"
cbsd68_0002,zlpng,3,8,148803,463203,936850,500774,1,1,3,"[844221,1028529,936850]","[500774,502336,486303]"
cbsd68_0002,zlpng,4,1,153116,463203,1286727,542326,1,1,3,"[1286727,1282251,1294690]","[540975,542326,544881]"
cbsd68_0002,zlpng,4,8,153116,463203,777340,500534,1,1,3,"[868588,777340,768067]","[537580,500534,313161]"
cbsd68_0002,zlpng,5,1,146170,463203,2508868,517780,1,1,3,"[2508007,2518683,2508868]","[515005,517780,518391]"
cbsd68_0002,zlpng,5,8,146170,463203,1478296,472201,1,1,3,"[1597566,1478296,1472508]","[448295,472201,472331]"
cbsd68_0002,zlpng,6,1,144694,463203,3290445,501545,1,1,3,"[3243735,3290445,3310175]","[501545,502467,500123]"
cbsd68_0002,zlpng,6,8,144694,463203,1985360,295575,1,1,3,"[1943738,1985830,1985360]","[295575,292851,485190]"
cbsd68_0002,zlpng,7,1,143032,463203,3727063,488095,1,1,3,"[3734384,3727063,3723978]","[486823,488095,491891]"
cbsd68_0002,zlpng,7,8,143032,463203,2270039,444700,1,1,3,"[2270039,2210249,2337340]","[446052,291148,444700]"
cbsd68_0002,zlpng,8,1,126238,463203,15579101,1327228,1,1,3,"[15579101,15568164,15594264]","[1336062,1326808,1327228]"
cbsd68_0002,zlpng,8,8,126238,463203,10014290,853295,1,1,3,"[9984927,10019769,10014290]","[852043,855859,853295]"
syn_correlated_2,original_zpng,0,1,209728,2359296,2281927,1526018,1,1,3,"[2281927,2256558,2288847]","[1539649,1476153,1526018]"
syn_correlated_2,png,0,1,262009,2359296,64354324,6841813,1,1,3,"[64354324,64233152,64375987]","[6841813,6845078,6812459]"
syn_correlated_2,zlpng,1,1,201753,2359296,1496674,1661793,1,1,3,"[1519748,1496674,1489784]","[1661793,1657416,1665208]"
syn_correlated_2,zlpng,1,8,201753,2359296,387143,403057,1,1,3,"[529177,383948,387143]","[403227,402546,403057]"
syn_correlated_2,zlpng,2,1,197742,2359296,1670586,2033032,1,1,3,"[1670586,1671637,1663225]","[2030998,2033032,2036517]"
syn_correlated_2,zlpng,2,8,197742,2359296,475957,435666,1,1,3,"[414324,475957,561426]","[427254,435666,581135]"
syn_correlated_2,zlpng,3,1,191046,2359296,1746621,1747923,1,1,3,"[1749565,1743065,1746621]","[1747923,1748213,1743646]"
syn_correlated_2,zlpng,3,8,191046,2359296,425151,392431,1,1,3,"[420252,425151,454195]","[390277,392551,392431]"
syn_correlated_2,zlpng,4,1,191199,2359296,1770356,1829005,1,1,3,"[1903096,1747692,1770356]","[1997538,1822305,1829005]"
syn_correlated_2,zlpng,4,8,191199,2359296,468025,457790,1,1,3,"[460353,468025,545622]","[417099,457790,557590]"
syn_correlated_2,zlpng,5,1,187252,2359296,4833318,1831489,1,1,3,"[4831616,4833318,4845857]","[1831489,1829155,1836967]"
syn_correlated_2,zlpng,5,8,187252,2359296,1179216,420643,1,1,3,"[1215500,1179216,1122721]","[458761,420643,420002]"
syn_correlated_2,zlpng,6,1,181874,2359296,7590581,1637095,1,1,3,"[7681337,7500866,7590581]","[1630365,1637135,1637095]"
syn_correlated_2,zlpng,6,8,181874,2359296,1765059,398180,1,1,3,"[1760261,1817748,1765059]","[398180,444089,393773]"
syn_correlated_2,zlpng,7,1,180687,2359296,8143123,1657646,1,1,3,"[8180169,8143123,8084976]","[1653971,1658528,1657646]"
syn_correlated_2,zlpng,7,8,180687,2359296,2562389,402586,1,1,3,"[1924157,2566886,2562389]","[401805,410458,402586]"
syn_correlated_2,zlpng,8,1,182003,2359296,48437755,2309808,1,1,3,"[48447499,48437755,48307177]","[2301827,2309808,2324971]"
syn_correlated_2,zlpng,8,8,182003,2359296,10773234,562577,1,1,3,"[10869670,10773104,10773234]","[632112,562577,549738]"
sk_cells3d_z59_c0,original_zpng,0,1,91924,131072,113571,71277,1,1,3,"[118559,113571,112590]","[75704,71277,70376]"
sk_cells3d_z59_c0,png,0,1,94532,131072,6474600,682557,1,1,3,"[6474971,6474600,6420689]","[682598,682557,678101]"
sk_cells3d_z59_c0,zlpng,1,1,92097,131072,115614,107582,1,1,3,"[121974,115614,115604]","[108143,107162,107582]"
sk_cells3d_z59_c0,zlpng,1,8,92097,131072,115454,106681,1,1,3,"[120702,105890,115454]","[107451,103666,106681]"
sk_cells3d_z59_c0,zlpng,2,1,80010,131072,571280,139330,1,1,3,"[568806,571280,573273]","[137007,139931,139330]"
sk_cells3d_z59_c0,zlpng,2,8,80010,131072,570449,139009,1,1,3,"[571812,570239,570449]","[139420,138829,139009]"
sk_cells3d_z59_c0,zlpng,3,1,80010,131072,726844,139480,1,1,3,"[723410,727796,726844]","[138759,140321,139480]"
sk_cells3d_z59_c0,zlpng,3,8,80010,131072,724862,138669,1,1,3,"[726273,724862,724481]","[141153,138669,137116]"
sk_cells3d_z59_c0,zlpng,4,1,80010,131072,730250,141343,1,1,3,"[730250,722648,733735]","[141343,140722,142394]"
sk_cells3d_z59_c0,zlpng,4,8,80010,131072,729619,140010,1,1,3,"[729439,730630,729619]","[138809,140010,140762]"
sk_cells3d_z59_c0,zlpng,5,1,79858,131072,811522,142395,1,1,3,"[815228,806274,811522]","[148323,139640,142395]"
sk_cells3d_z59_c0,zlpng,5,8,79858,131072,814496,142434,1,1,3,"[814496,815878,808417]","[142875,141342,142434]"
sk_cells3d_z59_c0,zlpng,6,1,79858,131072,1018013,142715,1,1,3,"[1018013,1017583,1023752]","[142073,142715,144768]"
sk_cells3d_z59_c0,zlpng,6,8,79858,131072,1018294,142444,1,1,3,"[1018724,1018294,1008719]","[142444,142895,141683]"
sk_cells3d_z59_c0,zlpng,7,1,79858,131072,1229322,145920,1,1,3,"[1229322,1232196,1220088]","[148163,145920,144577]"
sk_cells3d_z59_c0,zlpng,7,8,79858,131072,1218685,144498,1,1,3,"[1218685,1224484,1208861]","[143186,144498,144708]"
sk_cells3d_z59_c0,zlpng,8,1,74790,131072,1932170,144117,1,1,3,"[1911818,1932170,1939070]","[146170,142675,144117]"
sk_cells3d_z59_c0,zlpng,8,8,74790,131072,1939561,143537,1,1,3,"[1939561,1941654,1927874]","[143537,144177,142995]"
cbsd68_0031,original_zpng,0,1,211934,463203,1154890,452782,1,1,3,"[1154890,1153317,1156001]","[452782,453894,450308]"
cbsd68_0031,png,0,1,254529,463203,27652162,2157619,1,1,3,"[27652162,27662749,27614837]","[2157619,2154725,2157659]"
cbsd68_0031,zlpng,1,1,191297,463203,899885,354343,1,1,3,"[899885,901558,898803]","[354343,356006,353382]"
cbsd68_0031,zlpng,1,8,191297,463203,741216,348445,1,1,3,"[670951,741216,743159]","[348445,340093,364499]"
cbsd68_0031,zlpng,2,1,196143,463203,1007397,523729,1,1,3,"[1007397,1001909,1010191]","[520204,525882,523729]"
cbsd68_0031,zlpng,2,8,196143,463203,747315,491480,1,1,3,"[747315,843881,602217]","[491480,449337,500374]"
cbsd68_0031,zlpng,3,1,198956,463203,1330583,521545,1,1,3,"[1330583,1328281,1334440]","[521255,523177,521545]"
cbsd68_0031,zlpng,3,8,198956,463203,844562,485030,1,1,3,"[781908,944392,844562]","[304088,485030,497699]"
cbsd68_0031,zlpng,4,1,205315,463203,1574141,573223,1,1,3,"[1577205,1574141,1567942]","[573223,568907,575737]"
cbsd68_0031,zlpng,4,8,205315,463203,1193176,324279,1,1,3,"[1258034,1193176,966786]","[324279,323787,326521]"
cbsd68_0031,zlpng,5,1,196277,463203,2817603,533203,1,1,3,"[2817603,2811945,2817874]","[533944,531360,533203]"
cbsd68_0031,zlpng,5,8,196277,463203,1592789,310889,1,1,3,"[1589714,1629183,1592789]","[310889,310778,492382]"
cbsd68_0031,zlpng,6,1,194995,463203,3641924,515186,1,1,3,"[3641924,3624678,3644518]","[516638,515186,515036]"
cbsd68_0031,zlpng,6,8,194995,463203,2144400,448886,1,1,3,"[2135296,2144400,2167905]","[448886,300322,482397]"
cbsd68_0031,zlpng,7,1,193862,463203,4076799,509948,1,1,3,"[4076799,4045923,4086344]","[510999,508736,509948]"
cbsd68_0031,zlpng,7,8,193862,463203,2382278,294033,1,1,3,"[2382278,2440264,2365102]","[294033,459992,292770]"
cbsd68_0031,zlpng,8,1,174225,463203,15789949,1719068,1,1,3,"[15789949,15855788,15754295]","[1722594,1717877,1719068]"
cbsd68_0031,zlpng,8,8,174225,463203,8859071,995249,1,1,3,"[8832801,8859432,8859071]","[1418837,988438,995249]"
rgb8_cathedral,original_zpng,0,1,9633163,18048000,26324914,12456849,1,1,3,"[26324914,26310502,26395159]","[12423108,12456849,12521136]"
rgb8_cathedral,png,0,1,9390875,18048000,1271614238,92914844,1,1,3,"[1271614238,1270890698,1275081809]","[92890758,92927554,92914844]"
rgb8_cathedral,zlpng,1,1,8828886,18048000,25661355,12926026,1,1,3,"[25625941,25751420,25661355]","[12842981,12977593,12926026]"
rgb8_cathedral,zlpng,1,8,8828886,18048000,3977830,1824298,1,1,3,"[3796337,4178182,3977830]","[1824298,1814432,1834923]"
rgb8_cathedral,zlpng,2,1,8879284,18048000,33084614,17876732,1,1,3,"[33023201,33119035,33084614]","[17859656,17923382,17876732]"
rgb8_cathedral,zlpng,2,8,8879284,18048000,4725366,2439493,1,1,3,"[4725366,4725336,4743593]","[2423389,2443499,2439493]"
rgb8_cathedral,zlpng,3,1,9231424,18048000,58811547,19457962,1,1,3,"[58799448,58921002,58811547]","[19447526,19464132,19457962]"
rgb8_cathedral,zlpng,3,8,9231424,18048000,8085777,2629730,1,1,3,"[8085777,8546311,8073308]","[2625093,2645444,2629730]"
rgb8_cathedral,zlpng,4,1,9860687,18048000,84829558,23199818,1,1,3,"[84884671,84740845,84829558]","[23162781,23249933,23199818]"
rgb8_cathedral,zlpng,4,8,9860687,18048000,11790366,3142903,1,1,3,"[11790366,11471135,12201555]","[3142903,3129263,3146128]"
rgb8_cathedral,zlpng,5,1,9260328,18048000,122151143,19910013,1,1,3,"[122230832,122151143,122099896]","[19900650,19917184,19910013]"
rgb8_cathedral,zlpng,5,8,9260328,18048000,16833821,2705825,1,1,3,"[16504826,16833821,17162615]","[2701829,2705825,2807257]"
rgb8_cathedral,zlpng,6,1,9262175,18048000,137863694,19807579,1,1,3,"[138029384,137859478,137863694]","[19789011,19807579,19814549]"
rgb8_cathedral,zlpng,6,8,9262175,18048000,19122097,2704703,1,1,3,"[18805170,19154986,19122097]","[2841940,2699305,2704703]"
rgb8_cathedral,zlpng,7,1,9232700,18048000,163051216,19658895,1,1,3,"[163451698,163002062,163051216]","[19671193,19658895,19652956]"
rgb8_cathedral,zlpng,7,8,9232700,18048000,23132055,2708469,1,1,3,"[23132055,23002521,23195131]","[2708469,2686135,2866006]"
rgb8_cathedral,zlpng,8,1,8582637,18048000,220219347,21098873,1,1,3,"[220176663,220219347,220408472]","[21059765,21119104,21098873]"
rgb8_cathedral,zlpng,8,8,8582637,18048000,28679259,2835089,1,1,3,"[28815705,28385717,28679259]","[2835780,2816732,2835089]"
syn_interference16_1,original_zpng,0,1,661734,785918,1128670,694466,1,1,3,"[1128800,1128670,999585]","[701206,694466,680164]"
syn_interference16_1,png,0,1,605373,785918,31675401,5249545,1,1,3,"[31735331,31675401,31601200]","[5245940,5332521,5249545]"
syn_interference16_1,zlpng,1,1,514046,785918,1546219,768127,1,1,3,"[1525147,1546219,1638307]","[763860,768127,836089]"
syn_interference16_1,zlpng,1,8,514046,785918,584981,541365,1,1,3,"[945213,584981,584891]","[547815,288414,541365]"
syn_interference16_1,zlpng,2,1,389216,785918,3460071,1088509,1,1,3,"[3502905,3460071,3442794]","[1092905,1088509,1086356]"
syn_interference16_1,zlpng,2,8,389216,785918,1957799,748778,1,1,3,"[2008855,1957799,1634722]","[748778,607475,870631]"
syn_interference16_1,zlpng,3,1,381991,785918,4308929,975750,1,1,3,"[4203590,4498344,4308929]","[975750,1022911,972925]"
syn_interference16_1,zlpng,3,8,381991,785918,2120283,665863,1,1,3,"[1858199,2220985,2120283]","[374684,665863,716209]"
syn_interference16_1,zlpng,4,1,381991,785918,4563863,992876,1,1,3,"[4563863,4146033,4574069]","[992876,963982,995509]"
syn_interference16_1,zlpng,4,8,381991,785918,1832009,713494,1,1,3,"[1832009,1717897,2136588]","[713494,739023,650049]"
syn_interference16_1,zlpng,5,1,373015,785918,6360819,957502,1,1,3,"[6355712,6360819,6695873]","[957502,956820,1028760]"
syn_interference16_1,zlpng,5,8,373015,785918,2974330,743360,1,1,3,"[2974330,2989091,2825244]","[753775,636389,743360]"
syn_interference16_1,zlpng,6,1,372802,785918,6970157,956420,1,1,3,"[6970157,7159943,6945489]","[955158,956420,959034]"
syn_interference16_1,zlpng,6,8,372802,785918,3281852,652393,1,1,3,"[3010864,3281852,3290466]","[652393,685172,584370]"
syn_interference16_1,zlpng,7,1,372541,785918,7985466,972345,1,1,3,"[8025686,7985466,7968410]","[973226,971843,972345]"
syn_interference16_1,zlpng,7,8,372541,785918,3606521,684882,1,1,3,"[3704349,3606521,3354872]","[809028,638021,684882]"
syn_interference16_1,zlpng,8,1,346329,785918,23129522,1656915,1,1,3,"[23561993,23085946,23129522]","[1659119,1644677,1656915]"
syn_interference16_1,zlpng,8,8,346329,785918,10630649,1166036,1,1,3,"[10320032,10630649,11424284]","[674496,1317875,1166036]"
