group,value,codec,effort,threads,images,raw_bytes,compressed_bytes,compression_ratio,compressed_raw_pct,encode_ms,decode_ms,encode_mbps,decode_mbps,original_zpng_geomean_size_ratio,original_zpng_geomean_savings_pct,original_zpng_pooled_savings_pct,original_zpng_smaller_images,original_zpng_encode_speedup,original_zpng_decode_speedup,png_geomean_size_ratio,png_geomean_savings_pct,png_pooled_savings_pct,png_smaller_images,png_encode_speedup,png_decode_speedup
all,all,original_zpng,0,1,324,893994587,423130135,2.112812378631458,47.33027930514751,4.1521501358024695,2.3115042654320987,664.5334253877764,1193.6999614202916,1.0,0.0,0.0,0,1.0,1.0,0.8551769871530731,14.482301284692689,-1.336383458591972,208,31.75601790024238,5.30423962786822
all,all,png,0,1,324,893994587,417550065,2.1410476537705723,46.70610662209748,131.85575403703703,12.260772524691358,20.926220267142007,225.0463865072478,1.1693485851730527,-16.934858517305273,1.318759771151734,116,0.031490094354442576,0.18852843577165107,1.0,0.0,0.0,0,1.0,1.0
all,all,zlpng,1,1,324,893994587,400510152,2.2321396412443497,44.800064544462394,3.4079005092592594,2.040991327160494,809.6605358555155,1351.912923759407,1.021323990837627,-2.132399083762704,5.345869066971565,196,1.2183894818880672,1.1325399744093734,0.8734127733916747,12.658722660832533,4.080926918308592,210,38.6911981963045,6.007263412407058
all,all,zlpng,1,8,324,893994587,400510152,2.2321396412443497,44.800064544462394,0.857023987654321,0.49518795061728393,3219.562803628399,5572.111657865586,1.021323990837627,-2.132399083762704,5.345869066971565,196,4.84484704700848,4.667933180826913,0.8734127733916747,12.658722660832533,4.080926918308592,210,153.85304954873772,24.759836157983063
all,all,zlpng,2,1,324,893994587,380238331,2.3511427284273454,42.53250931596524,5.487148759259259,2.751765262345679,502.85543066662206,1002.717270337617,0.9476057708914652,5.239422910853476,10.136787822970827,245,0.756704495899796,0.8400077932017028,0.8103706481598285,18.962935184017148,8.935870720077599,256,24.02992151698781,4.455602624418605
all,all,zlpng,2,8,324,893994587,380238331,2.3511427284273454,42.53250931596524,1.2416990956790124,0.6497319197530864,2222.1507304555685,4246.740030130755,0.9476057708914652,5.239422910853476,10.136787822970827,245,3.343926197781357,3.5576276848311923,0.8103706481598285,18.962935184017148,8.935870720077599,256,106.18978019383421,18.87050974708268
all,all,zlpng,3,1,324,893994587,385637013,2.3182281701782603,43.136392390706945,7.851589228395062,2.80862187654321,351.42472080561845,982.418664297079,0.9158262808294008,8.417371917059924,8.860896187410528,242,0.5288292618246417,0.8230030125226566,0.7831935595952911,21.680644040470888,7.642928279750116,253,16.793511504675287,4.3654051928776
all,all,zlpng,3,8,324,893994587,385637013,2.3182281701782603,43.136392390706945,1.6411602716049383,0.6568429475308641,1681.2754977128423,4200.764524977232,0.9158262808294008,8.417371917059924,8.860896187410528,242,2.5300089257839278,3.5191125582169462,0.7831935595952911,21.680644040470888,7.642928279750116,253,80.34300873496741,18.666216286223033
all,all,zlpng,4,1,324,893994587,397842311,2.247107867317813,44.50164651835862,9.835320296296297,3.0681826481481482,280.54424963752206,899.3084404980003,0.9308828850601227,6.911711493987727,5.976370366530381,217,0.42216725136710104,0.7533789641979903,0.7960696210380761,20.39303789619239,4.719854132940926,246,13.406350791309785,3.9961025567012927
all,all,zlpng,4,8,324,893994587,397842311,2.247107867317813,44.50164651835862,1.957759675925926,0.7037170154320987,1409.3877744029778,3920.9547189574437,0.9308828850601227,6.911711493987727,5.976370366530381,217,2.120868146821291,3.2847070835892476,0.7960696210380761,20.39303789619239,4.719854132940926,246,67.3503268345108,17.422873478713537
all,all,zlpng,5,1,324,893994587,383342229,2.3321056731268706,42.87970358818291,14.915260129629628,2.8531073240740743,184.99459804846543,967.1008619924943,0.89446734033622,10.553265966378,9.40323146683939,252,0.27838268321945614,0.8101708077813922,0.764927885215551,23.5072114784449,8.192511238143386,262,8.840325471434552,4.297340103976066
all,all,zlpng,5,8,324,893994587,383342229,2.3321056731268706,42.87970358818291,3.037842611111111,0.6760390802469136,908.2901603845515,4081.483797447571,0.89446734033622,10.553265966378,9.40323146683939,252,1.3668088401340162,3.419187341341058,0.764927885215551,23.5072114784449,8.192511238143386,262,43.40440599350534,18.136188991046623
all,all,zlpng,6,1,324,893994587,382571055,2.3368066541259895,42.79344199205985,17.76209533333333,2.8216663981481482,155.34442872238097,977.8769574886737,0.8791378619880714,12.086213801192859,9.585486034928714,262,0.2337646577096292,0.8191982818908474,0.751818468107153,24.818153189284697,8.377201426133174,267,7.423434654671018,4.3452239898869935
all,all,zlpng,6,8,324,893994587,382571055,2.3368066541259895,42.79344199205985,3.532882901234568,0.6665027407407408,781.017268221632,4139.881779634629,0.8791378619880714,12.086213801192859,9.585486034928714,262,1.1752866573504313,3.468109167657929,0.751818468107153,24.818153189284697,8.377201426133174,267,37.32242412873633,18.395682080864255
all,all,zlpng,7,1,324,893994587,381868745,2.341104368203792,42.714883350854116,20.078431830246913,2.8215648950617287,137.4232099297968,977.912135672772,0.8557135733249419,14.428642667505809,9.751465704516649,266,0.206796535252694,0.8192277517620339,0.7317865555020142,26.82134444979858,8.545399220570115,271,6.567034475192655,4.345380305145569
all,all,zlpng,7,8,324,893994587,381868745,2.341104368203792,42.714883350854116,3.9813745524691355,0.6709895524691358,693.0376723179515,4112.198978829936,0.8557135733249419,14.428642667505809,9.751465704516649,266,1.042893624069462,3.444918414789213,0.7317865555020142,26.82134444979858,8.545399220570115,271,33.11814859399848,18.272672770497913
all,all,zlpng,8,1,324,893994587,367061147,2.4355467591888718,41.0585424495417,44.03571512037038,4.0942952839506175,62.65919708415828,673.9236818812739,0.7688961388131623,23.110386118683767,13.251003264043105,281,0.09429051224563256,0.5645670634682973,0.6575422834238712,34.24577165761288,12.091704021169292,294,2.9942911946953306,2.9945989906377353
all,all,zlpng,8,8,324,893994587,367061147,2.4355467591888718,41.0585424495417,9.333295425925925,1.0325195216049383,295.6343313428762,2672.3393550760147,0.7688961388131623,23.110386118683767,13.251003264043105,281,0.44487503569946707,2.2387027238372394,0.6575422834238712,34.24577165761288,12.091704021169292,294,14.127459597043245,11.874615702794008
type,real,original_zpng,0,1,153,662404574,333130757,1.98842214380103,50.291131745717685,7.2122425751633985,3.945682901960784,600.2906329079804,1097.2604154224425,1.0,0.0,0.0,0,1.0,1.0,0.9034047257134299,9.659527428657011,-1.78082554061878,110,30.73759516083688,5.350475159179682
type,real,png,0,1,153,662404574,327302078,2.023832473193158,49.411204397873014,221.6869924771242,21.111278352941177,19.52952499266493,205.07719086217963,1.1069235875540584,-10.69235875540584,1.7496670233904554,43,0.032533449502715535,0.18689928842755657,1.0,0.0,0.0,0,1.0,1.0
type,real,zlpng,1,1,153,662404574,310899566,2.130606300042246,46.9349968588834,5.972091588235294,3.253098254901961,724.945623516473,1330.8671675092692,0.9482228464120307,5.177715358796931,6.673412926564448,132,1.2076577307305763,1.212900008788605,0.8566290004780683,14.337099952193167,5.011429227772879,122,37.12049442005141,6.48959136759225
type,real,zlpng,1,8,153,662404574,310899566,2.130606300042246,46.9349968588834,1.3760000522875817,0.690652,3146.3964357654495,6268.629729778121,0.9482228464120307,5.177715358796931,6.673412926564448,132,5.241455160683419,5.712982662702467,0.8566290004780683,14.337099952193167,5.011429227772879,122,161.10972678276613,30.567171821613744
type,real,zlpng,2,1,153,662404574,305624018,2.167383893238391,46.13857301051789,8.229073006535947,4.339607,526.1153542679784,997.6575436740513,0.9335926347775126,6.640736522248735,8.257039742505679,141,0.87643438932126,0.9092258589224288,0.8434119981492572,15.658800185074284,6.623257674520477,122,26.939485443992186,4.864790372248265
type,real,zlpng,2,8,153,662404574,305624018,2.167383893238391,46.13857301051789,1.7018505098039216,0.9014550784313725,2543.961197055748,4802.725908055681,0.9335926347775126,6.640736522248735,8.257039742505679,141,4.237882548211803,4.377015556700497,0.8434119981492572,15.658800185074284,6.623257674520477,122,130.26231810611017,23.419113007469036
type,real,zlpng,3,1,153,662404574,311300704,2.127860828737477,46.99555471366658,12.492046908496732,4.499211588235294,346.57584076040865,962.2667383440032,0.9482637614649515,5.17362385350485,6.552998347132499,132,0.5773467413301049,0.8769720704574336,0.8566659633302298,14.333403666977018,4.888870274755785,119,17.746250402433173,4.692217278276872
type,real,zlpng,3,8,153,662404574,311300704,2.127860828737477,46.99555471366658,2.360300111111111,0.9271830457516339,1834.2759209940614,4669.457320178883,0.9482637614649515,5.17362385350485,6.552998347132499,132,3.0556464159840404,4.255559805628414,0.8566659633302298,14.333403666977018,4.888870274755785,119,93.92322248917958,22.769267028418344
type,real,zlpng,4,1,153,662404574,323378232,2.0483894970394916,48.8188404327051,16.545764555555557,5.0515682549019605,261.6646481094176,857.0490274835935,0.9733452748648542,2.6654725135145774,2.927536648920115,111,0.4358966036865157,0.7810807857801302,0.8793247210637467,12.067527893625329,1.198845428656281,114,13.398413336099875,4.179153341629132
type,real,zlpng,4,8,153,662404574,323378232,2.0483894970394916,48.8188404327051,2.982815104575163,1.0353784509803923,1451.4616254591324,4181.506439535421,0.9733452748648542,2.6654725135145774,2.927536648920115,111,2.4179314916640213,3.810860558498824,0.8793247210637467,12.067527893625329,1.198845428656281,114,74.32139931740711,20.389914753345565
type,real,zlpng,5,1,153,662404574,309677736,2.139012583067967,46.75054312049482,24.718455875816993,4.604083673202615,175.15016641336308,940.3481707618807,0.9365157299237074,6.348427007629265,7.040184824483198,137,0.2917756113649239,0.8569963497679345,0.8460527361180394,15.394726388196055,5.384732693325578,119,8.968480619940706,4.585337680940996
type,real,zlpng,5,8,153,662404574,309677736,2.139012583067967,46.75054312049482,4.368420928104575,0.9563247450980391,991.0770347877697,4527.16682520526,0.9365157299237074,6.348427007629265,7.040184824483198,137,1.6509953353539895,4.1258818431559945,0.8460527361180394,15.394726388196055,5.384732693325578,119,50.747626230541044,22.075428311516628
type,real,zlpng,6,1,153,662404574,309142619,2.1427151524520145,46.669759107068,29.7534262875817,4.538227973856209,145.5106923916764,953.9938683274033,0.9307584127764638,6.924158722353624,7.200817545646199,142,0.24240040476190802,0.8694325020010114,0.8408515485997886,15.91484514002114,5.548226003013646,123,7.450805508394525,4.65187700453985
type,real,zlpng,6,8,153,662404574,309142619,2.1427151524520145,46.669759107068,5.229726483660131,0.9409905359477124,827.8524075126527,4600.940705286,0.9307584127764638,6.924158722353624,7.200817545646199,142,1.3790859995637408,4.1931164567844625,0.8408515485997886,15.91484514002114,5.548226003013646,123,42.389787146568324,22.435165441572792
type,real,zlpng,7,1,153,662404574,308547300,2.146849361507944,46.57988669021479,33.698340326797386,4.549891679738563,128.47640620116496,951.5482927671566,0.9252743090567908,7.472569094320924,7.379521849434035,144,0.21402367313111037,0.8672037005917258,0.8358971833831335,16.410281661686653,5.73011271868552,124,6.578573019539352,4.639951857964723
type,real,zlpng,7,8,153,662404574,308547300,2.146849361507944,46.57988669021479,5.919955026143791,0.9460614509803922,731.330160619629,4576.279538336723,0.9252743090567908,7.472569094320924,7.379521849434035,144,1.2182934740741422,4.170641238866588,0.8358971833831335,16.410281661686653,5.73011271868552,124,37.447411593180504,22.31491234640605
type,real,zlpng,8,1,153,662404574,293484422,2.25703486912842,44.30591718709962,72.90060466666667,6.625681764705883,59.388281893227266,653.4333844998523,0.8431736779038641,15.68263220961359,11.901133163756473,152,0.09893254806514863,0.5955134946231356,0.7617270852155242,23.827291478447577,10.332246042140925,143,3.0409486106565744,3.1862801599373705
type,real,zlpng,8,8,153,662404574,293484422,2.25703486912842,44.30591718709962,14.410908836601308,1.5494552549019607,300.4280791184147,2794.170174604143,0.8431736779038641,15.68263220961359,11.901133163756473,152,0.5004710429397419,2.5464968345991,0.7617270852155242,23.827291478447577,10.332246042140925,143,15.383276307603596,13.624968056452174
type,specialized,original_zpng,0,1,62,117805061,71085526,1.6572299261033814,60.341657138142814,2.7611174032258066,1.4901059032258066,688.1567682751909,1275.1319385547895,1.0,0.0,0.0,0,1.0,1.0,1.0162181797644678,-1.6218179764467822,-1.0123096411283727,20,40.962448477862914,5.2996065575161655
type,specialized,png,0,1,62,117805061,70373132,1.6740062244209906,59.73693439197829,113.10212937096775,7.896975016129033,16.79969811001623,240.60879325963057,0.984040651813347,1.595934818665301,1.002164631939273,42,0.02441260318070156,0.1886932528192589,1.0,0.0,0.0,0,1.0,1.0
type,specialized,zlpng,1,1,62,117805061,70469159,1.671725087566321,59.81844786787216,2.2405862258064513,1.5217660806451612,848.0287913705994,1248.6029575759158,0.9895718085751313,1.0428191424868727,0.867078060307247,29,1.2323191901405182,0.9791951090104911,1.0056208620564524,-0.5620862056452403,-0.13645406602054155,26,50.478811334412725,5.189348820799755
type,specialized,zlpng,1,8,62,117805061,70469159,1.671725087566321,59.81844786787216,0.6434826129032258,0.3785392419354839,2952.8095879072553,5019.510313691856,0.9895718085751313,1.0428191424868727,0.867078060307247,29,4.290896673599873,3.936463484226483,1.0056208620564524,-0.5620862056452403,-0.13645406602054155,26,175.76563391616818,20.8617076944296
type,specialized,zlpng,2,1,62,117805061,58742738,2.005440417162714,49.86435854398479,6.868284612903226,2.3697038225806453,276.64573268595126,801.8224095883168,0.8862299050592201,11.377009494077994,17.36329277495956,57,0.402009753358005,0.6288152506767944,0.9006029409721178,9.939705902788221,16.52675342060944,51,16.467303809525657,3.3324734259529114
type,specialized,zlpng,2,8,62,117805061,58742738,2.005440417162714,49.86435854398479,1.5592733548387097,0.5720617096774194,1218.5686513118167,3321.462696924249,0.8862299050592201,11.377009494077994,17.36329277495956,57,1.7707718756673134,2.6047992341002235,0.9006029409721178,9.939705902788221,16.52675342060944,51,72.53515172307101,13.804411102050631
type,specialized,zlpng,3,1,62,117805061,58705025,2.0067287425565357,49.83234548811107,8.491313451612903,2.322196290322581,223.76769387441968,818.2261064452541,0.8816241831466965,11.837581685330345,17.416345769179507,57,0.3251696476593193,0.6416795640556351,0.8959225226336718,10.407747736632821,16.580343475404792,51,13.319744938809706,3.400649225493358
type,specialized,zlpng,3,8,62,117805061,58705025,2.0067287425565357,49.83234548811107,1.9213046612903226,0.5722425483870968,988.9538433515216,3320.413056295382,0.8816241831466965,11.837581685330345,17.416345769179507,57,1.4371054517566604,2.603976071730017,0.8959225226336718,10.407747736632821,16.580343475404792,51,58.86735802483811,13.800048665355583
type,specialized,zlpng,4,1,62,117805061,58812866,2.003049145743042,49.923887395635745,8.780375919354839,2.3080386129032258,216.40094302156845,823.2451651414061,0.8835500790138942,11.644992098610585,17.26463978053704,54,0.3144646002159651,0.6456156733666767,0.8978796530262513,10.212034697374872,16.42710175241312,51,12.88123998445823,3.421509056209254
type,specialized,zlpng,4,8,62,117805061,58812866,2.003049145743042,49.923887395635745,2.0100582903225805,0.5495558225806452,945.2868298298587,3457.486120535878,0.8835500790138942,11.644992098610585,17.26463978053704,54,1.3736504142786294,2.7114732334714535,0.8978796530262513,10.212034697374872,16.42710175241312,51,56.26808432148341,14.369741328634877
type,specialized,zlpng,5,1,62,117805061,58251072,2.0223672621853206,49.44700296025482,13.59462385483871,2.2997820967741935,139.76713510583565,826.200722102073,0.86940853924883,13.059146075117,18.054946938143214,55,0.20310362630909035,0.6479335174040682,0.883508763227131,11.649123677286898,17.225409265570278,54,8.319621828353236,3.4337927176691143
type,specialized,zlpng,5,8,62,117805061,58251072,2.0223672621853206,49.44700296025482,3.5755157741935486,0.5922012580645161,531.4146962366061,3208.506572988836,0.86940853924883,13.059146075117,18.054946938143214,55,0.7722291209436971,2.516215362486565,0.883508763227131,11.649123677286898,17.225409265570278,54,31.632395579761564,13.334951435156716
type,specialized,zlpng,6,1,62,117805061,58157093,2.025635308147194,49.36722794957001,15.611290451612902,2.3130668387096778,121.7120157312779,821.4555659326303,0.867572913367349,13.242708663265102,18.187152473205302,55,0.17686669861046225,0.6442122113760655,0.8816433668351238,11.835663316487622,17.3589531300099,54,7.244893029280768,3.414071259840587
type,specialized,zlpng,6,8,62,117805061,58157093,2.025635308147194,49.36722794957001,3.8725640161290324,0.5851342741935484,490.65209022201174,3247.2574464228987,0.867572913367349,13.242708663265102,18.187152473205302,55,0.712994644304366,2.5466050596327148,0.8816433668351238,11.835663316487622,17.3589531300099,54,29.206006382309788,13.49600487343338
type,specialized,zlpng,7,1,62,117805061,58034129,2.029927269176384,49.26284873278916,17.462999532258063,2.290606564516129,108.8061432700827,829.510252204151,0.8664606859129473,13.353931408705266,18.360132834917753,55,0.15811243641880682,0.6505289587086198,0.8805131010759276,11.948689892407238,17.53368458860123,55,6.47667253051475,3.4475475354263643
type,specialized,zlpng,7,8,62,117805061,58034129,2.029927269176384,49.26284873278916,4.20957679032258,0.592681,451.37117664663253,3205.9094673732716,0.8664606859129473,13.353931408705266,18.360132834917753,55,0.6559132997819055,2.514178627669533,0.8805131010759276,11.948689892407238,17.53368458860123,55,26.86781474826136,13.32415754196445
type,specialized,zlpng,8,1,62,117805061,58275670,2.0215136265271596,49.46788321768281,27.356957048387095,3.5354002580645165,69.45515269375629,537.4445579953862,0.7932407447873427,20.675925521265725,18.020343550668805,59,0.10092925899405158,0.42148152810329237,0.8061056657828043,19.38943342171957,17.190455584668307,56,4.134309571452721,2.233686270208142
type,specialized,zlpng,8,8,62,117805061,58275670,2.0215136265271596,49.46788321768281,6.02880120967742,0.8184000967741936,315.16740442233373,2321.7025957372457,0.7932407447873427,20.675925521265725,18.020343550668805,59,0.45798780009426526,1.8207547984160914,0.8061056657828043,19.38943342171957,17.190455584668307,56,18.76030166485112,9.649284069314941
type,synthetic,original_zpng,0,1,109,113784952,18913852,6.015958674097693,16.62245461069404,0.6480206513761468,0.48487460550458716,1610.9033562201998,2152.924963177844,1.0,0.0,0.0,0,1.0,1.0,0.7177784228466384,28.22215771533616,4.8352704963130595,78,25.353456894446293,4.784217340066283
type,synthetic,png,0,1,109,113784952,19874855,5.725070799258662,17.46703289904275,16.429563651376146,2.3197454954128442,63.53781904088472,450.005677030554,1.3931876024276386,-39.31876024276386,-5.080948079745995,31,0.0394423531340632,0.2090206043996625,1.0,0.0,0.0,0,1.0,1.0
type,synthetic,zlpng,1,1,109,113784952,19141427,5.944434132314169,16.822459089317892,0.4726000550458716,0.6349326605504587,2208.841558642036,1644.109221435893,1.1540859285876732,-15.408592858767323,-1.2032186780355447,35,1.3711819210711869,0.7636630396115112,0.8283779776511582,17.162202234884184,3.6902306960226894,62,34.76420173032239,3.6535299560771164
type,synthetic,zlpng,1,8,109,113784952,19141427,5.944434132314169,16.822459089317892,0.2500168990825688,0.287171623853211,4175.312333015875,3635.103734119037,1.1540859285876732,-15.408592858767323,-1.2032186780355447,35,2.5919074020757935,1.688448875967052,0.8283779776511582,17.162202234884184,3.6902306960226894,62,65.71381259292491,8.077906390216993
type,synthetic,zlpng,2,1,109,113784952,15871575,7.169102751302249,13.948746930965001,0.852792495412844,0.7402792385321101,1224.094545644981,1410.141724725075,1.005197703585082,-0.5197703585082092,16.08491490786752,47,0.7598808090618041,0.6549887937773841,0.721509222328363,27.8490777671637,20.142436259283404,83,19.265605337465423,3.133608744738859
type,synthetic,zlpng,2,8,109,113784952,15871575,7.169102751302249,13.948746930965001,0.4151599174311926,0.340575128440367,2514.4494889125403,3065.105332213407,1.005197703585082,-0.5197703585082092,16.08491490786752,47,1.5608940655585994,1.4236935260805057,0.721509222328363,27.8490777671637,20.142436259283404,83,39.574060407936976,6.8112592544144634
type,synthetic,zlpng,3,1,109,113784952,15631284,7.279309364477032,13.737566985131743,0.9740394403669724,0.7122747247706422,1071.7211223074733,1465.5842835613437,0.8912454373894111,10.875456261058892,17.355364734798606,53,0.6652920041225465,0.6807409959137893,0.6397167444186339,36.02832555813661,21.35145640056242,83,16.86745214874077,3.2568128767447413
type,synthetic,zlpng,3,8,109,113784952,15631284,7.279309364477032,13.737566985131743,0.4723772660550459,0.32549606422018346,2209.883322539468,3207.100659428202,0.8912454373894111,10.875456261058892,17.355364734798606,53,1.3718286165376834,1.489648136502785,0.6397167444186339,36.02832555813661,21.35145640056242,83,34.780597695956054,7.126800445254048
type,synthetic,zlpng,4,1,109,113784952,15651213,7.270040475457078,13.75508160340921,1.0161329541284403,0.7165398256880734,1027.3248574023562,1456.860602548376,0.9007301576186733,9.926984238132675,17.249997515048754,52,0.6377321478880373,0.6766889824148651,0.6465246719459353,35.347532805406466,21.25118397090192,81,16.168714521682002,3.237427163501005
type,synthetic,zlpng,4,8,109,113784952,15651213,7.270040475457078,13.75508160340921,0.48917256880733945,0.32586191743119264,2134.0089546455624,3203.4999684253044,0.9007301576186733,9.926984238132675,17.249997515048754,52,1.3247281076207886,1.4879756718026764,0.6465246719459353,35.347532805406466,21.25118397090192,81,33.58643697342507,7.11879901063514
type,synthetic,zlpng,5,1,109,113784952,15413421,7.382199707644396,13.546097905810955,1.9059986605504589,0.7100502844036698,547.6911730359525,1470.1756553460789,0.8522752305973644,14.772476940263557,18.507234803359996,60,0.33999008750037435,0.6828736163549394,0.6117447708494314,38.825522915056865,22.4476304355428,89,8.619924027979765,3.2670157964390714
type,synthetic,zlpng,5,8,109,113784952,15413421,7.382199707644396,13.546097905810955,0.8643176697247706,0.33029814678899083,1207.7719555753722,3160.4738093451183,0.8522752305973644,14.772476940263557,18.507234803359996,60,0.7497482396518627,1.4679906933124474,0.6117447708494314,38.825522915056865,22.4476304355428,89,19.008709675700487,7.023186530001335
type,synthetic,zlpng,6,1,109,113784952,15271343,7.450880515223841,13.421232536970267,2.1536207155963303,0.7014760458715597,484.71796107922506,1488.1458153069605,0.8176082764633271,18.23917235366729,19.258419702131533,65,0.3008982253389553,0.6912204748234094,0.5868615791862053,41.31384208137947,23.16249351253129,90,7.628810185746591,3.3069489814590045
type,synthetic,zlpng,6,8,109,113784952,15271343,7.450880515223841,13.421232536970267,0.9578618256880734,0.3274955137614679,1089.8217406795156,3187.520434133827,0.8176082764633271,18.23917235366729,19.258419702131533,65,0.67652831963592,1.480553427848623,0.5868615791862053,41.31384208137947,23.16249351253129,90,17.15233158976148,7.083289382407956
type,synthetic,zlpng,7,1,109,113784952,15287316,7.4430954393825575,13.435270421347104,2.4482557064220183,0.6975779082568807,426.38464579642755,1496.4617282825743,0.7613805174543413,23.861948254565867,19.173968369848726,67,0.2646866704635158,0.6950830864414842,0.5465025070045346,45.34974929954654,23.08212563060208,92,6.7107220901312585,3.3254285549401392
type,synthetic,zlpng,7,8,109,113784952,15287316,7.4430954393825575,13.435270421347104,1.1304447247706422,0.32942193577981654,923.4406772198731,3168.880177122054,0.7613805174543413,23.861948254565867,19.173968369848726,67,0.5732439960809449,1.47189531977213,0.5465025070045346,45.34974929954654,23.08212563060208,92,14.533716944638375,7.041867111616231
type,synthetic,zlpng,8,1,109,113784952,15301055,7.436412195106808,13.447344952960037,13.005943559633028,0.8589683119266055,80.26319946841974,1215.293541924083,0.6636689059945216,33.633109400547845,19.101328486656232,70,0.04982496259536522,0.564484857907095,0.47636722063710163,52.36327793628983,23.012998082250157,95,1.263235041428991,2.7006182454039753
type,synthetic,zlpng,8,8,109,113784952,15301055,7.436412195106808,13.447344952960037,4.085623770642202,0.42870518348623854,255.50532814668563,2435.003546523118,0.6636689059945216,33.633109400547845,19.101328486656232,70,0.15860996698535637,1.1310210937072835,0.47636722063710163,52.36327793628983,23.012998082250157,95,4.021310960992782,5.411050728495118
domain,alpha,original_zpng,0,1,28,37417204,3325007,11.25327074499392,8.886305347668415,0.797193,0.56029975,1676.292584462877,2385.0246484773807,1.0,0.0,0.0,0,1.0,1.0,1.0732908220997723,-7.3290822099772335,6.0462036953575105,8,14.935100901359073,4.671720360396377
domain,alpha,png,0,1,28,37417204,3538981,10.572875073361512,9.458165286748844,11.906157892857143,2.61756375,112.23845058256934,510.5238465675246,0.9317139207839427,6.828607921605734,-6.435294722687801,20,0.06695636049629912,0.21405390795162105,1.0,0.0,0.0,0,1.0,1.0
domain,alpha,zlpng,1,1,28,37417204,3508817,10.663766163923624,9.377549963380481,0.48736971428571424,0.6162684285714285,2741.9198918509505,2168.419883821498,1.2474832020852573,-24.748320208525733,-5.528108662628384,5,1.6357048389195883,0.9091813307698245,1.338912271521742,-33.89122715217421,0.8523357429723433,4,24.429416814105338,4.247440934249663
domain,alpha,zlpng,1,8,28,37417204,3508817,10.663766163923624,9.377549963380481,0.27739239285714284,0.25435414285714286,4817.467056401665,5253.811474327976,1.2474832020852573,-24.748320208525733,-5.528108662628384,5,2.8738819828074904,2.202833198257323,1.338912271521742,-33.89122715217421,0.8523357429723433,4,42.92171739182775,10.291020702855805
domain,alpha,zlpng,2,1,28,37417204,3325095,11.252972922578152,8.886540533600533,0.49002228571428574,0.6335185714285715,2727.0774273823113,2109.37575400879,1.0084645616711048,-0.8464561671104764,-0.002646610969536667,17,1.6268504989277455,0.8844251380611234,1.0823757584544667,-8.237575845446665,6.04371710387821,7,24.297176352912228,4.131786924726527
domain,alpha,zlpng,2,8,28,37417204,3325095,11.252972922578152,8.886540533600533,0.26111792857142857,0.2545264642857143,5117.721029715364,5250.254499216402,1.0084645616711048,-0.8464561671104764,-0.002646610969536667,17,3.0529998624048083,2.201341819493651,1.0823757584544667,-8.237575845446665,6.04371710387821,7,45.59686099685118,10.284053398320495
domain,alpha,zlpng,3,1,28,37417204,3322538,11.26163312503875,8.87970677873205,0.5624140357142857,0.6305140714285715,2376.058614164082,2119.4272655294767,0.9989011514322023,0.10988485677977389,0.07425548277041338,17,1.4174486221481595,0.8886395647451847,1.0721114380170775,-7.211143801707753,6.115969540384647,7,21.16973819427515,4.151475547673854
domain,alpha,zlpng,3,8,28,37417204,3322538,11.26163312503875,8.87970677873205,0.29943653571428575,0.2581762857142857,4462.811163300404,5176.031991429997,0.9989011514322023,0.10988485677977389,0.07425548277041338,17,2.6623103894063886,2.1702215927765858,1.0721114380170775,-7.211143801707753,6.115969540384647,7,39.76187429652098,10.13866840154623
domain,alpha,zlpng,4,1,28,37417204,3332463,11.228092855044451,8.906232010280618,0.6167540714285715,0.6352560357142857,2166.7124323807234,2103.6064817284864,1.00655092979922,-0.6550929799219896,-0.22424012941928417,17,1.292562200932833,0.8820061809723627,1.080321874929495,-8.032187492949493,5.8355215809296475,6,19.30454689221462,4.120486233644039
domain,alpha,zlpng,4,8,28,37417204,3332463,11.228092855044451,8.906232010280618,0.32689975,0.27423525,4087.8853969319775,4872.928313503513,1.00655092979922,-0.6550929799219896,-0.22424012941928417,17,2.4386467104976375,2.0431354101998194,1.080321874929495,-8.032187492949493,5.8355215809296475,6,36.4214346840496,9.5449572948773
domain,alpha,zlpng,5,1,28,37417204,3298995,11.342000821462294,8.816786524188178,1.6258550714285713,0.6270976071428571,821.9236374565278,2130.974028706969,0.9769284676549411,2.3071532345058876,0.782314142496543,17,0.4903223011750608,0.8934809248480514,1.0485283581820426,-4.85283581820426,6.7812175312611185,10,7.323013042236105,4.174093028238427
domain,alpha,zlpng,5,8,28,37417204,3298995,11.342000821462294,8.816786524188178,0.7822351428571428,0.2513799642857143,1708.3465585613094,5315.971454140495,0.9769284676549411,2.3071532345058876,0.782314142496543,17,1.0191219446983972,2.2288958135230406,1.0485283581820426,-4.85283581820426,6.7812175312611185,10,15.220689074859843,10.412777953237836
domain,alpha,zlpng,6,1,28,37417204,3291514,11.367779082817208,8.796793047390713,1.8411592142857143,0.631051,725.808340700263,2117.623954776578,0.9708059683163398,2.9194031683660193,1.0073061500321612,17,0.4329842817582044,0.887883467421809,1.04195713583361,-4.195713583360994,6.992606063722862,11,6.466663936761269,4.147943272413799
domain,alpha,zlpng,6,8,28,37417204,3291514,11.367779082817208,8.796793047390713,0.86238375,0.2445875357142857,1549.5754810845106,5463.6010391254895,0.9708059683163398,2.9194031683660193,1.0073061500321612,17,0.924406333027495,2.290794370873063,1.04195713583361,-4.195713583360994,6.992606063722862,11,13.806101857620975,10.701950703889098
domain,alpha,zlpng,7,1,28,37417204,3275881,11.42202784533382,8.755012801063382,2.14359525,0.6120288214285715,623.4053346991295,2183.4408241862093,0.9551037377693083,4.489626223069165,1.4774705737461646,18,0.37189530066368637,0.9154793538843029,1.0251040759009864,-2.51040759009864,7.434343388676002,11,5.554293840153425,4.276863537063818
domain,alpha,zlpng,7,8,28,37417204,3275881,11.42202784533382,8.755012801063382,1.06228075,0.23043635714285712,1257.9807308809034,5799.122720280065,0.9551037377693083,4.489626223069165,1.4774705737461646,18,0.7504541525392416,2.431472867159789,1.0251040759009864,-2.51040759009864,7.434343388676002,11,11.208108490017485,11.359161299261743
domain,alpha,zlpng,8,1,28,37417204,3192620,11.719905281555588,8.53249216590315,16.303436464285713,0.8878218928571429,81.96607612223804,1505.1765731809223,0.8337269690744403,16.627303092555966,3.981555527552272,21,0.048897237201882555,0.6310947663127253,0.8948315040446575,10.51684959553425,9.7870262654702,21,0.7302851714078045,2.9482982691227524
domain,alpha,zlpng,8,8,28,37417204,3192620,11.719905281555588,8.53249216590315,4.71461075,0.39517925,283.44412405323476,3381.5761183961818,0.8337269690744403,16.627303092555966,3.981555527552272,21,0.16908988721921528,1.4178369689198003,0.8948315040446575,10.51684959553425,9.7870262654702,21,2.525374527018406,6.623737835425317
domain,astronomy,original_zpng,0,1,3,5335744,2886542,1.8484899925239267,54.09821010903072,3.325438,1.3525503333333333,534.8412249253582,1314.9834719644446,1.0,0.0,0.0,0,1.0,1.0,1.027437459907136,-2.7437459907136086,-0.8335193477722491,1,26.841308122418763,5.5873881218468515
domain,astronomy,png,0,1,3,5335744,2862681,1.8638975142532472,53.65101848964268,89.259106,7.557223666666667,19.92604915103377,235.34851048253125,0.9732952505842876,2.6704749415712437,0.8266292331793546,2,0.037256008367370384,0.17897450082087024,1.0,0.0,0.0,0,1.0,1.0
domain,astronomy,zlpng,1,1,3,5335744,2701760,1.9749141300485609,50.63511292895611,2.653733,1.1261586666666668,670.2186442017088,1579.3345875477582,0.9303280461642255,6.967195383577451,6.40150048050574,3,1.2531170242070322,1.201029991037379,0.9558538846313408,4.41461153686592,5.621338877786242,3,33.63530016018944,6.710620705904082
domain,astronomy,zlpng,1,8,3,5335744,2701760,1.9749141300485609,50.63511292895611,0.8079533333333334,0.3609233333333333,2201.341661647125,4927.8646434607535,0.9303280461642255,6.967195383577451,6.40150048050574,3,4.11587880488147,3.7474726857966143,0.9558538846313408,4.41461153686592,5.621338877786242,3,110.47557119635623,20.938584371565522
domain,astronomy,zlpng,2,1,3,5335744,2546554,2.0952801315032,47.7263152055271,4.522203333333333,1.933752,393.2997263133532,919.7566871725709,0.8944908444129053,10.550915558709473,11.778383962540651,3,0.7353579118143737,0.6994435342967109,0.9190334010937848,8.096659890621517,11.043039723951075,2,19.737968291268047,3.9080624954320236
domain,astronomy,zlpng,2,8,3,5335744,2546554,2.0952801315032,47.7263152055271,1.296726,0.554802,1371.5937933945438,3205.794739985316,0.8944908444129053,10.550915558709473,11.778383962540651,3,2.5644877946459004,2.4378973639845087,0.9190334010937848,8.096659890621517,11.043039723951075,2,68.83420707227279,13.621478773808795
domain,astronomy,zlpng,3,1,3,5335744,2531550,2.107698445616322,47.445117306977245,5.332914666666667,1.7318643333333332,333.5101805491731,1026.9749766773493,0.8923004516430925,10.769954835690754,12.298175463928807,3,0.623568575133148,0.7809793800245708,0.9167829095101693,8.321709048983072,11.567163788071388,2,16.737396260606456,4.3636349113566055
domain,astronomy,zlpng,3,8,3,5335744,2531550,2.107698445616322,47.445117306977245,1.247535,0.4824796666666667,1425.6765007260985,3686.3342772994233,0.8923004516430925,10.769954835690754,12.298175463928807,3,2.6656069769585624,2.8033312630100475,0.9167829095101693,8.321709048983072,11.567163788071388,2,71.54837820181397,15.663299800544271
domain,astronomy,zlpng,4,1,3,5335744,2607617,2.046214608970566,48.87072918041046,7.123254,1.9376043333333333,249.68663665978124,917.9280324345544,0.907860191245339,9.213980875466099,9.662946182664244,2,0.4668425413441666,0.698052904850027,0.9327695688439179,6.723043115608207,8.909969360889324,2,12.530664496871795,3.9002925089797316
domain,astronomy,zlpng,4,8,3,5335744,2607617,2.046214608970566,48.87072918041046,1.5511523333333332,0.5252813333333334,1146.619384255619,3385.9595239122655,0.907860191245339,9.213980875466099,9.662946182664244,2,2.1438500452459324,2.57490652628052,0.9327695688439179,6.723043115608207,8.909969360889324,2,57.54373963270747,14.387002139805716
domain,astronomy,zlpng,5,1,3,5335744,2509162,2.1265043867235356,47.02553195955428,11.219322333333334,1.7603306666666667,158.52841022751016,1010.367749089565,0.8735962702943626,12.64037297056374,13.073774779649838,3,0.2964027506474173,0.7683501508807437,0.8975655329355879,10.243446706441206,12.349227874150138,3,7.955837558459785,4.293070506450303
domain,astronomy,zlpng,5,8,3,5335744,2509162,2.1265043867235356,47.02553195955428,2.757596,0.5267366666666666,644.9753094120144,3376.604375367831,0.8735962702943626,12.64037297056374,13.073774779649838,3,1.205919213691926,2.5677922554597172,0.8975655329355879,10.243446706441206,12.349227874150138,3,32.36844918544993,14.347251947525962
domain,astronomy,zlpng,6,1,3,5335744,2506579,2.1286957243318483,46.977122590589055,12.140873666666666,1.7593096666666668,146.4953332161351,1010.954107188634,0.8678240600872459,13.217593991275411,13.163259013726458,3,0.2739043409314228,0.7687960561803693,0.8916349479423379,10.836505205766212,12.439457976630997,3,7.351950811008357,4.2955619524249
domain,astronomy,zlpng,6,8,3,5335744,2506579,2.1286957243318483,46.977122590589055,3.0760423333333335,0.4961003333333333,578.2044395357801,3585.1242457002986,0.8678240600872459,13.217593991275411,13.163259013726458,3,1.0810767992248047,2.7263644921289445,0.8916349479423379,10.836505205766212,12.439457976630997,3,29.017515471991228,15.233256579146289
domain,astronomy,zlpng,7,1,3,5335744,2502869,2.131851087691765,46.90759151863358,13.100308333333334,1.758482,135.7663719110937,1011.4299340757161,0.8727010914539687,12.729890854603132,13.291786504405623,3,0.25384425430190255,0.7691579062699154,0.8966457926616509,10.33542073383491,12.569056768812171,3,6.813511844822991,4.297583749317119
domain,astronomy,zlpng,7,8,3,5335744,2502869,2.131851087691765,46.90759151863358,3.600726,0.525932,493.9507569677152,3381.7705203968067,0.8727010914539687,12.729890854603132,13.291786504405623,3,0.9235465292277169,2.571720932237121,0.8966457926616509,10.33542073383491,12.569056768812171,3,24.78919695639157,14.3692029894866
domain,astronomy,zlpng,8,1,3,5335744,2295083,2.324858839527808,43.013364209377364,25.777316,1.7837866666666669,68.99792566973743,997.0818633020391,0.7428504156606373,25.714958433936275,20.490226714179116,3,0.12900637133827278,0.7582466886922203,0.7632323441573254,23.676765584267457,19.827497370471946,3,3.4626997628457516,4.236618541828619
domain,astronomy,zlpng,8,8,3,5335744,2295083,2.324858839527808,43.013364209377364,6.166256,0.567171,288.4378029931507,3135.8820061909605,0.7428504156606373,25.714958433936275,20.490226714179116,3,0.5392961304233882,2.3847311187161075,0.7632323441573254,23.676765584267457,19.827497370471946,3,14.475413605922297,13.324418326512934
domain,document,original_zpng,0,1,10,9532794,214156,44.51331739479632,2.246518701652422,0.443564,0.38452,2149.1360885914996,2479.1412670342247,1.0,0.0,0.0,0,1.0,1.0,0.3859486951588586,61.40513048411413,63.57265448656997,6,14.646422387750134,5.050026526578591
domain,document,png,0,1,10,9532794,587899,16.215019926892204,6.167121622475006,6.4966257,1.9418362,146.73454251797207,490.91648409891627,2.5910179579397066,-159.10179579397067,-174.51904219354114,4,0.06827605906247608,0.1980187618296538,1.0,0.0,0.0,0,1.0,1.0
domain,document,zlpng,1,1,10,9532794,570105,16.72111979372221,5.980460712777387,0.443482,0.6842574,2149.5334647178465,1393.1590655797072,2.534988372080288,-153.49883720802882,-166.21014587496964,4,1.0001849004018202,0.5619522711774838,0.9783754544472661,2.1624545552733854,3.026710370318708,5,14.649130517134855,2.837873876117379
domain,document,zlpng,1,8,10,9532794,570105,16.72111979372221,5.980460712777387,0.2314145,0.30796290000000004,4119.358985716107,3095.4358463308404,2.534988372080288,-153.49883720802882,-166.21014587496964,4,1.9167511111015083,1.2485919570181994,0.9783754544472661,2.1624545552733854,3.026710370318708,5,28.073546385382073,6.305422503814583
domain,document,zlpng,2,1,10,9532794,501197,19.020053990746153,5.257608629746955,0.4480127,0.7343218,2127.7954843690814,1298.176630463647,2.2317817246536844,-123.17817246536845,-134.0336016735464,4,0.9900701475650132,0.5236396359198379,0.8613532445094765,13.864675549052352,14.747771300852698,7,14.500985574739287,2.644394051763137
domain,document,zlpng,2,8,10,9532794,501197,19.020053990746153,5.257608629746955,0.2425804,0.31796090000000005,3929.746178998798,2998.1025968916306,2.2317817246536844,-123.17817246536845,-134.0336016735464,4,1.828523656486674,1.2093310844194993,0.8613532445094765,13.864675549052352,14.747771300852698,7,26.781329818897156,6.107154055734526
domain,document,zlpng,3,1,10,9532794,495960,19.220892813936608,5.2026719553574745,0.5036936,0.7347216,1892.5779481811958,1297.470225456826,2.219609501747456,-121.96095017474562,-131.5881880498328,4,0.8806226642546183,0.5233546965272288,0.8566553909616348,14.334460903836522,15.638570570795318,6,12.89797150489901,2.642955100271994
domain,document,zlpng,3,8,10,9532794,495960,19.220892813936608,5.2026719553574745,0.2550101,0.305462,3738.2025260960254,3120.7790167025687,2.219609501747456,-121.96095017474562,-131.5881880498328,4,1.7393977728725254,1.2588145170266678,0.8566553909616348,14.334460903836522,15.638570570795318,6,25.475954481802876,6.3570467030268905
domain,document,zlpng,4,1,10,9532794,498838,19.109999639161412,5.232862474527405,0.5492733000000001,0.7410386999999999,1735.5283790419087,1286.409738114892,2.228671096760238,-122.86710967602379,-132.93206821195764,4,0.8075469898136319,0.518893277773482,0.8601527017328761,13.984729826712394,15.149030700851673,6,11.827674310766607,2.620424817219398
domain,document,zlpng,4,8,10,9532794,498838,19.109999639161412,5.232862474527405,0.2728831,0.3226047,3493.361809507441,2954.9457896924628,2.228671096760238,-122.86710967602379,-132.93206821195764,4,1.625472592476412,1.191923118293069,0.8601527017328761,13.984729826712394,15.149030700851673,6,23.80735816912077,6.0192433650222705
domain,document,zlpng,5,1,10,9532794,481022,19.817792117616243,5.045970782542873,1.1656917,0.7189098,817.7800356646616,1326.006962208611,2.1490573608048473,-114.90573608048473,-124.61289900819965,4,0.3805157058251337,0.5348654309622709,0.8294258842241713,17.05741157758287,18.179483210551474,6,5.573193752687782,2.7010846145093583
domain,document,zlpng,5,8,10,9532794,481022,19.817792117616243,5.045970782542873,0.47347809999999996,0.3548051,2013.354788743133,2686.769158616942,2.1490573608048473,-114.90573608048473,-124.61289900819965,4,0.936820520315512,1.0837499235495769,0.8294258842241713,17.05741157758287,18.179483210551474,6,13.721069042052843,5.4729658621028845
domain,document,zlpng,6,1,10,9532794,475321,20.055486713189612,4.986166699920296,1.3767403,0.7134564,692.417734848032,1336.1424748590102,2.1102752701085854,-111.02752701085853,-121.95082089691627,4,0.3221842202193108,0.5389537468582523,0.8144579869244163,18.554201307558372,19.149207601986053,8,4.718846175999933,2.7217307182330974
domain,document,zlpng,6,8,10,9532794,475321,20.055486713189612,4.986166699920296,0.6398296,0.2732445,1489.8957472427035,3488.7414019312373,2.1102752701085854,-111.02752701085853,-121.95082089691627,4,0.693253328698766,1.4072378401029115,0.8144579869244163,18.554201307558372,19.149207601986053,8,10.153681073835909,7.106588421724865
domain,document,zlpng,7,1,10,9532794,470070,20.279520071478714,4.931083164075506,1.7006188,0.7086101,560.5485485636169,1345.2805710785099,2.088346693126775,-108.8346693126775,-119.49886998262946,4,0.2608250596782771,0.5426397393997066,0.8059946812515961,19.40053187484039,20.042388233353,9,3.8201539933581823,2.740345078344212
domain,document,zlpng,7,8,10,9532794,470070,20.279520071478714,4.931083164075506,0.8220959,0.31863090000000005,1159.5720158682218,2991.798347241275,2.088346693126775,-108.8346693126775,-119.49886998262946,4,0.5395526239700259,1.2067881677514642,0.8059946812515961,19.40053187484039,20.042388233353,9,7.902515631083916,6.094312259106069
domain,document,zlpng,8,1,10,9532794,482870,19.741947107917245,5.065356494643648,12.839579800000001,0.8953321999999999,74.2453736686928,1064.7214519929028,2.0156642202954616,-101.56642202954616,-125.47582136386559,4,0.03454661343356424,0.4294718764722189,0.7779429757014313,22.205702429856867,17.865143502540406,8,0.5059842924143048,2.1688443686041894
domain,document,zlpng,8,8,10,9532794,482870,19.741947107917245,5.065356494643648,4.0090653,0.48346890000000003,237.78096106341795,1971.749165251374,2.0156642202954616,-101.56642202954616,-125.47582136386559,4,0.11064025322810282,0.7953355427825864,0.7779429757014313,22.205702429856867,17.865143502540406,8,1.620483881866429,4.016465588582844
domain,graphics,original_zpng,0,1,15,73546902,9766753,7.530332957125054,13.279625292714572,6.390690066666666,4.517093066666666,767.2296338660392,1085.4606552568114,1.0,0.0,0.0,0,1.0,1.0,0.895851048316312,10.414895168368798,0.5601738667930789,10,11.790152207975954,2.9035124005119752
domain,graphics,png,0,1,15,73546902,9821772,7.488149999816733,13.354433338334223,75.34720859999999,13.115435733333333,65.07376837315245,373.843988083334,1.116256995936354,-11.625699593635396,-0.5633294913877762,5,0.084816547094575,0.3444104457152208,1.0,0.0,0.0,0,1.0,1.0
domain,graphics,zlpng,1,1,15,73546902,10502342,7.002904875883874,14.279788426710345,4.628089666666667,3.2062216666666665,1059.4277883841057,1529.2538413594818,1.5284688993034088,-52.84688993034088,-7.5315614104298545,0,1.3808483687545956,1.4088523927177004,1.3692804657598383,-36.92804657598383,-6.929197704854073,4,16.28041244375199,4.0906203927468106
domain,graphics,zlpng,1,8,15,73546902,10502342,7.002904875883874,14.279788426710345,0.9169148666666667,0.6303032,5347.417713734674,7778.997155654612,1.5284688993034088,-52.84688993034088,-7.5315614104298545,0,6.969774729358734,7.16653995516232,1.3692804657598383,-36.92804657598383,-6.929197704854073,4,82.1747049144439,20.80813762857833
domain,graphics,zlpng,2,1,15,73546902,8511169,8.641222139990406,11.572437136781097,6.850478333333333,4.401449733333333,715.7349547610665,1113.9799604815055,1.2058095833598117,-20.58095833598117,12.855695234639397,4,0.9328823121110521,1.0262739188993881,1.0802257793227428,-8.022577932274277,13.34385485633346,8,10.998824451917834,2.9797990498463944
domain,graphics,zlpng,2,8,15,73546902,8511169,8.641222139990406,11.572437136781097,1.2010868000000001,0.7860844666666666,4082.241849631517,6237.404513017982,1.2058095833598117,-20.58095833598117,12.855695234639397,4,5.320756224002018,5.746320221567369,1.0802257793227428,-8.022577932274277,13.34385485633346,8,62.732525742519194,16.684512020633576
domain,graphics,zlpng,3,1,15,73546902,8440813,8.713248593470794,11.476775731491722,7.1603804,3.9092097333333333,684.7578656575284,1254.2501258481127,1.1885829030744512,-18.858290307445124,13.576057467614877,4,0.8925070610308171,1.1555003120323757,1.0647932397300928,-6.479323973009277,14.06018180833357,8,10.522794096246619,3.3550094847814593
domain,graphics,zlpng,3,8,15,73546902,8440813,8.713248593470794,11.476775731491722,1.2065508666666667,0.7311121333333332,4063.754737125878,6706.395060967392,1.1885829030744512,-18.858290307445124,13.576057467614877,4,5.296660292758482,6.1783861335634604,1.0647932397300928,-6.479323973009277,14.06018180833357,8,62.44843104556498,17.939020753952747
domain,graphics,zlpng,4,1,15,73546902,8475543,8.677544553782571,11.523997299029672,7.543088666666667,3.933287866666667,650.0157981261964,1246.572070544951,1.206163549142176,-20.616354914217606,13.220463341296739,4,0.8472245719326469,1.1484267665602508,1.080542879939942,-8.05428799399419,13.70657962738292,8,9.988906657423179,3.3344713577875593
domain,graphics,zlpng,4,8,15,73546902,8475543,8.677544553782571,11.523997299029672,1.3109422666666666,0.7646083333333333,3740.1546388973957,6412.599217464279,1.206163549142176,-20.616354914217606,13.220463341296739,4,4.874882921363331,5.907721469597725,1.080542879939942,-8.05428799399419,13.70657962738292,8,57.475611638936144,17.153142545747823
domain,graphics,zlpng,5,1,15,73546902,7906289,9.302329069934075,10.749995968558947,17.039676066666665,3.586769466666667,287.7476532310135,1367.003607443073,1.1181110754190071,-11.81110754190071,19.048951068999088,4,0.3750476265900532,1.259376469172575,1.0016609790481963,-0.16609790481962872,19.502417690005423,10,4.421868602736857,3.6566151951555588
domain,graphics,zlpng,5,8,15,73546902,7906289,9.302329069934075,10.749995968558947,2.7674856666666665,0.6915521333333333,1771.6900430800183,7090.032065068703,1.1181110754190071,-11.81110754190071,19.048951068999088,4,2.3092043957589903,6.531818570053335,1.0016609790481963,-0.16609790481962872,19.502417690005423,10,27.22587130532564,18.965216216044258
domain,graphics,zlpng,6,1,15,73546902,7835244,9.3866766625264,10.653397746107647,18.558837066666666,3.5998464,264.19364437475747,1362.0377802786252,1.1016844522522804,-10.16844522522804,19.77636784712381,5,0.3443475495641329,1.2548016122761978,0.9869451714639873,1.3054828536012697,20.225759669436428,9,4.05991002180467,3.64333204142636
domain,graphics,zlpng,6,8,15,73546902,7835244,9.3866766625264,10.653397746107647,3.001693066666667,0.7173623333333333,1633.4537513007103,6834.937621016251,1.1016844522522804,-10.16844522522804,19.77636784712381,5,2.129028493164169,6.296808261004318,0.9869451714639873,1.3054828536012697,20.225759669436428,9,25.101569989523245,18.282860869472284
domain,graphics,zlpng,7,1,15,73546902,7804797,9.423294673775628,10.6119996733513,20.195216466666665,3.5431724,242.7865434417544,1383.8239426340078,1.0787255135440856,-7.8725513544085635,20.088109118762397,7,0.3164457324443567,1.274872503146239,0.9663773821540211,3.3622617845978864,20.535754647939296,10,3.7309433510834005,3.7016081219568466
domain,graphics,zlpng,7,8,15,73546902,7804797,9.423294673775628,10.6119996733513,3.3559917333333336,0.6968126666666666,1461.0068169417025,7036.506416358677,1.0787255135440856,-7.8725513544085635,20.088109118762397,7,1.9042627558319771,6.482507110949954,0.9663773821540211,3.3622617845978864,20.535754647939296,10,22.45154773523876,18.82203978305025
domain,graphics,zlpng,8,1,15,73546902,7638118,9.628929796580781,10.385370141083577,60.8445506,4.0034112,80.58448540829555,1224.7372440782501,0.8851304992324057,11.486950076759427,21.794704954655863,6,0.10503307204419826,1.1283110430091885,0.7929450856340913,20.705491436590872,22.232790579948304,12,1.2383559062724017,3.2760651050117793
domain,graphics,zlpng,8,8,15,73546902,7638118,9.628929796580781,10.385370141083577,9.8115242,0.8211278000000001,499.73140768485285,5971.21032803907,0.8851304992324057,11.486950076759427,21.794704954655863,6,0.6513452891108057,5.501084078101687,0.7929450856340913,20.705491436590872,22.232790579948304,12,7.679460098564502,15.972465837027237
domain,materials,original_zpng,0,1,6,3931646,2414931,1.6280572819678907,61.42290023059044,0.6223273333333333,0.36145283333333333,1052.941592366718,1812.8902941232075,1.0,0.0,0.0,0,1.0,1.0,0.9756900873024373,2.4309912697562663,1.5333911238072595,6,148.75821459446314,7.683512417710563
domain,materials,png,0,1,6,3931646,2452538,1.6030927961156973,62.37942073116451,92.576303,2.7772273333333333,7.078208052154916,235.9455149632451,1.0249156089765903,-2.4915608976590287,-1.5572701663111754,0,0.006722317841244247,0.1301488102882467,1.0,0.0,0.0,0,1.0,1.0
domain,materials,zlpng,1,1,6,3931646,2487588,1.5805052926770833,63.27090485766013,0.5240508333333334,0.5309561666666667,1250.4022351521241,1234.1401691351168,1.0173005669894062,-1.7300566989406185,-3.0086573902111446,3,1.1875323799695003,0.6807583300190819,0.9925700790187129,0.7429920981287141,-1.42913178103663,3,176.6551966173765,5.230615082161521
domain,materials,zlpng,1,8,6,3931646,2487588,1.5805052926770833,63.27090485766013,0.3458558333333333,0.3277385,1894.6458905083284,1999.381620814562,1.0173005669894062,-1.7300566989406185,-3.0086573902111446,3,1.7993836545574144,1.1028696150538717,0.9925700790187129,0.7429920981287141,-1.42913178103663,3,267.6730998224212,8.473912382382093
domain,materials,zlpng,2,1,6,3931646,2163390,1.8173542449581443,55.02504548985336,2.7748605,0.824153,236.146766056648,795.0882097539333,0.8955095212642531,10.44904787357469,10.416073999629806,6,0.22427337638534742,0.4385749167124713,0.873739762982483,12.626023701751699,11.789745969277543,6,33.36250705215632,3.369795818656649
domain,materials,zlpng,2,8,6,3931646,2163390,1.8173542449581443,55.02504548985336,1.2853173333333332,0.49457466666666666,509.8152155421022,1324.9249860486182,0.8955095212642531,10.44904787357469,10.416073999629806,6,0.48418185703556477,0.7308357214684132,0.873739762982483,12.626023701751699,11.789745969277543,6,72.02602859164222,5.615385341209012
domain,materials,zlpng,3,1,6,3931646,2163416,1.8173324039389558,55.025706790489274,3.4567305,0.8246405,189.5647732252582,794.6181800837254,0.8954854498821956,10.451455011780443,10.414997364313926,6,0.1800335123994576,0.43831564582788907,0.8737162767736218,12.628372322637816,11.788685842992031,6,26.78146387171346,3.3678037075954106
domain,materials,zlpng,3,8,6,3931646,2163416,1.8173324039389558,55.025706790489274,1.588534,0.4893705,412.50255476642826,1339.0147819154063,0.8954854498821956,10.451455011780443,10.414997364313926,6,0.39176204811060594,0.738607728363956,0.8737162767736218,12.628372322637816,11.788685842992031,6,58.27782282280392,5.675101652701446
domain,materials,zlpng,4,1,6,3931646,2163416,1.8173324039389558,55.025706790489274,3.5385056666666665,0.8251945,185.1839152063908,794.0847077062842,0.8954854498821956,10.451455011780443,10.414997364313926,6,0.175872922628262,0.4380213796060605,0.8737162767736218,12.628372322637816,11.788685842992031,6,26.162541965690412,3.365542709425879
domain,materials,zlpng,4,8,6,3931646,2163416,1.8173324039389558,55.025706790489274,1.6404791666666667,0.4862958333333333,399.4408137866223,1347.4808715545237,0.8954854498821956,10.451455011780443,10.414997364313926,6,0.37935704761058126,0.7432776687715811,0.8737162767736218,12.628372322637816,11.788685842992031,6,56.43247709637682,5.710983197813403
domain,materials,zlpng,5,1,6,3931646,2116998,1.8571798367310692,53.84508167825893,5.733327166666667,0.8582891666666667,114.29215781423952,763.4656928948771,0.8799789551045557,12.002104489544429,12.337122675554701,6,0.10854558186588747,0.4211317669744171,0.8585867435302715,14.141325646972847,13.681337455321795,6,16.147046960486556,3.2357711610403253
domain,materials,zlpng,5,8,6,3931646,2116998,1.8571798367310692,53.84508167825893,2.658834,0.5014666666666667,246.45176544806233,1306.7156341398563,0.8799789551045557,12.002104489544429,12.337122675554701,6,0.23406024345007373,0.7207913453868652,0.8585867435302715,14.141325646972847,13.681337455321795,6,34.81838392317835,5.538209252858282
domain,materials,zlpng,6,1,6,3931646,2116998,1.8571798367310692,53.84508167825893,5.9832971666666666,0.8579451666666666,109.51726365588338,763.7718105916248,0.8799789551045557,12.002104489544429,12.337122675554701,6,0.10401076797595128,0.42130062313617167,0.8585867435302715,14.141325646972847,13.681337455321795,6,15.472456142701475,3.2370685694559733
domain,materials,zlpng,6,8,6,3931646,2116998,1.8571798367310692,53.84508167825893,2.8913675,0.470744,226.63128548457894,1391.9972072577311,0.8799789551045557,12.002104489544429,12.337122675554701,6,0.21523633136684747,0.7678331180712518,0.8585867435302715,14.141325646972847,13.681337455321795,6,32.018172369994474,5.899655297429884
domain,materials,zlpng,7,1,6,3931646,2116998,1.8571798367310692,53.84508167825893,6.322090666666667,0.8576683333333334,103.64836062669565,764.0183365364622,0.8799789551045557,12.002104489544429,12.337122675554701,6,0.09843695165818565,0.42143660816827017,0.8585867435302715,14.141325646972847,13.681337455321795,6,14.643305178793176,3.238113412138725
domain,materials,zlpng,7,8,6,3931646,2116998,1.8571798367310692,53.84508167825893,2.9277056666666663,0.480744,223.8183779175434,1363.0421457851442,0.8799789551045557,12.002104489544429,12.337122675554701,6,0.21256485596172747,0.7518613510170347,0.8585867435302715,14.141325646972847,13.681337455321795,6,31.620768458395805,5.776936026936027
domain,materials,zlpng,8,1,6,3931646,1873866,2.098146825866951,47.66110682396126,9.022035,0.7989415,72.63043574241658,820.1781148348575,0.7789006075409852,22.10993924590148,22.40498796860034,6,0.06897859887856048,0.45241464279090937,0.7599656017715852,24.00343982284148,23.594822995607,6,10.261133214402294,3.476133525838041
domain,materials,zlpng,8,8,6,3931646,1873866,2.098146825866951,47.66110682396126,3.8507191666666665,0.45696133333333333,170.16933849802516,1433.9820145249344,0.7789006075409852,22.10993924590148,22.40498796860034,6,0.1616132744035043,0.7909921627212806,0.7599656017715852,24.00343982284148,23.594822995607,6,24.041302155030348,6.0775981045806935
domain,medical,original_zpng,0,1,15,24449093,9703053,2.5197319853864553,39.68676056817323,2.610122,1.3677398,624.4687157662873,1191.7029345298963,1.0,0.0,0.0,0,1.0,1.0,1.063460689173483,-6.346068917348302,-4.283443495083028,3,29.22965455254582,4.730436398307144
domain,medical,png,0,1,15,24449093,9304500,2.627663281208018,38.05662647690039,76.2929644,6.470006133333333,21.364218131407846,251.9224093059077,0.940326248238847,5.967375176115297,4.107501010249037,12,0.034211830940468736,0.2113969866200642,1.0,0.0,0.0,0,1.0,1.0
domain,medical,zlpng,1,1,15,24449093,9182771,2.6624962116555015,37.55873888655093,2.0398294,1.3226630666666666,799.0567904028314,1232.3165093292089,0.9542783744178401,4.572162558215986,5.362044296779578,9,1.2795785765221346,1.0340802842910963,1.0148375377217476,-1.4837537721747562,1.3082809393304307,6,37.40163976458031,4.891651015582402
domain,medical,zlpng,1,8,15,24449093,9182771,2.6624962116555015,37.55873888655093,0.5811231333333333,0.33146526666666665,2804.809238936969,4917.376561727232,0.9542783744178401,4.572162558215986,5.362044296779578,9,4.4915128142090825,4.126344258493449,1.0148375377217476,-1.4837537721747562,1.3082809393304307,6,131.2853679776644,19.519409072323114
domain,medical,zlpng,2,1,15,24449093,8258270,2.9605586884420103,33.77740842983419,4.728731266666666,1.9362839333333333,344.68855204840077,841.7874596146522,0.8855154147763135,11.448458522368654,14.889983595884715,14,0.5519708887665132,0.7063735728289712,0.9417108332717611,5.828916672823892,11.244344134558549,13,16.133918401706875,3.341455259712427
domain,medical,zlpng,2,8,15,24449093,8258270,2.9605586884420103,33.77740842983419,1.1050776,0.49341640000000003,1474.954820669004,3303.3752695154303,0.8855154147763135,11.448458522368654,14.889983595884715,14,2.361935487607386,2.7719787992454243,0.9417108332717611,5.828916672823892,11.244344134558549,13,69.03855837816276,13.112669407286287
domain,medical,zlpng,3,1,15,24449093,8216388,2.975649762401678,33.60610555164562,5.4729540666666665,1.8067248,297.81714106839877,902.1515248660634,0.8657439401775097,13.425605982249033,15.321620937245218,14,0.4769128277354079,0.7570271908593937,0.9206846472689412,7.931535273105883,11.694470417539904,14,13.939997206383765,3.5810689781494855
domain,medical,zlpng,3,8,15,24449093,8216388,2.975649762401678,33.60610555164562,1.330097,0.457234,1225.4290727167518,3564.782000755266,0.8657439401775097,13.425605982249033,15.321620937245218,14,1.9623546252641724,2.9913344152009693,0.9206846472689412,7.931535273105883,11.694470417539904,14,57.35894780606227,14.15031719717548
domain,medical,zlpng,4,1,15,24449093,8243921,2.965711704418322,33.71871913612501,5.564361466666667,1.818596,292.9248114267007,896.2625747188124,0.8672654039092156,13.273459609078442,15.037864886443476,14,0.46907844065054866,0.7520855649083139,0.9223026641376136,7.769733586238637,11.398559836638189,14,13.711000778262404,3.557692930883678
domain,medical,zlpng,4,8,15,24449093,8243921,2.965711704418322,33.71871913612501,1.4097958666666668,0.4272386666666667,1156.1528671432243,3815.0562215030473,0.8672654039092156,13.273459609078442,15.037864886443476,14,1.8514183944739422,3.2013483486201313,0.9223026641376136,7.769733586238637,11.398559836638189,14,54.11632010270234,15.143774751973137
domain,medical,zlpng,5,1,15,24449093,8110394,3.014538257944065,33.172576176956746,9.506404,1.8043254,171.45700238842502,903.3512100053201,0.8367975186708523,16.32024813291477,16.413998769253347,14,0.274564598769419,0.7580338890091555,0.8899012659043651,11.009873409563486,12.833639636734917,14,8.025428374388465,3.5858310997192264
domain,medical,zlpng,5,8,15,24449093,8110394,3.014538257944065,33.172576176956746,2.3939772,0.4921672,680.8500654614978,3311.7597705278476,0.8367975186708523,16.32024813291477,16.413998769253347,14,1.090286908329787,2.779014530021505,0.8899012659043651,11.009873409563486,12.833639636734917,14,31.868709693642863,13.145951484238148
domain,medical,zlpng,6,1,15,24449093,8087016,3.0232527053241887,33.07695708793778,10.9264218,1.7846484666666667,149.17413615986646,913.3112564054164,0.8351876898368196,16.48123101631804,16.654933246267955,14,0.23888168036859056,0.7663917155374801,0.8881892762230734,11.181072377692658,13.084894405932612,14,6.982428996105568,3.6253672665395507
domain,medical,zlpng,6,8,15,24449093,8087016,3.0232527053241887,33.07695708793778,2.5938414,0.4849728666666666,628.3882789955212,3360.88809367067,0.8351876898368196,16.48123101631804,16.654933246267955,14,1.0062766366517244,2.8202398402219893,0.8881892762230734,11.181072377692658,13.084894405932612,14,29.41311847362757,13.34096519214202
domain,medical,zlpng,7,1,15,24449093,8068920,3.030032891638534,33.00294207232964,12.166272933333333,1.7818133999999999,133.97196842983863,914.7644379222501,0.8341080800836961,16.589191991630393,16.841431248494676,14,0.21453751812921684,0.7676111314461997,0.8870411536909784,11.295884630902165,13.279380944704178,14,6.270857543477544,3.6311356359388327
domain,medical,zlpng,7,8,15,24449093,8068920,3.030032891638534,33.00294207232964,2.8105286,0.49159179999999997,579.940561121966,3315.6361300846215,0.8341080800836961,16.589191991630393,16.841431248494676,14,0.9286943388514175,2.7822673201627857,0.8870411536909784,11.295884630902165,13.279380944704178,14,27.145414709531867,13.161338601118516
domain,medical,zlpng,8,1,15,24449093,7255733,3.3696241303256333,29.676900488701154,30.474528333333332,2.688378533333333,53.485307976054536,606.2909345256389,0.7144439797329166,28.55560202670834,25.222164611488772,15,0.08564929935749074,0.5087601254962161,0.7597830870626135,24.021691293738645,22.019098285775694,15,2.503499432887039,2.4066574156546108
domain,medical,zlpng,8,8,15,24449093,7255733,3.3696241303256333,29.676900488701154,6.5997569333333335,0.6836256666666666,246.96963082094922,2384.2573689207106,0.7144439797329166,28.55560202670834,25.222164611488772,15,0.39548759543205,2.000714523591615,0.7597830870626135,24.021691293738645,22.019098285775694,15,11.559965794295818,9.46425280501951
domain,microscopy,original_zpng,0,1,31,22753824,14070246,1.6171589324024611,61.83684113931795,1.2853333225806451,0.5789258064516128,571.0536789841861,1267.8555946218526,1.0,0.0,0.0,0,1.0,1.0,0.9973631492361312,0.263685076386877,1.2251794869274857,10,40.865111630513915,6.551718310330033
domain,microscopy,png,0,1,31,22753824,14244770,1.5973458328916508,62.603850675824866,52.52528970967742,3.792958806451613,13.974112787147785,193.51497341130136,1.0026438221282672,-0.26438221282671925,-1.240376323200043,21,0.024470751702371504,0.1526317147096067,1.0,0.0,0.0,0,1.0,1.0
domain,microscopy,zlpng,1,1,31,22753824,14102296,1.6134836483364128,61.97769658409945,0.9250376129032258,0.6476526451612903,793.4751110033329,1133.3147916007545,1.0137882461499619,-1.378824614996188,-0.22778564070593532,11,1.3894930375280992,0.8938831807093727,1.0111150378387002,-1.111503783870016,1.0001846291656569,12,56.78178808840764,5.856470802349647
domain,microscopy,zlpng,1,8,31,22753824,14102296,1.6134836483364128,61.97769658409945,0.43505387096774195,0.2946517419354839,1687.1343333825178,2491.057129882363,1.0137882461499619,-1.378824614996188,-0.22778564070593532,11,2.9544233676659992,1.964779853832912,1.0111150378387002,-1.111503783870016,1.0001846291656569,12,120.73284072346992,12.872684144124655
domain,microscopy,zlpng,2,1,31,22753824,12531960,1.815663631227677,55.07628080449247,2.5981033225806454,0.9130453548387097,282.5115984423525,803.8968915298911,0.9064354124460094,9.356458755399055,10.932900533508793,27,0.4947198640675879,0.6340602943584119,0.9040452775363036,9.59547224636964,12.024132365773543,23,20.216782470954648,4.154184440401258
domain,microscopy,zlpng,2,8,31,22753824,12531960,1.815663631227677,55.07628080449247,1.0409317096774193,0.41926467741935486,705.1320617450564,1750.670548013977,0.9064354124460094,9.356458755399055,10.932900533508793,27,1.2347912073684113,1.3808122592511236,0.9040452775363036,9.59547224636964,12.024132365773543,23,50.45988052948719,9.046692962063767
domain,microscopy,zlpng,3,1,31,22753824,12560928,1.8114763495181248,55.20359127327345,3.406735806451613,0.9154708709677419,215.45384329205112,801.7669877412283,0.9073774070927813,9.262259290721875,10.727019271731287,27,0.37729175245890945,0.6323803681919796,0.9049847882837714,9.501521171622862,11.820773518982753,23,15.418069581505558,4.14317803737664
domain,microscopy,zlpng,3,8,31,22753824,12560928,1.8114763495181248,55.20359127327345,1.3006173548387097,0.44214674193548387,564.3430174524068,1660.0695040013354,0.9073774070927813,9.262259290721875,10.727019271731287,27,0.9882486326964629,1.3093521936119734,0.9049847882837714,9.501521171622862,11.820773518982753,23,40.3848906938437,8.57850674155836
domain,microscopy,zlpng,4,1,31,22753824,12639749,1.8001800510437351,55.549998980391166,3.6656828709677423,0.9356708709677419,200.2339941607852,784.4578102784075,0.908833885281347,9.1166114718653,10.166822953912813,26,0.35063953097538864,0.6187280425357731,0.9064374259567131,9.356257404328694,11.267440611536728,23,14.3289235753803,4.053731845396284
domain,microscopy,zlpng,4,8,31,22753824,12639749,1.8001800510437351,55.549998980391166,1.4089322258064516,0.41929719354838707,520.9578637897347,1750.5347850508374,0.908833885281347,9.1166114718653,10.166822953912813,26,0.9122747702395264,1.3807051784733795,0.9064374259567131,9.356257404328694,11.267440611536728,23,37.280210323539684,9.045991398971536
domain,microscopy,zlpng,5,1,31,22753824,12446632,1.8281109299286746,54.701275706448286,5.475823967741936,0.9221796774193548,134.04271702388604,795.9341769867113,0.9024283744091547,9.75716255908453,11.539343377507405,25,0.23472875135368493,0.6277798357817751,0.900048805460757,9.995119453924294,12.623145196447538,24,9.592216626959479,4.113036644947437
domain,microscopy,zlpng,5,8,31,22753824,12446632,1.8281109299286746,54.701275706448286,2.1257424838709675,0.4562304193548387,345.28844775405,1608.8237246841102,0.9024283744091547,9.75716255908453,11.539343377507405,25,0.604651472289371,1.2689329380322323,0.900048805460757,9.995119453924294,12.623145196447538,24,24.70914991265974,8.313691164686661
domain,microscopy,zlpng,6,1,31,22753824,12439809,1.8291136142042053,54.67128953796953,6.0315465161290325,0.9227719032258064,121.69255772426888,795.42335436825,0.9006895148145846,9.931048518541541,11.587835777711353,25,0.2131017839526761,0.6273769329428176,0.8983145309794373,10.168546902056274,12.671043477711464,24,8.708428189887767,4.110396939040155
domain,microscopy,zlpng,6,8,31,22753824,12439809,1.8291136142042053,54.67128953796953,2.3226490322580644,0.43694358064516126,316.0160284169411,1679.8377527297205,0.9006895148145846,9.931048518541541,11.587835777711353,25,0.553391108484028,1.324944070803856,0.8983145309794373,10.168546902056274,12.671043477711464,24,22.61438942353364,8.680660328848834
domain,microscopy,zlpng,7,1,31,22753824,12430491,1.8304847330648484,54.63033817963961,6.636633258064516,0.9223157741935484,110.59739088169904,795.8167290616198,0.8989378495848858,10.106215041511424,11.654060632628592,25,0.19367249516443752,0.6276872006854836,0.8965674846295374,10.34325153704626,12.73645695929102,25,7.914448134654906,4.112429725890884
domain,microscopy,zlpng,7,8,31,22753824,12430491,1.8304847330648484,54.63033817963961,2.5224567419354837,0.446747935483871,290.98390881321933,1642.9719407335565,0.8989378495848858,10.106215041511424,11.654060632628592,25,0.5095561407306464,1.2958667751303217,0.8965674846295374,10.34325153704626,12.73645695929102,25,20.823068572971724,8.49015407836966
domain,microscopy,zlpng,8,1,31,22753824,11584701,1.9641269981849336,50.91320474307967,11.501135064516129,1.0789522580645161,63.819294222985064,680.2843379718437,0.8304890827707848,16.951091722921518,17.66525617249336,28,0.11175708444171038,0.5365629499586217,0.828299206998496,17.170079300150398,18.67400456448226,25,4.566965731211265,3.515409303888599
domain,microscopy,zlpng,8,8,31,22753824,11584701,1.9641269981849336,50.91320474307967,4.078193161290322,0.5388324193548387,179.9802739967355,1362.194062969485,0.8304890827707848,16.951091722921518,17.66525617249336,28,0.315172251962183,1.0744078968833748,0.828299206998496,17.170079300150398,18.67400456448226,25,12.879549259275068,7.039217890773989
domain,multiband_scientific,original_zpng,0,1,4,13755104,6810431,2.0197112341348147,49.5120284077823,5.66446275,2.624883,607.0789325960349,1310.0682963774004,1.0,0.0,0.0,0,1.0,1.0,1.0491682082246767,-4.916820822467671,-5.931904561549772,0,42.609832856611156,5.611694025981349
domain,multiband_scientific,png,0,1,4,13755104,6429065,2.139518576962591,46.739486666185876,241.361811,14.73004025,14.247390611433554,233.4532656826922,0.9531360101847964,4.686398981520357,5.59973370261001,4,0.02346876138578526,0.1781993094010724,1.0,0.0,0.0,0,1.0,1.0
domain,multiband_scientific,zlpng,1,1,4,13755104,6413020,2.144871526987285,46.62283905668761,6.505139,2.14090675,528.624522858005,1606.2240917312256,0.9519750978352042,4.802490216479582,5.83532818994863,3,0.8707673656166302,1.2260613405978564,0.9987820076702724,0.12179923297276352,0.24956972747981476,2,37.10325190591623,6.8802811005196745
domain,multiband_scientific,zlpng,1,8,4,13755104,6413020,2.144871526987285,46.62283905668761,1.47692425,0.38474425,2328.336067337238,8937.822982409743,0.9519750978352042,4.802490216479582,5.83532818994863,3,3.8353102740374125,6.822409951545735,0.9987820076702724,0.12179923297276352,0.24956972747981476,2,163.42192972997768,38.2852771678849
domain,multiband_scientific,zlpng,2,1,4,13755104,6011759,2.288033169659662,43.70566009533625,11.99021175,3.92932975,286.7986047035408,875.1558710490001,0.8954872337365702,10.451276626342976,11.727187310171704,4,0.472423912780356,0.668023089688515,0.9395167365074697,6.04832634925303,6.490928307615496,4,20.12990396103722,3.7487411816226417
domain,multiband_scientific,zlpng,2,8,4,13755104,6011759,2.288033169659662,43.70566009533625,2.4895845,0.7098615,1381.265026352791,4844.291456854612,0.8954872337365702,10.451276626342976,11.727187310171704,4,2.2752643061522915,3.697739629491105,0.9395167365074697,6.04832634925303,6.490928307615496,4,96.94863178976252,20.75058338844972
domain,multiband_scientific,zlpng,3,1,4,13755104,5970615,2.3038001947873044,43.40654203705039,13.90193575,3.58562725,247.3595089086784,959.0444740177608,0.8920969562135235,10.790304378647653,12.331319412824238,4,0.4074585620207603,0.7320568528142462,0.9359597651132303,6.404023488676969,7.1308969500230575,3,17.361741223699727,4.108079067616412
domain,multiband_scientific,zlpng,3,8,4,13755104,5970615,2.3038001947873044,43.40654203705039,2.8016465,0.65212425,1227.4125233144152,5273.191420193314,0.8920969562135235,10.790304378647653,12.331319412824238,4,2.021833500407707,4.025127113429687,0.9359597651132303,6.404023488676969,7.1308969500230575,3,86.14998751626945,22.587781776248928
domain,multiband_scientific,zlpng,4,1,4,13755104,5996634,2.293804157465672,43.59570091218503,14.46828575,3.6257,237.6768097768597,948.4447141241691,0.8982794168863248,10.172058311367515,11.949273107678504,3,0.3915089076810637,0.7239658548694046,0.9424462062997327,5.755379370026725,6.72618802267515,3,16.682129118164536,4.0626748627851175
domain,multiband_scientific,zlpng,4,8,4,13755104,5996634,2.293804157465672,43.59570091218503,2.95527075,0.66718225,1163.6077675793326,5154.177887676118,0.8982794168863248,10.172058311367515,11.949273107678504,3,1.9167322486442233,3.93428182479375,0.9424462062997327,5.755379370026725,6.72618802267515,3,81.67164074560681,22.077985812722087
domain,multiband_scientific,zlpng,5,1,4,13755104,5877937,2.3401244348144594,42.73277032292886,26.058488,3.66848725,131.9637578358345,937.3825682507143,0.8757922708638849,12.420772913611511,13.692143713077776,4,0.21737495859314632,0.7155219089285373,0.9188534075992828,8.11465924007172,8.572444049018014,4,9.262310652866736,4.015290021793043
domain,multiband_scientific,zlpng,5,8,4,13755104,5877937,2.3401244348144594,42.73277032292886,5.03347275,0.7688255,683.1816065756987,4472.765276385864,0.8757922708638849,12.420772913611511,13.692143713077776,4,1.1253587793834783,3.4141466431589484,0.9188534075992828,8.11465924007172,8.572444049018014,4,47.951349493249964,19.159146321239344
domain,multiband_scientific,zlpng,6,1,4,13755104,5865885,2.344932435600084,42.645151937782515,29.0249125,3.63336425,118.47670514079931,946.4440566342887,0.8731335557221234,12.686644427787662,13.869107549874593,4,0.19515865034907512,0.7224387150283652,0.916063968197821,8.393603180217902,8.759905211722074,4,8.31567747189591,4.054105021262319
domain,multiband_scientific,zlpng,6,8,4,13755104,5865885,2.344932435600084,42.645151937782515,5.27945,0.7565745,651.3511824148349,4545.191517821444,0.8731335557221234,12.686644427787662,13.869107549874593,4,1.072926677968349,3.4694309681333433,0.916063968197821,8.393603180217902,8.759905211722074,4,45.717226415630414,19.46938503742857
domain,multiband_scientific,zlpng,7,1,4,13755104,5868195,2.34400935892553,42.66194570393652,30.696067,3.6587275,112.0265993685771,939.8830604356295,0.8737278986075584,12.627210139244161,13.835188991709924,4,0.18453382806338023,0.7174305820807918,0.916687533858004,8.331246614199605,8.723974637058419,4,7.862955570171254,4.026000911519101
domain,multiband_scientific,zlpng,7,8,4,13755104,5868195,2.34400935892553,42.66194570393652,5.980401,0.7484375,575.0075956445061,4594.606764091858,0.8737278986075584,12.627210139244161,13.835188991709924,4,0.9471710592650894,3.5071505636743217,0.916687533858004,8.331246614199605,8.723974637058419,4,40.358800521904804,19.68105586638831
domain,multiband_scientific,zlpng,8,1,4,13755104,5379928,2.5567449973308194,39.1122306308989,61.78050575,4.074869,55.66118241108766,843.8985400512262,0.7952902167131423,20.470978328685774,21.004588402701675,4,0.0916868951012108,0.6441637755716809,0.8343932116875423,16.560678831245767,16.31865597874652,4,3.906763275404232,3.614850011129192
domain,multiband_scientific,zlpng,8,8,4,13755104,5379928,2.5567449973308194,39.1122306308989,10.59036375,0.85656725,324.7080158129601,4014.601305384954,0.7952902167131423,20.470978328685774,21.004588402701675,4,0.5348695175838507,3.064421386645357,0.8343932116875423,16.560678831245767,16.31865597874652,4,22.79070074434412,17.19659518852723
domain,photo,original_zpng,0,1,124,582401212,322121597,1.8080166540339113,55.30922504330228,8.070710717741935,4.29787239516129,581.9541961052998,1092.8160577847204,1.0,0.0,0.0,0,1.0,1.0,0.8520804165513758,14.791958344862422,-1.8061005476778913,107,32.63617451890297,5.659866040582192
domain,photo,png,0,1,124,582401212,316406969,1.8406712527245253,54.32800661822799,263.39712347580644,24.325382016129034,17.831568947158015,193.08161181714294,1.1735981493945127,-17.35981493945127,1.7740592537792477,17,0.030640846077741035,0.17668262690845185,1.0,0.0,0.0,0,1.0,1.0
domain,photo,zlpng,1,1,124,582401212,299279685,1.9460098402602903,51.387201611798844,6.764734443548387,3.5934241693548388,694.3042638164928,1307.0496958852461,0.9270962568212235,7.290374317877646,7.091083681669441,120,1.1930565471700185,1.1960381498555257,0.7899605646954494,21.00394353045506,5.41305523520248,118,38.93680168436052,6.769415707608044
domain,photo,zlpng,1,8,124,582401212,299279685,1.9460098402602903,51.387201611798844,1.5480972016129033,0.7487428467741936,3033.9076660357864,6272.893274342553,0.9270962568212235,7.290374317877646,7.091083681669441,120,5.213310061754114,5.740118137592633,0.7899605646954494,21.00394353045506,5.41305523520248,118,170.14249699656008,32.48829971589044
domain,photo,zlpng,2,1,124,582401212,296028931,1.9673793707683254,50.82903759479127,9.282059411290323,4.792208620967742,506.006669385132,980.0875419303978,0.9407919310178928,5.920806898210717,8.100253520101608,116,0.8694956970351913,0.8968458460586332,0.8016303804698993,19.836961953010068,6.44045169561357,114,28.377013311875682,5.0760273477444615
domain,photo,zlpng,2,8,124,582401212,296028931,1.9673793707683254,50.82903759479127,1.9226263790322582,0.9901129274193547,2442.89999292844,4743.685126891236,0.9407919310178928,5.920806898210717,8.100253520101608,116,4.19775303499387,4.340790101956682,0.8016303804698993,19.836961953010068,6.44045169561357,114,136.99860063731452,24.568290487359935
domain,photo,zlpng,3,1,124,582401212,301756557,1.9300366420869521,51.81248781467165,14.49509810483871,5.047383193548387,324.0256763887696,930.5384171634539,0.9574716837681979,4.252831623180208,6.3221591441445675,107,0.5567889681993802,0.8515050730950785,0.8158428711413532,18.41571288586468,4.6302431473941414,113,18.171461936354884,4.8194046465942915
domain,photo,zlpng,3,8,124,582401212,301756557,1.9300366420869521,51.81248781467165,2.722195330645161,1.0269474596774193,1725.3662567369095,4573.538717567178,0.9574716837681979,4.252831623180208,6.3221591441445675,107,2.964780163600227,4.1850947238443155,0.8158428711413532,18.41571288586468,4.6302431473941414,113,96.75908282943871,23.687075504106144
domain,photo,zlpng,4,1,124,582401212,313786741,1.8560414953925666,53.87810576877715,19.4374865,5.726071637096774,241.63535587494482,820.2454082679435,0.9869057614530784,1.30942385469216,2.5874874822503724,86,0.41521370151135206,0.750579571397118,0.8409230723158917,15.907692768410831,0.8281195601605118,108,13.550986825164172,4.248179826905284
domain,photo,zlpng,4,8,124,582401212,313786741,1.8560414953925666,53.87810576877715,3.4668424112903224,1.1525883145161289,1354.772848181998,4074.9883619232282,0.9869057614530784,1.30942385469216,2.5874874822503724,86,2.327971612282804,3.7288877052042566,0.8409230723158917,15.907692768410831,0.8281195601605118,108,75.9760878135135,21.10500489183003
domain,photo,zlpng,5,1,124,582401212,300657598,1.9370912821567876,51.62379332411142,28.29036714516129,5.214406266129033,166.02060848635048,900.7322651958688,0.9470365089843064,5.296349101569364,6.663321925601906,112,0.2852812293431946,0.8242304446200851,0.8069512630647084,19.304873693529156,4.977567671715855,113,9.310487987811682,4.6650339031191805
domain,photo,zlpng,5,8,124,582401212,300657598,1.9370912821567876,51.62379332411142,4.943886693548387,1.0628884677419355,950.018529727044,4418.886939021991,0.9470365089843064,5.296349101569364,6.663321925601906,112,1.6324627197208934,4.043577972288993,0.8069512630647084,19.304873693529156,4.977567671715855,113,53.277338216414066,22.88610964780467
domain,photo,zlpng,6,1,124,582401212,300194855,1.9400772608178112,51.544338990833005,34.290207604838706,5.132242427419355,136.97158156252078,915.152398618009,0.9419452003736154,5.80547996263846,6.8069766834044305,116,0.2353648834894506,0.8374258340174295,0.8026130587029193,19.73869412970807,5.12381697888582,114,7.6814094131829735,4.739718039461469
domain,photo,zlpng,6,8,124,582401212,300194855,1.9400772608178112,51.544338990833005,5.963732927419355,1.0511748064516129,787.5577301839944,4468.128363536969,0.9419452003736154,5.80547996263846,6.8069766834044305,116,1.3532984820019964,4.088637178881178,0.8026130587029193,19.73869412970807,5.12381697888582,114,44.166485434783624,23.14113872101135
domain,photo,zlpng,7,1,124,582401212,299632595,1.9437178121425676,51.44779729613612,38.925667911290326,5.154220830645162,120.66033082452624,911.2500457521204,0.9374610293296103,6.253897067038972,6.981525675225065,116,0.20733647361259638,0.8338549193716481,0.7987921843718558,20.120781562814415,5.301518501003688,114,6.766669336954616,4.719507140923993
domain,photo,zlpng,7,8,124,582401212,299632595,1.9437178121425676,51.44779729613612,6.753689620967742,1.0577705080645161,695.4397124144016,4440.267460600695,0.9374610293296103,6.253897067038972,6.981525675225065,116,1.1950076433310355,4.063142583758964,0.7987921843718558,20.120781562814415,5.301518501003688,114,39.00047799917463,22.996842727860745
domain,photo,zlpng,8,1,124,582401212,284795780,2.04497837713747,48.900272549570175,81.8286305,7.639587064516129,57.397807332751775,614.7955286166265,0.8682755903503104,13.172440964968956,11.587492843579817,124,0.09862942430329365,0.5625791497453804,0.7398406267070842,26.01593732929158,9.990674067611959,120,3.2188871042612215,3.1841226247834817
domain,photo,zlpng,8,8,124,582401212,284795780,2.04497837713747,48.900272549570175,16.12422985483871,1.767950322580645,291.28733651315946,2656.6266640830295,0.8682755903503104,13.172440964968956,11.587492843579817,124,0.5005330977293158,2.4309916066463697,0.7398406267070842,26.01593732929158,9.990674067611959,120,16.335485529981067,13.75908683939813
domain,sensor_cfa,original_zpng,0,1,6,50331648,36964459,1.3616227414555153,73.44178160031636,9.754823666666667,6.453208333333333,859.9446065503798,1299.9127824015186,1.0,0.0,0.0,0,1.0,1.0,1.0030534251482814,-0.3053425148281441,-0.306952178106501,3,47.16832274193509,4.858430677247106
domain,sensor_cfa,png,0,1,6,50331648,36851343,1.3658022721180068,73.21704030036926,460.118671,31.35246533333333,18.23140100306862,267.55816203969755,0.9969558698751961,0.30441301248038677,0.3060128649522542,3,0.02120066904797842,0.2058277798802765,1.0,0.0,0.0,0,1.0,1.0
domain,sensor_cfa,zlpng,1,1,6,50331648,37425710,1.3448415006689252,74.3582050005595,7.454723166666667,6.9246095,1125.2742472730768,1211.4196475627975,1.012477479647808,-1.2477479647807987,-1.247822942573018,0,1.30854271159052,0.9319237905521363,1.0155690038462333,-1.5569003846233276,-1.558605340380681,0,61.72176494190853,4.527687132874906
domain,sensor_cfa,zlpng,1,8,6,50331648,37425710,1.3448415006689252,74.3582050005595,1.4358876666666667,1.0022328333333335,5842.106032899974,8369.919365044416,1.012477479647808,-1.2477479647807987,-1.247822942573018,0,6.79358413134918,6.438831495741924,1.0155690038462333,-1.5569003846233276,-1.558605340380681,0,320.44196888196683,31.282616464537433
domain,sensor_cfa,zlpng,2,1,6,50331648,28814209,1.7467648686798933,57.24868973096212,34.75995666666667,11.071873833333333,241.32964492571767,757.6502520056715,0.7791142682701764,22.08857317298236,22.048882143791147,6,0.2806339421021526,0.5828469896310686,0.7814932353702975,21.850676462970252,21.809609489673143,6,13.237032353415861,2.8317216945647097
domain,sensor_cfa,zlpng,2,8,6,50331648,28814209,1.7467648686798933,57.24868973096212,5.135674,1.561405,1633.3996277801123,5372.474149884239,0.7791142682701764,22.08857317298236,22.048882143791147,6,1.899424236559148,4.132949704486237,0.7814932353702975,21.850676462970252,21.809609489673143,6,89.59265541387558,20.079649631795295
domain,sensor_cfa,zlpng,3,1,6,50331648,28845615,1.7448630580419242,57.31108784675598,43.60960216666666,11.2225675,192.35690268259077,747.4767249116568,0.7799302210967097,22.006977890329026,21.96391945030225,6,0.22368522485909859,0.5750206744876637,0.7823116796477112,21.76883203522888,21.72438600134601,6,10.550856878756285,2.7936980849821875
domain,sensor_cfa,zlpng,3,8,6,50331648,28845615,1.7448630580419242,57.31108784675598,6.644782,1.6069568333333333,1262.4353966766705,5220.18253757283,0.7799302210967097,22.006977890329026,21.96391945030225,6,1.4680426937507756,4.015794450400607,0.7823116796477112,21.76883203522888,21.72438600134601,6,69.24511157777637,19.51045895134499
domain,sensor_cfa,zlpng,4,1,6,50331648,28745016,1.7509695593837902,57.111215591430664,43.6538235,10.811142833333333,192.16204509554586,775.9224098062898,0.7773017195986883,22.269828040131166,22.236070058539205,6,0.22345863167442062,0.5969034386851825,0.7796751522171135,22.03248477828865,21.997371981802672,6,10.54016885829027,2.9000139778623772
domain,sensor_cfa,zlpng,4,8,6,50331648,28745016,1.7509695593837902,57.111215591430664,6.5687405,1.5382933333333333,1277.049687074714,5453.191415594772,0.7773017195986883,22.269828040131166,22.236070058539205,6,1.485037149308405,4.1950440748188464,0.7796751522171135,22.03248477828865,21.997371981802672,6,70.0467115423421,20.38133082550359
domain,sensor_cfa,zlpng,5,1,6,50331648,28731764,1.7517771620287568,57.08488623301188,63.58097633333334,10.8960925,131.9358160846948,769.8730531151419,0.776890502741655,22.310949725834494,22.271920711730154,6,0.1534236218004181,0.5922497751678717,0.7792626797401875,22.07373202598125,22.033332679354455,6,7.236734909318709,2.877404476268289
domain,sensor_cfa,zlpng,5,8,6,50331648,28731764,1.7517771620287568,57.08488623301188,14.044773833333334,1.5644676666666668,597.2761184726803,5361.956772090528,0.776890502741655,22.310949725834494,22.271920711730154,6,0.6945518512740261,4.124858871057951,0.7792626797401875,22.07373202598125,22.033332679354455,6,32.760845881901766,20.040340878462814
domain,sensor_cfa,zlpng,6,1,6,50331648,28682621,1.7547785469117345,56.98724786440531,75.54418716666667,11.103478166666665,111.04240199835539,755.4937177418085,0.7755557578911756,22.444424210882442,22.404867334863464,6,0.1291273893138255,0.581188005818417,0.777923859346215,22.2076140653785,22.166687385043204,6,6.090722373978021,2.823661636716267
domain,sensor_cfa,zlpng,6,8,6,50331648,28682621,1.7547785469117345,56.98724786440531,15.143912333333335,1.6211848333333332,553.9260803521556,5174.3686639062025,0.7755557578911756,22.444424210882442,22.404867334863464,6,0.6441415832284819,3.980550644595429,0.777923859346215,22.2076140653785,22.166687385043204,6,30.383078089222078,19.339229364038175
domain,sensor_cfa,zlpng,7,1,6,50331648,28588471,1.7605575338394277,56.800188620885216,86.750909,10.863852166666666,96.69763806163691,772.1577826453303,0.7730626009864082,22.693739901359177,22.6595714548399,6,0.11244635680609026,0.5940073773402016,0.7754230897734561,22.45769102265439,22.422173324863625,6,5.303906048984455,2.885943664580733
domain,sensor_cfa,zlpng,7,8,6,50331648,28588471,1.7605575338394277,56.800188620885216,16.367897,1.6216588333333333,512.5037138246898,5172.856230651885,0.7730626009864082,22.693739901359177,22.6595714548399,6,0.5959729381646687,3.9793871563408376,0.7754230897734561,22.45769102265439,22.422173324863625,6,28.11104389281042,19.33357663700945
domain,sensor_cfa,zlpng,8,1,6,50331648,31252209,1.6104988930542479,62.09256052970886,90.25487066666668,20.407495833333332,92.94354906319884,411.0552352189218,0.8453210549179341,15.467894508206593,15.453357507545284,6,0.10808085585423549,0.3162175499647903,0.8479021794853925,15.209782051460753,15.193839746898774,6,5.0979926911571445,1.5363210454328566
domain,sensor_cfa,zlpng,8,8,6,50331648,31252209,1.6104988930542479,62.09256052970886,12.715833,2.9482718333333335,659.6978742957697,2845.2627417722847,0.8453210549179341,15.467894508206593,15.453357507545284,6,0.767139963749655,2.1888104958209698,0.8479021794853925,15.209782051460753,15.193839746898774,6,36.18470539838012,10.634184059577048
domain,synthetic_color,original_zpng,0,1,8,7882768,2497103,3.1567652595828046,31.67799686607547,0.584512875,0.481186875,1685.7558526833134,2047.7408075604721,1.0,0.0,0.0,0,1.0,1.0,0.6412769448401581,35.872305515984195,-1.7236912322438958,4,29.569206452466936,6.023191873219734
domain,synthetic_color,png,0,1,8,7882768,2454790,3.211178145584755,31.141218414648254,17.283581875,2.898280875,57.01052056953906,339.9760211301122,1.5593886667003998,-55.93886667003998,1.6944835675580916,4,0.03381896641722594,0.16602492848454517,1.0,0.0,0.0,0,1.0,1.0
domain,synthetic_color,zlpng,1,1,8,7882768,2365717,3.3320840996619627,30.011247318200915,0.47850575,0.48116725,2059.2145444438233,2047.824327196001,1.7128404637832002,-71.28404637832003,5.261537069155741,2,1.221537828960258,1.0000407862338927,1.0984050996134902,-9.84050996134902,3.628538490054134,5,36.119904254024114,6.023437536532255
domain,synthetic_color,zlpng,1,8,8,7882768,2365717,3.3320840996619627,30.011247318200915,0.24959725,0.223515125,3947.7438152864265,4408.408603220923,1.7128404637832002,-71.28404637832003,5.261537069155741,2,2.3418241787519696,2.152815721083752,1.0984050996134902,-9.84050996134902,3.628538490054134,5,69.24588261689581,12.966822155771338
domain,synthetic_color,zlpng,2,1,8,7882768,773117,10.19608675012967,9.80768430581745,0.816073875,0.52044,1207.4225510527463,1893.2941357313043,0.9403153658861909,5.968463411380909,69.03944290643999,3,0.7162499534738813,0.9245770405810468,0.603002565021752,39.699743497824805,68.50577849836442,6,21.178942745839034,5.568904916993313
domain,synthetic_color,zlpng,2,8,8,7882768,773117,10.19608675012967,9.80768430581745,0.36033775,0.235535875,2734.5067232062142,4183.422164457962,0.9403153658861909,5.968463411380909,69.03944290643999,3,1.6221250063308659,2.04294515644379,0.603002565021752,39.699743497824805,68.50577849836442,6,47.96494920390661,12.305050663725854
domain,synthetic_color,zlpng,3,1,8,7882768,758531,10.39215009010838,9.62264778057657,0.945922,0.519094,1041.6778550451306,1898.2034082459054,0.8237965143904222,17.620348560957776,69.6235597810743,5,0.6179292531519512,0.92697444971431,0.5282817119182613,47.17182880817386,69.09996374435288,6,18.27167765946875,5.583344972201567
domain,synthetic_color,zlpng,3,8,8,7882768,758531,10.39215009010838,9.62264778057657,0.42447925,0.24160125,2321.3054583940207,4078.397773190329,0.8237965143904222,17.620348560957776,69.6235597810743,5,1.3770116560467915,1.9916572244555855,0.5282817119182613,47.17182880817386,69.09996374435288,6,40.71714194510097,11.996133608580253
domain,synthetic_color,zlpng,4,1,8,7882768,757845,10.40155704662563,9.61394525374843,1.009370125,0.518656,976.1988943352172,1899.8064227541954,0.8055254124055143,19.447458759448566,69.65103161543597,4,0.579086759675991,0.927757270715079,0.5165648754585166,48.34351245414834,69.12790910831477,6,17.123135950749482,5.588060053291584
domain,synthetic_color,zlpng,4,8,8,7882768,757845,10.40155704662563,9.61394525374843,0.464236875,0.230922875,2122.5069637132983,4266.991739125022,0.8055254124055143,19.447458759448566,69.65103161543597,4,1.259083253565327,2.0837557777677937,0.5165648754585166,48.34351245414834,69.12790910831477,6,37.23009266551693,12.55086086642564
domain,synthetic_color,zlpng,5,1,8,7882768,754822,10.443214426712522,9.57559578056845,1.586916125,0.52286875,620.9187646889656,1884.4996951911928,0.7878549032261294,21.21450967738706,69.77209190009384,4,0.36833255758870054,0.920282336628456,0.5052331853181907,49.47668146818093,69.25105609848501,6,10.891301438505453,5.543037091048184
domain,synthetic_color,zlpng,5,8,8,7882768,754822,10.443214426712522,9.57559578056845,0.63713225,0.237731625,1546.5329215402296,4144.783008991757,0.7878549032261294,21.21450967738706,69.77209190009384,4,0.9174121620746714,2.024075993254999,0.5052331853181907,49.47668146818093,69.25105609848501,6,27.127149622390014,12.191398073352673
domain,synthetic_color,zlpng,6,1,8,7882768,739147,10.664682397412152,9.376744311135377,1.825138375,0.476231125,539.8746821045829,2069.049980721021,0.6861534820749766,31.38465179250234,70.39981931061715,6,0.32025674491666967,1.0104061867018876,0.44001440867647723,55.99855913235228,69.8896035913459,6,9.469737808236047,6.085870332393751
domain,synthetic_color,zlpng,6,8,8,7882768,739147,10.664682397412152,9.376744311135377,0.685785,0.189330125,1436.8147451460734,5204.380443946783,0.6861534820749766,31.38465179250234,70.39981931061715,6,0.852326713182703,2.541523040773358,0.44001440867647723,55.99855913235228,69.8896035913459,6,25.20262454705192,15.308080924786797
domain,synthetic_color,zlpng,7,1,8,7882768,743017,10.609135457196807,9.425838740909285,2.26782025,0.503534625,434.4903437563008,1956.8584782029636,0.6599126597986402,34.008734020135975,70.24483972026785,6,0.2577421535062137,0.9556182457164688,0.4231867743370147,57.68132256629853,69.73195263138598,6,7.621230948528659,5.755872051499934
domain,synthetic_color,zlpng,7,8,8,7882768,743017,10.609135457196807,9.425838740909285,0.9393685,0.2474475,1048.9451157878937,3982.0406348821466,0.6599126597986402,34.008734020135975,70.24483972026785,6,0.6222402337314908,1.944601885248386,0.4231867743370147,57.68132256629853,69.73195263138598,6,18.399149934237734,11.712710271875853
domain,synthetic_color,zlpng,8,1,8,7882768,754951,10.441429973600936,9.577232261560914,10.37697325,0.5615905,94.95504866989997,1754.5631558938408,0.7137825380480565,28.621746195194355,69.76692591374885,6,0.056327877206390604,0.8568287301868532,0.4577322852797116,54.22677147202884,69.24580106648635,7,1.6655706301449702,5.160843844402638
domain,synthetic_color,zlpng,8,8,8,7882768,754951,10.441429973600936,9.577232261560914,3.46552775,0.299931625,284.32783433922873,3285.2354265743065,0.7137825380480565,28.621746195194355,69.76692591374885,6,0.1686648952673947,1.6043219017000958,0.4577322852797116,54.22677147202884,69.24580106648635,7,4.987287109445307,9.663138640348446
domain,synthetic_edges,original_zpng,0,1,9,9631993,75098,128.25898159737943,0.7796724935327507,0.45436644444444446,0.4216226666666667,2355.4147924656017,2538.339442007651,1.0,0.0,0.0,0,1.0,1.0,0.5987225394283475,40.12774605716525,-64.48299275029021,6,10.928379394213872,4.2723572736443645
domain,synthetic_edges,png,0,1,9,9631993,45657,210.96421140241364,0.47401404880589093,4.965488888888889,1.8013226666666668,215.53193822248676,594.130892953721,1.6702227394926323,-67.02227394926324,39.203440837305926,3,0.09150487587660608,0.23406282198562242,1.0,0.0,0.0,0,1.0,1.0
domain,synthetic_edges,zlpng,1,1,9,9631993,80640,119.44435763888889,0.8372099107630165,0.19069388888888889,0.6929467777777778,5612.248251269487,1544.4497020053327,1.0084995966602228,-0.8499596660222819,-7.379690537697403,3,2.3827006051000876,0.6084488451173339,0.6038114395248728,39.61885604751272,-76.62132860240489,6,26.039056195356725,2.5995108490775545
domain,synthetic_edges,zlpng,1,8,9,9631993,80640,119.44435763888889,0.8372099107630165,0.114449,0.30567811111111115,9351.07728721478,3501.138634213259,1.0084995966602228,-0.8499596660222819,-7.379690537697403,3,3.9700342025220356,1.379302774196386,0.6038114395248728,39.61885604751272,-76.62132860240489,6,43.38603997316611,5.89287423989578
domain,synthetic_edges,zlpng,2,1,9,9631993,65323,147.4517857416224,0.678187785227834,0.21634455555555557,0.7133185555555555,4946.8378887381805,1500.3415179784877,1.364186658600374,-36.41866586003739,13.01632533489574,4,2.1001981920814585,0.5910720580348472,0.816769300491488,18.3230699508512,-43.07335129333947,5,22.95176264610824,2.525271006393123
domain,synthetic_edges,zlpng,2,8,9,9631993,65323,147.4517857416224,0.678187785227834,0.10811377777777778,0.3512946666666667,9899.029212023548,3046.506383371731,1.364186658600374,-36.41866586003739,13.01632533489574,4,4.202669204459499,1.2001966060780882,0.816769300491488,18.3230699508512,-43.07335129333947,5,45.9283635347124,5.127668699781
domain,synthetic_edges,zlpng,3,1,9,9631993,66834,144.11815842235987,0.6938750889872948,0.22509233333333334,0.7016521111111111,4754.588610797248,1525.2878563276608,1.2046449258580778,-20.464492585807783,11.00428773069856,5,2.0185780551289816,0.6008998761494498,0.7212480691192217,27.875193088077832,-46.38281095998422,6,22.059786823283876,2.5672589565990998
domain,synthetic_edges,zlpng,3,8,9,9631993,66834,144.11815842235987,0.6938750889872948,0.116432,0.31263422222222226,9191.815346678271,3423.238303334959,1.2046449258580778,-20.464492585807783,11.00428773069856,5,3.9024189608049715,1.348613288941141,0.7212480691192217,27.875193088077832,-46.38281095998422,6,42.647114958850565,5.761757794341133
domain,synthetic_edges,zlpng,4,1,9,9631993,68728,140.1465632638808,0.7135387245401861,0.24962811111111113,0.7043332222222223,4287.263320147793,1519.4817036569968,1.4379135434500818,-43.79135434500818,8.4822498601827,4,1.8201733868114034,0.5986124938653563,0.8609112482128464,13.908875178715363,-50.53113432770439,5,19.891545334326217,2.5574864422600476
domain,synthetic_edges,zlpng,4,8,9,9631993,68728,140.1465632638808,0.7135387245401861,0.12767,0.3237518888888889,8382.716726282168,3305.6840166011903,1.4379135434500818,-43.79135434500818,8.4822498601827,4,3.5589131702392454,1.3023017969521928,0.8609112482128464,13.908875178715363,-50.53113432770439,5,38.89315335543893,5.563898554688827
domain,synthetic_edges,zlpng,5,1,9,9631993,64185,150.0661057879567,0.6663729925883459,0.5947187777777777,0.7014185555555555,1799.5420431206608,1525.7957405999618,1.029483272219518,-2.9483272219517964,14.53167860662068,5,0.7640021829178273,0.6010999613956922,0.6163748390422745,38.36251609577255,-40.58085288126683,6,8.349305712933601,2.5681137922562325
domain,synthetic_edges,zlpng,5,8,9,9631993,64185,150.0661057879567,0.6663729925883459,0.24648344444444445,0.28432344444444446,4341.960762746743,3764.0984778290454,1.029483272219518,-2.9483272219517964,14.53167860662068,5,1.843395386933808,1.4828979984063533,0.6163748390422745,38.36251609577255,-40.58085288126683,6,20.145324161956335,6.335470049564053
domain,synthetic_edges,zlpng,6,1,9,9631993,63958,150.59872103567966,0.6640162633008558,0.655238,0.6992895555555555,1633.3323837207922,1530.4410539839957,0.9902978637410109,0.970213625898908,14.833950304934884,6,0.6934372616430128,0.6029300213581849,0.5929136517694856,40.70863482305144,-40.0836673456425,6,7.578145481319595,2.575932462248193
domain,synthetic_edges,zlpng,6,8,9,9631993,63958,150.59872103567966,0.6640162633008558,0.28610077777777776,0.3273128888888889,3740.7149073733535,3269.7198331464015,0.9902978637410109,0.970213625898908,14.833950304934884,6,1.5881342510622714,1.2881334068387162,0.5929136517694856,40.70863482305144,-40.0836673456425,6,17.355733624554208,5.503366130131685
domain,synthetic_edges,zlpng,7,1,9,9631993,59033,163.16285806243965,0.612884581622931,0.9650701111111111,0.6869722222222222,1108.9571960862718,1557.8816869515992,0.7794003714616188,22.059962853838122,21.392047724306906,7,0.47081185005441745,0.6137404876470826,0.46664456963289774,53.33554303671022,-29.29671244277985,6,5.145210520686407,2.6221186365290525
domain,synthetic_edges,zlpng,7,8,9,9631993,59033,163.16285806243965,0.612884581622931,0.5068966666666667,0.33479422222222227,2111.3207381736797,3196.6544623762256,0.7794003714616188,22.059962853838122,21.392047724306906,7,0.8963689728566199,1.2593486944551013,0.46664456963289774,53.33554303671022,-29.29671244277985,6,9.795860212578939,5.380387554809787
domain,synthetic_edges,zlpng,8,1,9,9631993,24112,399.4688536828135,0.2503324078412432,8.880042888888887,0.6675074444444445,120.51985084256225,1603.310125380208,0.42727508458364827,57.272491541635176,67.8926203094623,8,0.05116714526378789,0.6316373999657432,0.2558192236763838,74.41807763236162,47.18882099130472,9,0.5591739759615275,2.6985806400494576
domain,synthetic_edges,zlpng,8,8,9,9631993,24112,399.4688536828135,0.2503324078412432,2.7551314444444444,0.34435977777777776,388.4466008336848,3107.8584477861978,0.42727508458364827,57.272491541635176,67.8926203094623,8,0.1649164308877701,1.2243667637012712,0.2558192236763838,74.41807763236162,47.18882099130472,9,1.802269325081203,5.2309322485075365
domain,synthetic_noise,original_zpng,0,1,9,9631993,4843065,1.988821748211102,50.28102698994902,0.9165223333333333,0.5539174444444445,1167.698162413694,1932.0955770183964,1.0,0.0,0.0,0,1.0,1.0,0.8435678123024893,15.643218769751066,4.421742528300099,9,30.633945635803748,4.517311946003987
domain,synthetic_noise,png,0,1,9,9631993,5067120,1.90088117115837,52.60718108910586,28.076695333333333,2.502217888888889,38.11778529269617,427.7091332440585,1.1854411529412607,-18.544115294126073,-4.626305862093538,0,0.03264352597241798,0.22137058763112422,1.0,0.0,0.0,0,1.0,1.0
domain,synthetic_noise,zlpng,1,1,9,9631993,4924792,1.9558172203008777,51.129522207916885,0.6738605555555555,0.7640706666666667,1588.1942274572139,1400.6838518135903,1.0940431325024367,-9.404313250243668,-1.6875057427476303,3,1.3601068140540122,0.7249557777960037,0.922899571849643,7.710042815035701,2.8088539446470606,7,41.66543820061684,3.2748513953625
domain,synthetic_noise,zlpng,1,8,9,9631993,4924792,1.9558172203008777,51.129522207916885,0.2962238888888889,0.3361141111111111,3612.880272616621,3184.101497275892,1.0940431325024367,-9.404313250243668,-1.6875057427476303,3,3.0940189758872325,1.6480041335168247,0.922899571849643,7.710042815035701,2.8088539446470606,7,94.78200910347466,7.444548759399503
domain,synthetic_noise,zlpng,2,1,9,9631993,4911833,1.9609772970701569,50.994980997183035,0.6348451111111111,0.8577262222222223,1685.7993008268334,1247.7424808952248,1.0024199089823322,-0.24199089823322417,-1.4199272568094834,4,1.4436944024491714,0.6457974935281084,0.8456091696286865,15.43908303713135,3.064600798875894,7,44.22605583934209,2.917268732213957
domain,synthetic_noise,zlpng,2,8,9,9631993,4911833,1.9609772970701569,50.994980997183035,0.29753033333333334,0.390123,3597.016251937711,2743.292357652444,1.0024199089823322,-0.24199089823322417,-1.4199272568094834,4,3.0804332555448126,1.4198533397016952,0.8456091696286865,15.43908303713135,3.064600798875894,7,94.36582488508175,6.413920453008125
domain,synthetic_noise,zlpng,3,1,9,9631993,4904445,1.9639312909003974,50.918278283632475,0.7349224444444445,0.8217042222222223,1456.2372567808363,1302.441213640269,1.014984511743262,-1.4984511743262097,-1.267379231953325,4,1.2471007522789253,0.6741080664602483,0.856208264092174,14.379173590782601,3.2104035428409006,7,38.20361664768255,3.04515642151853
domain,synthetic_noise,zlpng,3,8,9,9631993,4904445,1.9639312909003974,50.918278283632475,0.36459488888888886,0.33736011111111114,2935.3714960348684,3172.3413918723845,1.014984511743262,-1.4984511743262097,-1.267379231953325,4,2.5138101527601107,1.641917423551029,0.856208264092174,14.379173590782601,3.2104035428409006,7,77.00792355838475,7.417053191759152
domain,synthetic_noise,zlpng,4,1,9,9631993,4912886,1.9605569923666049,51.00591331409813,0.8643436666666666,0.8430154444444445,1238.18972211799,1269.5158214446842,1.0232050878435142,-2.320508784351416,-1.4416696864485656,4,1.0603679632059932,0.6570667810356446,0.8631428774889297,13.685712251107029,3.0438197634948483,7,32.483254538800345,2.968175619294704
domain,synthetic_noise,zlpng,4,8,9,9631993,4912886,1.9605569923666049,51.00591331409813,0.43755455555555556,0.3792546666666667,2445.915442671149,2821.9071207502902,1.0232050878435142,-2.320508784351416,-1.4416696864485656,4,2.094646991321209,1.4605421979719286,0.8631428774889297,13.685712251107029,3.0438197634948483,7,64.1673020583338,6.597724718541514
domain,synthetic_noise,zlpng,5,1,9,9631993,4888587,1.9703020525153792,50.753639459663226,1.7256175555555555,0.8322831111111111,620.1961964277136,1285.8862929654813,1.0022066363340005,-0.22066363340005335,-0.9399419582433843,4,0.5311271494559306,0.6655396908210187,0.8454292596873093,15.45707403126907,3.5233623833657024,7,16.270520222132394,3.006450395885588
domain,synthetic_noise,zlpng,5,8,9,9631993,4888587,1.9703020525153792,50.753639459663226,0.6729802222222222,0.40823022222222227,1590.2717629806523,2621.6124779263987,1.0022066363340005,-0.22066363340005335,-0.9399419582433843,4,1.3618859857529246,1.356875151058553,0.8454292596873093,15.45707403126907,3.5233623833657024,7,41.71994124971808,6.129428329112766
domain,synthetic_noise,zlpng,6,1,9,9631993,4881705,1.9730796924435212,50.68219007218963,2.3661743333333334,0.806913,452.3003353420611,1326.3157793274422,0.9975303679514649,0.24696320485351198,-0.7978418625395278,4,0.3873435361130759,0.6864648908177764,0.8414845101981145,15.851548980188547,3.659179178705063,7,11.865860827667953,3.1009760518034644
domain,synthetic_noise,zlpng,6,8,9,9631993,4881705,1.9730796924435212,50.68219007218963,0.905772,0.35199322222222224,1181.5572179802914,3040.4603750261604,0.9975303679514649,0.24696320485351198,-0.7978418625395278,4,1.0118686969053285,1.5736594044266634,0.8414845101981145,15.851548980188547,3.659179178705063,7,30.997530651569416,7.108710426558087
domain,synthetic_noise,zlpng,7,1,9,9631993,4876877,1.9750329975515069,50.63206545104424,2.6304603333333336,0.8044603333333333,406.8570929895963,1330.3594970430834,0.9822251649341704,1.7774835065829553,-0.6981529258847541,4,0.3484265935201963,0.6885578088720071,0.82857353357197,17.142646642803005,3.7544601272517686,7,10.673681323965983,3.110430415531848
domain,synthetic_noise,zlpng,7,8,9,9631993,4876877,1.9750329975515069,50.63206545104424,1.0823513333333332,0.3647026666666667,988.7930207915647,2934.5040282434034,0.9822251649341704,1.7774835065829553,-0.6981529258847541,4,0.8467881963157988,1.5188192877973046,0.82857353357197,17.142646642803005,3.7544601272517686,7,25.940463570978494,6.860980512588032
domain,synthetic_noise,zlpng,8,1,9,9631993,4929877,1.9537998615381276,51.18231502037013,21.51239211111111,1.2073435555555556,49.74906737087955,886.4266012104443,1.002402460482169,-0.24024604821690776,-1.7925012363038784,3,0.04260438953508807,0.4587902439994066,0.8455944506355759,15.440554936442407,2.708501081482184,8,1.305140552864494,2.0724986499286038
domain,synthetic_noise,zlpng,8,8,9,9631993,4929877,1.9537998615381276,51.18231502037013,6.714219,0.5656831111111111,159.39626700357024,1891.9098403739197,1.002402460482169,-0.24024604821690776,-1.7925012363038784,3,0.13650468257489565,0.9792009582121753,0.8455944506355759,15.440554936442407,2.708501081482184,8,4.181677025032,4.423356186070411
domain,synthetic_packing,original_zpng,0,1,4,2463365,18573,132.6315081031605,0.7539686566952116,0.21453575,0.20142575,2870.5763491632515,3057.410733235448,1.0,0.0,0.0,0,1.0,1.0,0.4881971998993298,51.18028001006702,37.049213665943604,4,16.130242861620964,4.301895363427963
domain,synthetic_packing,png,0,1,4,2463365,29504,83.49257727765726,1.1977112608159977,3.46051375,0.8665125,177.96237625121415,710.7124825089078,2.0483525923667893,-104.83525923667894,-58.854250794163576,0,0.06199534678918701,0.2324556772118117,1.0,0.0,0.0,0,1.0,1.0
domain,synthetic_packing,zlpng,1,1,4,2463365,26890,91.60896243956861,1.0915962514690272,0.135599,0.3892835,4541.635631531206,1581.9865213912226,1.5397791232073774,-53.977912320737744,-44.780057072093896,1,1.5821337178002788,0.5174268881162444,0.7517158564132869,24.828414358671314,8.859815618221257,4,25.520201107677785,2.225916330900231
domain,synthetic_packing,zlpng,1,8,4,2463365,26890,91.60896243956861,1.0915962514690272,0.101628,0.25551225,6059.759613492344,2410.2220147957682,1.5397791232073774,-53.977912320737744,-44.780057072093896,1,2.110990573464006,0.7883213035774215,0.7517158564132869,24.828414358671314,8.859815618221257,4,34.05079062856693,3.391275760751197
domain,synthetic_packing,zlpng,2,1,4,2463365,20184,122.04543202536662,0.8193670040777554,0.177873,0.388255,3462.25256222136,1586.177254639348,1.1431316950708563,-14.313169507085632,-8.673881440801168,1,1.2061175670281605,0.51879756860826,0.5580736926497666,44.19263073502334,31.588937093275494,4,19.454969275831633,2.2318128549535743
domain,synthetic_packing,zlpng,2,8,4,2463365,20184,122.04543202536662,0.8193670040777554,0.16762225,0.22401,3673.982720074453,2749.168563903397,1.1431316950708563,-14.313169507085632,-8.673881440801168,1,1.2798763290672928,0.8991819561626713,0.5580736926497666,44.19263073502334,31.588937093275494,4,20.644716020695345,3.8681866880942817
domain,synthetic_packing,zlpng,3,1,4,2463365,20118,122.4458196639825,0.8166877421738151,0.1922395,0.3817245,3203.5104648108218,1613.3133974895507,1.1269753952215373,-12.697539522153733,-8.31852689387822,1,1.1159816270849643,0.5276730993163918,0.5501862323025951,44.981376769740486,31.812635574837312,4,18.001054673987397,2.269994459354849
domain,synthetic_packing,zlpng,3,8,4,2463365,20118,122.4458196639825,0.8166877421738151,0.21229225,0.228006,2900.9125392000888,2700.9870354288923,1.1269753952215373,-12.697539522153733,-8.31852689387822,1,1.010567978812227,0.88342302395551,0.5501862323025951,44.981376769740486,31.812635574837312,4,16.300706926418652,3.8003934106997184
domain,synthetic_packing,zlpng,4,1,4,2463365,20130,122.37282662692499,0.8171748807018042,0.2327175,0.37873525,2646.303995187298,1626.04682294558,1.1347213864030237,-13.472138640302367,-8.383136811500558,1,0.9218720122036375,0.5318378735541516,0.5539678035078417,44.60321964921583,31.771963123644255,4,14.87001944417588,2.287910882337992
domain,synthetic_packing,zlpng,4,8,4,2463365,20130,122.37282662692499,0.8171748807018042,0.1904565,0.26100325,3233.5008256478513,2359.515638215233,1.1347213864030237,-13.472138640302367,-8.383136811500558,1,1.126429132111532,0.7717365588359532,0.5539678035078417,44.60321964921583,31.771963123644255,4,18.169575467363938,3.319929924244238
domain,synthetic_packing,zlpng,5,1,4,2463365,19337,127.3912706210891,0.7849831429771877,0.4432475,0.374559,1389.384598897907,1644.1768853505055,1.0676786493827224,-6.767864938272239,-4.113498088623269,1,0.4840089340605418,0.5377677482052227,0.5212377270209434,47.87622729790566,34.45973427331887,4,7.807181653590827,2.3134205826051435
domain,synthetic_packing,zlpng,5,8,4,2463365,19337,127.3912706210891,0.7849831429771877,0.3735975,0.208509,1648.4083806770655,2953.5475686900804,1.0676786493827224,-6.767864938272239,-4.113498088623269,1,0.574243002161417,0.9660290443098379,0.5212377270209434,47.87622729790566,34.45973427331887,4,9.262679086449989,4.155755866653238
domain,synthetic_packing,zlpng,6,1,4,2463365,19337,127.3912706210891,0.7849831429771877,0.49661025,0.3826235,1240.0896880400676,1609.522807668635,1.0676786493827224,-6.767864938272239,-4.113498088623269,1,0.43200024566548917,0.5264332953935135,0.5212377270209434,47.87622729790566,34.45973427331887,4,6.968268878864261,2.264660952607459
domain,synthetic_packing,zlpng,6,8,4,2463365,19337,127.3912706210891,0.7849831429771877,0.36660975,0.22551975,1679.827800542675,2730.7641570195074,1.0676786493827224,-6.767864938272239,-4.113498088623269,1,0.5851883371896137,0.8931623505258408,0.5212377270209434,47.87622729790566,34.45973427331887,4,9.439229998656609,3.8422909745155356
domain,synthetic_packing,zlpng,7,1,4,2463365,18910,130.2678476996298,0.7676491303562404,0.5504665,0.38191,1118.762449667691,1612.5297845042026,0.9404947359125936,5.950526408740641,-1.8144618532278,2,0.3897344343388744,0.5274167997695792,0.4591468965925879,54.08531034074121,35.9069956616052,4,6.286511077422514,2.268891885522767
domain,synthetic_packing,zlpng,7,8,4,2463365,18910,130.2678476996298,0.7676491303562404,0.4510015,0.1823195,1365.49712140647,3377.8133990055917,0.9404947359125936,5.950526408740641,-1.8144618532278,2,0.4756874422812341,1.10479542780668,0.4591468965925879,54.08531034074121,35.9069956616052,4,7.672953970219611,4.752714328417969
domain,synthetic_packing,zlpng,8,1,4,2463365,16388,150.31516963631927,0.6652688497238534,5.741206,0.41103675,107.26687911912585,1498.2632331537266,0.7975938727008882,20.240612729911177,11.764389167070476,2,0.03736771507589172,0.49004316524009106,0.3893830953094362,61.06169046905639,44.45498915401301,4,0.6027503193579885,2.108114420425911
domain,synthetic_packing,zlpng,8,8,4,2463365,16388,150.31516963631927,0.6652688497238534,2.55552575,0.254656,240.98416930449633,2418.326094810254,0.7975938727008882,20.240612729911177,11.764389167070476,2,0.08394975084872457,0.79097193861523,0.3893830953094362,61.06169046905639,44.45498915401301,4,1.3541298693624981,3.4026785153304853
domain,synthetic_palette,original_zpng,0,1,4,4926730,54942,89.6714717338284,1.1151818751991687,0.53212375,0.3298545,2314.6542510083414,3734.017574415386,1.0,0.0,0.0,0,1.0,1.0,1.669700177501928,-66.9700177501928,-66.18874773139747,1,11.687404950446208,4.292505483478322
domain,synthetic_palette,png,0,1,4,4926730,33060,149.02389594676347,0.6710333223050583,6.21914575,1.41590225,198.04689414136982,869.8923248409274,0.5989099201607082,40.10900798392918,39.827454406465,3,0.08556219316776745,0.23296417531648106,1.0,0.0,0.0,0,1.0,1.0
domain,synthetic_palette,zlpng,1,1,4,4926730,11594,424.937898913231,0.23532850389609336,0.1802165,0.390516,6834.460218681419,3153.9872886130147,0.261791904231722,73.8208095768278,78.89774671471734,3,2.9526916236859555,0.8446632148234643,0.43711398896427395,56.28860110357261,64.93042952208106,3,34.50930269980829,3.6257214813221483
domain,synthetic_palette,zlpng,1,8,4,4926730,11594,424.937898913231,0.23532850389609336,0.09822275,0.134405,12539.686579738402,9163.963394218965,0.261791904231722,73.8208095768278,78.89774671471734,3,5.417520380970804,2.4541832521111564,0.43711398896427395,56.28860110357261,64.93042952208106,3,63.31675451970139,10.5345950671478
domain,synthetic_palette,zlpng,2,1,4,4926730,23996,205.31463577262878,0.4870573382344882,0.3048015,0.512544,4040.93319750723,2403.07661391022,0.338102031598599,66.1897968401401,56.3248516617524,3,1.7458042365277073,0.6435632843229069,0.5645290221739432,43.54709778260568,27.416817906836055,3,20.403921076503888,2.762498926921396
domain,synthetic_palette,zlpng,2,8,4,4926730,23996,205.31463577262878,0.4870573382344882,0.17055675,0.21752025,7221.5406309043765,5662.380858793606,0.338102031598599,66.1897968401401,56.3248516617524,3,3.119921961458576,1.5164312288166275,0.5645290221739432,43.54709778260568,27.416817906836055,3,36.463791377356806,6.509289365013142
domain,synthetic_palette,zlpng,3,1,4,4926730,20842,236.38470396315134,0.423039216681247,0.3233345,0.50255675,3809.313574641741,2450.832667156495,0.3975674146480077,60.24325853519923,62.06545083906665,3,1.6457376184725108,0.6563527402626669,0.6638183828067611,33.61816171932389,36.95704779189353,2,19.234401989271174,2.81739773667352
domain,synthetic_palette,zlpng,3,8,4,4926730,20842,236.38470396315134,0.423039216681247,0.23310075,0.197057,5283.906207937984,6250.386943879183,0.3975674146480077,60.24325853519923,62.06545083906665,3,2.282805825378082,1.6739039973205723,0.6638183828067611,33.61816171932389,36.95704779189353,2,26.680076104431237,7.185242087314838
domain,synthetic_palette,zlpng,4,1,4,4926730,20740,237.54725168756028,0.4209688779372931,0.336787,0.5035535,3657.1557096918823,2445.981410118289,0.39574142834449444,60.42585716555055,62.25110116122457,3,1.5800008610783671,0.6550535345300946,0.6607695331516689,33.92304668483311,37.26557773744707,2,18.466109885476577,2.8118208889422873
domain,synthetic_palette,zlpng,4,8,4,4926730,20740,237.54725168756028,0.4209688779372931,0.245039,0.18243975,5026.475377388905,6751.17401772366,0.39574142834449444,60.42585716555055,62.25110116122457,3,2.171587992115541,1.8080188116898868,0.6607695331516689,33.92304668483311,37.26557773744707,2,25.38022824938071,7.7609306634107975
domain,synthetic_palette,zlpng,5,1,4,4926730,13868,355.2588693394866,0.2814848794230656,1.1144385,0.47549075,1105.2045491967478,2590.339559707523,0.24635231748371342,75.36476825162866,74.75883659131448,3,0.4774814850707329,0.6937138104158703,0.4113345082305676,58.86654917694324,58.052026618269814,2,5.580519472362091,2.977770335174764
domain,synthetic_palette,zlpng,5,8,4,4926730,13868,355.2588693394866,0.2814848794230656,0.54183575,0.1805065,2273.1658071657325,6823.480040884954,0.24635231748371342,75.36476825162866,74.75883659131448,3,0.9820757489700522,1.827382947428486,0.4113345082305676,58.86654917694324,58.052026618269814,2,11.477916970225756,7.844051322251553
domain,synthetic_palette,zlpng,6,1,4,4926730,13483,365.4031002002522,0.2736703655365729,1.111464,0.476202,1108.162297654265,2586.4706574100906,0.24356839202657213,75.64316079734279,75.45957555240072,3,0.4787593210396378,0.6926776871999698,0.4066861874006267,59.33138125993733,59.21657592256504,2,5.595454058790928,2.973322770588952
domain,synthetic_palette,zlpng,6,8,4,4926730,13483,365.4031002002522,0.2736703655365729,0.52011825,0.18749225,2368.08168142533,6569.244862120968,0.24356839202657213,75.64316079734279,75.45957555240072,3,1.023082251007343,1.7592967175976606,0.4066861874006267,59.33138125993733,59.21657592256504,2,11.957176565136871,7.55179080735337
domain,synthetic_palette,zlpng,7,1,4,4926730,6513,756.4455703976662,0.1321972180330564,1.11508925,0.461878,1104.55956776554,2666.6836264121694,0.14902454048859676,85.09754595114032,88.14568089985804,3,0.4772028337642032,0.7141593667591875,0.24882630170595327,75.11736982940467,80.2994555353902,4,5.577262761702706,3.0655329978912182
domain,synthetic_palette,zlpng,7,8,4,4926730,6513,756.4455703976662,0.1321972180330564,0.70589825,0.17183125,1744.8442463202027,7167.977303313571,0.14902454048859676,85.09754595114032,88.14568089985804,3,0.7538250023994252,1.919642090714,0.24882630170595327,75.11736982940467,80.2994555353902,4,8.810258064813166,8.240074200705633
domain,synthetic_palette,zlpng,8,1,4,4926730,4484,1098.735504014273,0.09101371497930676,7.31105975,0.3919625,168.46839474947527,3142.3478011289344,0.10001213023843285,89.99878697615672,91.83866622984237,4,0.07278339504748269,0.8415460662690947,0.16699027161145727,83.30097283885426,86.4367816091954,4,0.8506490115882311,3.6123411040596998
domain,synthetic_palette,zlpng,8,8,4,4926730,4484,1098.735504014273,0.09101371497930676,2.03944875,0.1619535,603.9291254560821,7605.16135804413,0.10001213023843285,89.99878697615672,91.83866622984237,4,0.2609154802247421,2.036723503968732,0.16699027161145727,83.30097283885426,86.4367816091954,4,3.0494248752267,8.742646809114962
domain,synthetic_prediction,original_zpng,0,1,10,4926730,1145800,4.299816721941002,23.256805223748817,0.7498093,0.4273969,657.0644029088463,1152.7294652815685,1.0,0.0,0.0,0,1.0,1.0,1.0030357579117946,-0.30357579117945566,-3.6246937518596534,7,20.8196578783432,3.3174643990164645
domain,synthetic_prediction,png,0,1,10,4926730,1105721,4.455671910002613,22.443304179445597,15.6107731,1.417874,31.559807886772756,347.47304767560445,0.9969734300219619,0.3026569978038074,3.4979053936114557,3,0.04803152894458507,0.3014350358353422,1.0,0.0,0.0,0,1.0,1.0
domain,synthetic_prediction,zlpng,1,1,10,4926730,1052742,4.6799025782195445,21.367966176348208,0.5807696,0.41597959999999995,848.3105865045278,1184.36817574708,0.557354921373774,44.2645078626226,8.121661721068252,8,1.291061550053584,1.0274467786401065,0.559046915986012,44.0953084013988,4.791353334159343,8,26.879459771999084,3.408518110022703
domain,synthetic_prediction,zlpng,1,8,10,4926730,1052742,4.6799025782195445,21.367966176348208,0.4513888,0.2579177,1091.4603995491248,1910.1946085902596,0.557354921373774,44.2645078626226,8.121661721068252,8,1.6611163148044434,1.6571057356668426,0.559046915986012,44.0953084013988,4.791353334159343,8,34.58387337036275,5.4973892834807385
domain,synthetic_prediction,zlpng,2,1,10,4926730,983652,5.008610768849146,19.96561613889943,1.131576,0.664711,435.38657589061626,741.1837625674917,0.5487870782076889,45.12129217923111,14.151509862105083,10,0.6626238979971296,0.6429815363368442,0.5504530629222485,44.95469370777515,11.03976500401096,10,13.795602858314421,2.1330683560223918
domain,synthetic_prediction,zlpng,2,8,10,4926730,983652,5.008610768849146,19.96561613889943,0.8155633000000001,0.4485413,604.0892227494788,1098.389379082818,0.5487870782076889,45.12129217923111,14.151509862105083,10,0.9193759699584324,0.9528596363367209,0.5504530629222485,44.95469370777515,11.03976500401096,10,19.1410931561045,3.1610779208068465
domain,synthetic_prediction,zlpng,3,1,10,4926730,915747,5.380012164932017,18.587318566270124,1.086378,0.5670822,453.5005311226847,868.7858656117226,0.4961001057411742,50.389989425882575,20.077936812707275,10,0.690191903738846,0.7536771565039425,0.4976061455622201,50.239385443778,17.181006782000164,10,14.369559306245156,2.5002971350537893
domain,synthetic_prediction,zlpng,3,8,10,4926730,915747,5.380012164932017,18.587318566270124,0.8293480999999999,0.37274840000000004,594.0485062906637,1321.7306901920974,0.4961001057411742,50.389989425882575,20.077936812707275,10,0.9040947944536196,1.1466096165671,0.4976061455622201,50.239385443778,17.181006782000164,10,18.82294431011538,3.803836582531273
domain,synthetic_prediction,zlpng,4,1,10,4926730,915697,5.380305930891987,18.586303694336813,1.0737409,0.5669618000000001,458.83788165282704,868.970360966118,0.49608220825299565,50.39177917470043,20.082300576016753,10,0.6983149286759962,0.7538372073744651,0.4975881937416002,50.241180625839974,17.18552871836566,10,14.538677906373875,2.5008280981187796
domain,synthetic_prediction,zlpng,4,8,10,4926730,915697,5.380305930891987,18.586303694336813,0.8011233000000001,0.4003028,614.9777443746799,1230.7508216280276,0.49608220825299565,50.39177917470043,20.082300576016753,10,0.9359474378038936,1.067684013202006,0.4975881937416002,50.241180625839974,17.18552871836566,10,19.486105447188965,3.5420037031966802
domain,synthetic_prediction,zlpng,5,1,10,4926730,852227,5.781006703613005,17.298025262192166,2.3900855,0.5371339,206.1319563672513,917.2256675663182,0.4381360067695727,56.18639932304272,25.621661721068246,10,0.31371651767269415,0.7956989867889552,0.43946608161856554,56.05339183814344,22.92567474073478,10,6.5314705687307,2.639703061005831
domain,synthetic_prediction,zlpng,5,8,10,4926730,852227,5.781006703613005,17.298025262192166,1.511369,0.42395940000000004,325.97797096539625,1162.0758968901268,0.4381360067695727,56.18639932304272,25.621661721068246,10,0.4961126634197208,1.0081080877083985,0.43946608161856554,56.05339183814344,22.92567474073478,10,10.328895921512219,3.3443626913331794
domain,synthetic_prediction,zlpng,6,1,10,4926730,852214,5.78109488931184,17.297761395489502,2.4453707000000002,0.5374995,201.4717032472827,916.6017828853794,0.4381204399467651,56.18795600532349,25.622796299528716,10,0.30662398138654395,0.7951577629374539,0.43945046753865236,56.054953246134765,22.926850444189807,10,6.383806389763319,2.637907570146577
domain,synthetic_prediction,zlpng,6,8,10,4926730,852214,5.78109488931184,17.297761395489502,1.6562291999999998,0.39711009999999997,297.46667912871,1240.645856149214,0.4381204399467651,56.18795600532349,25.622796299528716,10,0.4527207345456776,1.0762680173584103,0.43945046753865236,56.054953246134765,22.926850444189807,10,9.425490807673237,3.57048083138656
domain,synthetic_prediction,zlpng,7,1,10,4926730,852220,5.781054187885757,17.2978831801215,2.499998,0.5373262,197.06935765548613,916.8974079432568,0.4381276252527687,56.187237474723126,25.622272647931577,10,0.29992395993916793,0.7954142195187951,0.4394576746575055,56.05423253424945,22.926307811825954,10,6.244314235451388,2.63875835572507
domain,synthetic_prediction,zlpng,7,8,10,4926730,852220,5.781054187885757,17.2978831801215,1.5629516,0.4028365,315.219613966293,1223.0098315321477,0.4381276252527687,56.187237474723126,25.622272647931577,10,0.4797392958297621,1.0609686560180123,0.4394576746575055,56.05423253424945,22.926307811825954,10,9.988008009972926,3.519725744812101
domain,synthetic_prediction,zlpng,8,1,10,4926730,772274,6.379510381030567,15.6751841485123,6.969769,0.5084577,70.68713468122114,968.9557263072228,0.37349090397987667,62.65090960201234,32.599581078722295,10,0.10758022252961325,0.8405751353554091,0.37462473194661694,62.5375268053383,30.156522305355516,10,2.239783427542577,2.788578086240016
domain,synthetic_prediction,zlpng,8,8,10,4926730,772274,6.379510381030567,15.6751841485123,3.8312429,0.363291,128.5935172630271,1356.1387427709467,0.37349090397987667,62.65090960201234,32.599581078722295,10,0.1957091522440407,1.1764588167612189,0.37462473194661694,62.5375268053383,30.156522305355516,10,4.074597593381511,3.9028602415143783
domain,synthetic_sensor,original_zpng,0,1,4,1970692,871433,2.261438343510058,44.21964467303871,0.343615,0.25715225,1433.7936353185978,1915.8805726957473,1.0,0.0,0.0,0,1.0,1.0,0.6971995285742223,30.28004714257777,-1.452341092346776,2,22.741499934519737,5.53107935085149
domain,synthetic_sensor,png,0,1,4,1970692,858958,2.2942821418509403,43.58661830463614,7.8143205,1.4223295,63.04745243044485,346.38457544471936,1.434309633061581,-43.4309633061581,1.4315501019585009,2,0.04397247335836814,0.18079653835486081,1.0,0.0,0.0,0,1.0,1.0
domain,synthetic_sensor,zlpng,1,1,4,1970692,862108,2.2858992144835684,43.74646063413258,0.273579,0.37503225,1800.8436320039184,1313.681690041323,0.8395044919005143,16.049550809948563,1.0700765291192793,4,1.255999181223705,0.6856803648219586,0.5853021359889806,41.469786401101935,-0.36672340207553056,2,28.563305297555733,3.7925525071510515
domain,synthetic_sensor,zlpng,1,8,4,1970692,862108,2.2858992144835684,43.74646063413258,0.2316365,0.23316125,2126.923002203884,2113.0140621565547,0.8395044919005143,16.049550809948563,1.0700765291192793,4,1.4834233810301918,1.1028944560899379,0.5853021359889806,41.469786401101935,-0.36672340207553056,2,33.73527272256315,6.10019675224764
domain,synthetic_sensor,zlpng,2,1,4,1970692,558335,3.529587075859475,28.331926044252477,1.13154175,0.48733375,435.39975436169277,1010.9560439842305,0.5896691345602915,41.03308654397085,35.929096098036226,4,0.303669749702121,0.5276717444667027,0.4111170426302049,58.888295736979515,34.998568032429986,4,6.905905592966411,2.9185942898475634
domain,synthetic_sensor,zlpng,2,8,4,1970692,558335,3.529587075859475,28.331926044252477,0.739569,0.372899,666.1623188640951,1321.1968924561343,0.5896691345602915,41.03308654397085,35.929096098036226,4,0.46461520155658226,0.6896029487877414,0.4111170426302049,58.888295736979515,34.998568032429986,4,10.566046575775891,3.814248630326174
domain,synthetic_sensor,zlpng,3,1,4,1970692,556697,3.539972372762921,28.248808032914326,1.439383,0.48166775,342.28068554373647,1022.848218507467,0.2434642635027975,75.65357364972026,36.11706235591262,4,0.23872381430098868,0.5338789030405295,0.16974316973882062,83.02568302611793,35.189264201509275,4,5.428937607294237,2.9529265764627173
domain,synthetic_sensor,zlpng,3,8,4,1970692,556697,3.539972372762921,28.248808032914326,0.797138,0.369063,618.0523322185118,1334.9292668189441,0.2434642635027975,75.65357364972026,36.11706235591262,4,0.4310608702633672,0.6967706055605682,0.16974316973882062,83.02568302611793,35.189264201509275,4,9.802970752868386,3.853893508696347
domain,synthetic_sensor,zlpng,4,1,4,1970692,555838,3.5454430967296227,28.205219283378632,1.45402225,0.47754375,338.8345673527348,1031.681390448519,0.24315345887061526,75.68465411293847,36.2156356254583,4,0.23632031765676212,0.5384894054209692,0.16952647689578448,83.04735231042156,35.28926909115463,4,5.37427848851694,2.9784276309762197
domain,synthetic_sensor,zlpng,4,8,4,1970692,555838,3.5454430967296227,28.205219283378632,0.781129,0.3197965,630.7191257782006,1540.5828393994307,0.24315345887061526,75.68465411293847,36.2156356254583,4,0.4398953309888636,0.8041121463180492,0.16952647689578448,83.04735231042156,35.28926909115463,4,10.003879640878779,4.447608088268633
domain,synthetic_sensor,zlpng,5,1,4,1970692,561013,3.5127385639904958,28.467817396122783,2.075961,0.50651775,237.32285914812465,972.6668019037833,0.6491929548605546,35.08070451394454,35.62178618436529,4,0.16552093223331266,0.5076865519520293,0.45261702208248505,54.7382977917515,34.68679493060196,4,3.764194269545526,2.8080546042068613
domain,synthetic_sensor,zlpng,5,8,4,1970692,561013,3.5127385639904958,28.467817396122783,1.24314225,0.33530725,396.31265046296994,1469.3180657441794,0.6491929548605546,35.08070451394454,35.62178618436529,4,0.2764084319393054,0.7669152695028216,0.45261702208248505,54.7382977917515,34.68679493060196,4,6.285942336848418,4.241869210999762
domain,synthetic_sensor,zlpng,6,1,4,1970692,559252,3.5237996466709105,28.378457922394773,2.397235,0.5108345,205.51718959551317,964.4473895165655,0.6479692636067385,35.203073639326156,35.8238671246097,4,0.14333805404976985,0.5033964033361098,0.45176386511720396,54.8236134882796,34.89181077538134,4,3.2597223467870275,2.784325451785265
domain,synthetic_sensor,zlpng,6,8,4,1970692,559252,3.5237996466709105,28.378457922394773,1.3222335,0.36375275,372.60665381719645,1354.4172518283367,0.6479692636067385,35.203073639326156,35.8238671246097,4,0.25987467417819926,0.7069424217411415,0.45176386511720396,54.8236134882796,34.89181077538134,4,5.909939885806856,3.910154631133373
domain,synthetic_sensor,zlpng,7,1,4,1970692,557146,3.5371195341974992,28.271591907817154,2.667517,0.50338075,184.69348086628875,978.7283284074729,0.6463449485994343,35.36550514005658,36.06553802759363,4,0.12881454926060454,0.5108503851210043,0.4506313934598555,54.93686065401445,35.13699156419755,4,2.9294360635752272,2.825554016517318
domain,synthetic_sensor,zlpng,7,8,4,1970692,557146,3.5371195341974992,28.271591907817154,1.648352,0.39063825,298.88822290384576,1261.2001000926048,0.6463449485994343,35.36550514005658,36.06553802759363,4,0.20845972219525927,0.6582874308903442,0.4506313934598555,54.93686065401445,35.13699156419755,4,4.740686758653491,3.64104001592266
domain,synthetic_sensor,zlpng,8,1,4,1970692,920057,2.1419238155896863,46.68700131730377,5.360828,0.617382,91.90240761315229,798.0035051232462,0.41237346697926275,58.76265330207373,-5.579774922455316,3,0.06409737451005702,0.41652048488618065,0.2875065867744596,71.24934132255405,-7.113153378861359,3,1.4576704382233492,2.303807853160604
domain,synthetic_sensor,zlpng,8,8,4,1970692,920057,2.1419238155896863,46.68700131730377,2.92387825,0.5041095,168.49983408166875,977.3134606667797,0.41237346697926275,58.76265330207373,-5.579774922455316,3,0.11752028320604663,0.5101118903730241,0.2875065867744596,71.24934132255405,-7.113153378861359,3,2.6725875128350505,2.8214693434660525
domain,synthetic_sensor16,original_zpng,0,1,12,11007992,4371181,2.518310726551932,39.70915858223734,0.67768075,0.4888304166666667,1353.6354200213989,1876.5867167635674,1.0,0.0,0.0,0,1.0,1.0,0.9545847045262281,4.541529547377188,-4.87981668986035,8,33.14026147267722,6.249554335902107
domain,synthetic_sensor16,png,0,1,12,11007992,4167800,2.6411996736887566,37.86158274824328,22.45851725,3.05497225,40.84564695234574,300.27528618849703,1.0475759723138578,-4.7575972313857795,4.652770040865384,4,0.030174777010267675,0.1600114098144972,1.0,0.0,0.0,0,1.0,1.0
domain,synthetic_sensor16,zlpng,1,1,12,11007992,3766610,2.922519719323211,34.21704884959946,0.704434,0.7492644166666667,1302.2265629805868,1224.310999243369,0.6161224207648511,38.38775792351489,13.830838851102257,7,0.9620216372293217,0.652413761808387,0.5881410389777999,41.18589610222001,9.62594174384568,9,31.881648600152747,4.077295253911809
domain,synthetic_sensor16,zlpng,1,8,12,11007992,3766610,2.922519719323211,34.21704884959946,0.3327311666666667,0.3345805833333333,2756.9784816270594,2741.7390977310647,0.6161224207648511,38.38775792351489,13.830838851102257,7,2.0367215875479054,1.4610244617203578,0.5881410389777999,41.18589610222001,9.62594174384568,9,67.49748595838382,9.130751759603504
domain,synthetic_sensor16,zlpng,2,1,12,11007992,3075364,3.579411087598086,27.937556640666163,2.1486015833333334,0.9174025,426.94405225352193,999.9238792859913,0.47454171078160523,52.54582892183948,29.644551438158253,9,0.31540549688539665,0.5328418187945495,0.4529902587718294,54.70097412281706,26.211334517011377,12,10.452620636701724,3.330023898997441
domain,synthetic_sensor16,zlpng,2,8,12,11007992,3075364,3.579411087598086,27.937556640666163,0.8583460833333334,0.4158010833333333,1068.7212121994692,2206.181521492749,0.47454171078160523,52.54582892183948,29.644551438158253,9,0.789519243063671,1.1756352646988855,0.4529902587718294,54.70097412281706,26.211334517011377,12,26.164874152840255,7.347196465938341
domain,synthetic_sensor16,zlpng,3,1,12,11007992,3034665,3.6274158762169795,27.5678343516238,2.6590176666666667,0.8701045,344.98930870836637,1054.2787293556885,0.4631800086995697,53.68199913004303,30.575627044498955,9,0.2548613190861337,0.5618065607828332,0.44214455174693457,55.785544825306545,27.18784490618552,12,8.446170753785891,3.5110406278786055
domain,synthetic_sensor16,zlpng,3,8,12,11007992,3034665,3.6274158762169795,27.5678343516238,1.1061775,0.4314096666666667,829.2816177030057,2126.3609453968347,0.4631800086995697,53.68199913004303,30.575627044498955,9,0.6126329183155507,1.1331002859617578,0.44214455174693457,55.785544825306545,27.18784490618552,12,20.30281509974665,7.081371805144221
domain,synthetic_sensor16,zlpng,4,1,12,11007992,3034598,3.6274959648691523,27.567225702925658,2.75408275,0.8689911666666666,333.0810109705914,1055.6294492444974,0.46317610966216394,53.68238903378361,30.577159811044197,9,0.24606404800291495,0.5625263356148422,0.4421408297854646,55.78591702145354,27.189452468928454,12,8.154626889842,3.515538899800861
domain,synthetic_sensor16,zlpng,4,8,12,11007992,3034598,3.6274959648691523,27.567225702925658,1.1719290833333333,0.4226038333333333,782.7544172361396,2170.6681158831575,0.46317610966216394,53.68238903378361,30.577159811044197,9,0.5782608859509346,1.1567107965182521,0.4421408297854646,55.78591702145354,27.189452468928454,12,19.163716959835952,7.228926973765422
domain,synthetic_sensor16,zlpng,5,1,12,11007992,3003845,3.664633827644236,27.287855950476708,4.1510195,0.8605618333333334,220.9897271421314,1065.9694993832518,0.40863331914819057,59.13666808518094,31.28069965531054,12,0.16325646025030718,0.5680363661646626,0.3900751162186474,60.99248837813527,27.92732376793512,12,5.410361779798914,3.549974135114444
domain,synthetic_sensor16,zlpng,5,8,12,11007992,3003845,3.664633827644236,27.287855950476708,1.9260005,0.4312154166666667,476.28890369793083,2127.318809141216,0.40863331914819057,59.13666808518094,31.28069965531054,12,0.3518590727260974,1.1336107146756695,0.3900751162186474,60.99248837813527,27.92732376793512,12,11.660701671676616,7.084561757126417
domain,synthetic_sensor16,zlpng,6,1,12,11007992,3002262,3.6665660758454792,27.273475489444397,4.728046833333333,0.87019325,194.01936973199045,1054.1712046912185,0.40854154701149226,59.14584529885077,31.316914124580975,12,0.14333207218301314,0.561749262783487,0.3899875119406535,61.00124880593465,27.965305436921163,12,4.7500623495657,3.5106825409183533
domain,synthetic_sensor16,zlpng,6,8,12,11007992,3002262,3.6665660758454792,27.273475489444397,2.06979775,0.44178708333333333,443.1991805318499,2076.4135061289894,0.40854154701149226,59.14584529885077,31.316914124580975,12,0.3274139949181025,1.1064841755408195,0.3899875119406535,61.00124880593465,27.965305436921163,12,10.850585401399726,6.915032976858196
domain,synthetic_sensor16,zlpng,7,1,12,11007992,3001829,3.6670949611053794,27.269541983678767,5.352786833333333,0.8632081666666667,171.37478013399937,1062.701561558442,0.40850861495712254,59.14913850428775,31.326819914343517,12,0.1266033509460695,0.5662949396717555,0.38995607550526357,61.00439244947364,27.975694611065794,12,4.1956681536698595,3.5390909956250414
domain,synthetic_sensor16,zlpng,7,8,12,11007992,3001829,3.6670949611053794,27.269541983678767,2.2801051666666665,0.4656604166666667,402.32033156950143,1969.9605846535162,0.40850861495712254,59.14913850428775,31.326819914343517,12,0.29721468987797417,1.04975728915474,0.38995607550526357,61.00439244947364,27.975694611065794,12,9.849772536076735,6.5605152180818465
domain,synthetic_sensor16,zlpng,8,1,12,11007992,2832739,3.8859887903544945,25.733476187119322,14.273919,1.1938345833333333,64.26634946342814,768.3917684017503,0.3743177798034866,62.56822201965133,35.19511088650871,12,0.04747685271297952,0.4094624359949365,0.357318027232625,64.2681972767375,32.03275109170306,12,1.573395312807926,2.558957742261194
domain,synthetic_sensor16,zlpng,8,8,12,11007992,2832739,3.8859887903544945,25.733476187119322,5.30209125,0.6283928333333334,173.01336838868374,1459.807652166625,0.3743177798034866,62.56822201965133,35.19511088650871,12,0.12781386023863697,0.7779057792140107,0.357318027232625,64.2681972767375,32.03275109170306,12,4.235784748140651,4.861564435410227
domain,synthetic_smooth,original_zpng,0,1,9,12383991,308944,40.0849053550158,2.494704655389365,0.8300935555555555,0.7108136666666667,1657.6432750150518,1935.8083060680226,1.0,0.0,0.0,0,1.0,1.0,0.35803571039232523,64.19642896076748,54.98182189096049,8,29.429510488911426,3.9411891505243677
domain,synthetic_smooth,png,0,1,9,12383991,686265,18.04549408756093,5.541549569924591,24.429247,2.801451111111111,56.325886753693226,491.17366158649526,2.7930174867312223,-179.30174867312223,-122.13249003055569,1,0.033979498244688246,0.25373052695706116,1.0,0.0,0.0,0,1.0,1.0
domain,synthetic_smooth,zlpng,1,1,9,12383991,579044,21.386960231001442,4.675746292128281,0.6252671111111111,0.8129222222222222,2200.657887722296,1692.6576274893048,1.184579883724104,-18.457988372410394,-87.42684758402817,3,1.3275823097115473,0.8743932042152454,0.42412190018561763,57.58780998143824,15.623847930464175,6,39.07009750854923,3.4461490097453633
domain,synthetic_smooth,zlpng,1,8,9,12383991,579044,21.386960231001442,4.675746292128281,0.23991777777777779,0.3196447777777778,5735.294035919714,4304.7754747196805,1.184579883724104,-18.457988372410394,-87.42684758402817,3,3.4599084871668997,2.223761237735083,0.42412190018561763,57.58780998143824,15.623847930464175,6,101.82341311375194,8.764263663518149
domain,synthetic_smooth,zlpng,2,1,9,12383991,513340,24.12434448903261,4.145190350994279,0.7042792222222223,1.0262612222222223,1953.7691253453295,1340.7882615114995,1.974898120996946,-97.4898120996946,-66.1595628981304,0,1.1786426879616718,0.6926245007362756,0.70708405170361,29.291594829639,25.197992029318115,6,34.68687734804677,2.7297641676891664
domain,synthetic_smooth,zlpng,2,8,9,12383991,513340,24.12434448903261,4.145190350994279,0.30471244444444445,0.3541397777777778,4515.729584030409,3885.468637932668,1.974898120996946,-97.4898120996946,-66.1595628981304,0,2.724186591948985,2.007155680525392,0.70708405170361,29.291594829639,25.197992029318115,6,80.17147788151452,7.91058019150003
domain,synthetic_smooth,zlpng,3,1,9,12383991,431590,28.693878449454342,3.485063902258973,0.6376088888888889,0.9458978888888889,2158.0611939050063,1454.701417735835,1.0481720460873534,-4.817204608735337,-39.69845667823295,3,1.3018851681978503,0.7514697675259991,0.37528302313426265,62.471697686573734,37.110299957013694,6,38.31384321283685,2.9616844947205365
domain,synthetic_smooth,zlpng,3,8,9,12383991,431590,28.693878449454342,3.485063902258973,0.28640788888888885,0.3725066666666667,4804.333446743203,3693.8909370749516,1.0481720460873534,-4.817204608735337,-39.69845667823295,3,2.8982915197478656,1.9081904574414776,0.37528302313426265,62.471697686573734,37.110299957013694,6,85.29530068034283,7.520539528002482
domain,synthetic_smooth,zlpng,4,1,9,12383991,434781,28.483284688153347,3.5108310398481395,0.680654,0.9473176666666666,2021.583653368672,1452.521206367593,1.0208570179351,-2.0857017935099975,-40.73132994976436,3,1.2195528940629976,0.7503435137738027,0.36550326762538426,63.44967323746158,36.645319227995024,6,35.89084468760927,2.9572457156516427
domain,synthetic_smooth,zlpng,4,8,9,12383991,434781,28.483284688153347,3.5108310398481395,0.2824566666666667,0.33171255555555557,4871.540177254328,4148.166769555837,1.0208570179351,-2.0857017935099975,-40.73132994976436,3,2.9388350622120996,2.1428603010705722,0.36550326762538426,63.44967323746158,36.645319227995024,6,86.48847728855164,8.445417769668719
domain,synthetic_smooth,zlpng,5,1,9,12383991,427447,28.9719918492819,3.4516094205817818,1.7175097777777777,0.9784147777777777,801.1593399953473,1406.355495902499,1.0967004795830038,-9.670047958300376,-38.35743694650162,4,0.4833122735578151,0.726495227597748,0.39265793529510457,60.734206470489546,37.71400260832186,6,14.223643624089346,2.8632551089159755
domain,synthetic_smooth,zlpng,5,8,9,12383991,427447,28.9719918492819,3.4516094205817818,0.6029122222222223,0.38291,2282.2542806120664,3593.531116972657,1.0967004795830038,-9.670047958300376,-38.35743694650162,4,1.3768066477338694,1.8563465740426384,0.39265793529510457,60.734206470489546,37.71400260832186,6,40.51874568068689,7.3162129772299265
domain,synthetic_smooth,zlpng,6,1,9,12383991,326795,37.8952890956104,2.6388504319810955,2.060052111111111,0.9102686666666666,667.9437828676287,1511.6405193192047,0.938349716299326,6.165028370067405,-5.778069812004771,6,0.4029478434445213,0.780883372894303,0.33596270727166605,66.4037292728334,52.38064013172754,8,11.858557785134778,3.077609077075901
domain,synthetic_smooth,zlpng,6,8,9,12383991,326795,37.8952890956104,2.6388504319810955,0.7406176666666666,0.38376122222222225,1857.907341304758,3585.560291975537,0.938349716299326,6.165028370067405,-5.778069812004771,6,1.1208125230006967,1.8522290046675436,0.33596270727166605,66.4037292728334,52.38064013172754,8,32.98496390175227,7.299984857482271
domain,synthetic_smooth,zlpng,7,1,9,12383991,378626,32.70771420874425,3.0573827128911835,2.5751724444444446,0.9302463333333334,534.3327601103045,1479.177020853616,0.7861266782508448,21.387332174915517,-22.554896680304527,5,0.3223448423216706,0.7641133764210841,0.28146142370590016,71.85385762940999,44.82801833111117,7,9.486450918152105,3.011515348921319
domain,synthetic_smooth,zlpng,7,8,9,12383991,378626,32.70771420874425,3.0573827128911835,0.9945688888888888,0.314664,1383.51301289671,4372.915236569802,0.7861266782508448,21.387332174915517,-22.554896680304527,5,0.8346265048396179,2.2589608810244153,0.28146142370590016,71.85385762940999,44.82801833111117,7,24.562649478501015,8.902992115752394
domain,synthetic_smooth,zlpng,8,1,9,12383991,453801,27.289474901994488,3.664416422783253,17.060154,1.0779,80.65571975493305,1276.5553390852583,0.837531133093773,16.2468866906227,-46.88778548863224,5,0.048656861805324594,0.6594430528496769,0.2998660542129182,70.01339457870819,33.87379510830364,7,1.4319476248573138,2.5989898052798135
domain,synthetic_smooth,zlpng,8,8,9,12383991,453801,27.289474901994488,3.664416422783253,4.344399222222222,0.4528453333333333,316.72940943400613,3038.562835287398,0.837531133093773,16.2468866906227,-46.88778548863224,5,0.1910721167864842,1.5696610174481942,0.2998660542129182,70.01339457870819,33.87379510830364,7,5.623158865106345,6.186330971967863
domain,synthetic_sparse,original_zpng,0,1,4,2956038,72532,40.754949539513596,2.4536897022298088,0.3722755,0.30215025,1985.114518683072,2445.834481354889,1.0,0.0,0.0,0,1.0,1.0,1.1717654931069916,-17.176549310699162,-25.171711593552626,1,11.501328988880546,3.6952774323370576
domain,synthetic_sparse,png,0,1,4,2956038,57946,51.01366789769786,1.9602589682541294,4.281663,1.116529,172.59870755825483,661.8811513180581,0.853413081271452,14.658691872854801,20.109744664423978,3,0.08694647383504961,0.27061567590273067,1.0,0.0,0.0,0,1.0,1.0
domain,synthetic_sparse,zlpng,1,1,4,2956038,115791,25.52908257118429,3.9171012009994457,0.3102075,0.4369555,2382.307004182684,1691.2694770977823,1.4058765206782957,-40.58765206782957,-59.641261787900525,1,1.2000854266901992,0.6914897512446919,1.6473575945001449,-64.73575945001448,-99.82569978945915,0,13.80257730712507,2.5552464724668758
domain,synthetic_sparse,zlpng,1,8,4,2956038,115791,25.52908257118429,3.9171012009994457,0.2326455,0.26578275,3176.54757990161,2780.5021206229526,1.4058765206782957,-40.58765206782957,-59.641261787900525,1,1.6001835410528036,1.1368316792568367,1.6473575945001449,-64.73575945001448,-99.82569978945915,0,18.404237348240134,4.200908448723629
domain,synthetic_sparse,zlpng,2,1,4,2956038,85601,34.532750785621666,2.895801745444409,0.48625225,0.46784925,1519.8068492228056,1579.5889381034597,1.0406026645525426,-4.060266455254258,-18.018254012022282,1,0.765601598758669,0.6458282235143051,1.2193422943578596,-21.93422943578596,-47.72546853967488,2,8.805435861736372,2.3865144595187444
domain,synthetic_sparse,zlpng,2,8,4,2956038,85601,34.532750785621666,2.895801745444409,0.3083645,0.27700975,2396.5453221755424,2667.810429055295,1.0406026645525426,-4.060266455254258,-18.018254012022282,1,1.2072579690593437,1.0907567332918786,1.2193422943578596,-21.93422943578596,-47.72546853967488,2,13.885071076599285,4.03064874070317
domain,synthetic_sparse,zlpng,3,1,4,2956038,86565,34.148189221971926,2.9284129635681273,0.539242,0.4644495,1370.4598306511732,1591.1514599542038,1.098484157372007,-9.8484157372007,-19.347322561076496,1,0.6903681463980922,0.6505556578271696,1.287165830333228,-28.716583033322806,-49.389086390777614,1,7.940151175168106,2.4039836408479287
domain,synthetic_sparse,zlpng,3,8,4,2956038,86565,34.148189221971926,2.9284129635681273,0.439184,0.2192855,1682.6876662173486,3370.079189002465,1.098484157372007,-9.8484157372007,-19.347322561076496,1,0.8476526922656563,1.3778852226891427,1.287165830333228,-28.716583033322806,-49.389086390777614,1,9.749132482057634,5.09166816775391
domain,synthetic_sparse,zlpng,4,1,4,2956038,86573,34.14503367100597,2.928683596083677,0.5400005,0.46307,1368.5348439492186,1595.8915498736692,1.0988754909704295,-9.887549097042946,-19.358352175591452,1,0.6893984357421892,0.6524936834603839,1.2876243815401527,-28.762438154015268,-49.40289234804818,1,7.928998213890543,2.4111451832336366
domain,synthetic_sparse,zlpng,4,8,4,2956038,86573,34.14503367100597,2.928683596083677,0.308387,0.20076475,2396.370469572323,3680.9723818548823,1.0988754909704295,-9.887549097042946,-19.358352175591452,1,1.2071698871872032,1.5049965195583388,1.2876243815401527,-28.762438154015268,-49.40289234804818,1,13.884058018009839,5.561379674469746
domain,synthetic_sparse,zlpng,5,1,4,2956038,83715,35.31073284357642,2.8320001299036073,1.01946525,0.4638085,724.8991566902354,1593.3504884020022,0.9507234046066153,4.927659539338469,-15.41802239011747,2,0.3651674247847094,0.6514547491044257,1.1140248790072285,-11.402487900722846,-44.470714113139834,2,4.199910688471236,2.407306032554384
domain,synthetic_sparse,zlpng,5,8,4,2956038,83715,35.31073284357642,2.8320001299036073,0.748212,0.26942825,987.7006784173469,2742.8805257058234,0.9507234046066153,4.927659539338469,-15.41802239011747,2,0.4975535008794299,1.1214497737338234,1.1140248790072285,-11.402487900722846,-44.470714113139834,2,5.722526503183589,4.144068040378097
domain,synthetic_sparse,zlpng,6,1,4,2956038,83734,35.30272051974109,2.8326428821280376,1.047372,0.46624975,705.5845487563158,1585.0078203795283,0.950941216134963,4.905878386503703,-15.444217724590526,2,0.3554377050369878,0.6480437791119459,1.114280103040147,-11.428010304014702,-44.50350326165739,2,4.088005980683081,2.3947015521187947
domain,synthetic_sparse,zlpng,6,8,4,2956038,83734,35.30272051974109,2.8326428821280376,0.604678,0.255352,1222.1537744055513,2894.0815031799243,0.950941216134963,4.905878386503703,-15.444217724590526,2,0.6156590780547664,1.1832695651492842,1.114280103040147,-11.428010304014702,-44.50350326165739,2,7.080897601698755,4.372509320467433
domain,synthetic_sparse,zlpng,7,1,4,2956038,83613,35.353808618277064,2.828549565330351,1.091241,0.463711,677.2193310185376,1593.6855067056852,0.9434433229700357,5.655667702996425,-15.27739480505157,2,0.34114874716034316,0.651591724155778,1.1054943305584826,-10.549433055848256,-44.29468815794016,2,3.9236639752355345,2.40781219337044
domain,synthetic_sparse,zlpng,7,8,4,2956038,83613,35.353808618277064,2.828549565330351,0.80871525,0.28587275,913.8068065366642,2585.099489195805,0.9434433229700357,5.655667702996425,-15.27739480505157,2,0.4603295164769058,1.0569396698356175,1.1054943305584826,-10.549433055848256,-44.29468815794016,2,5.294401212293202,3.9056853092853374
domain,synthetic_sparse,zlpng,8,1,4,2956038,84373,35.03535491211643,2.8542596543075565,8.946548,0.56362875,82.60275359837112,1311.1635983792523,0.9786217965979178,2.1378203402082185,-16.32520818397396,2,0.04161107725571919,0.5360802656003619,1.1467152520558093,-14.671525205580927,-45.60625409864356,2,0.4785826890997511,1.9809653073942732
domain,synthetic_sparse,zlpng,8,8,4,2956038,84373,35.03535491211643,2.8542596543075565,2.68244975,0.352581,275.497984631399,2095.999217201154,0.9786217965979178,2.1378203402082185,-16.32520818397396,2,0.13878191008051502,0.8569669097313809,1.1467152520558093,-14.671525205580927,-45.60625409864356,2,1.5961764055412409,3.16673048179
domain,synthetic_traversal,original_zpng,0,1,6,1970692,21140,93.22100283822138,1.0727196335094475,0.13048333333333334,0.11082366666666667,2517.1694980201814,2963.7051051069116,1.0,0.0,0.0,0,1.0,1.0,0.7271958436100624,27.28041563899376,13.111385121249485,4,12.397735342955677,5.60937495300342
domain,synthetic_traversal,png,0,1,6,1970692,24330,80.99843814221126,1.2345917068725099,1.6176978333333332,0.6216515,203.0346211133167,528.3485468412232,1.3751453735428951,-37.514537354289516,-15.089877010406806,2,0.08065989249949543,0.1782729819950031,1.0,0.0,0.0,0,1.0,1.0
domain,synthetic_traversal,zlpng,1,1,6,1970692,33000,59.717939393939396,1.6745386899627137,0.10163633333333333,0.333452,3231.6068072769253,984.9953416583696,1.6987432264090327,-69.87432264090327,-56.10217596972564,0,1.2838256660183858,0.33235268244504956,1.2353190136053958,-23.531901360539575,-35.635018495684335,1,15.916530833789754,1.8642908124707605
domain,synthetic_traversal,zlpng,1,8,6,1970692,33000,59.717939393939396,1.6745386899627137,0.10840133333333332,0.254126,3029.9319811564433,1292.4638433952712,1.6987432264090327,-69.87432264090327,-56.10217596972564,0,1.2037059814762425,0.43609731655425527,1.2353190136053958,-23.531901360539575,-35.635018495684335,1,14.923228189075164,2.446233364551443
domain,synthetic_traversal,zlpng,2,1,6,1970692,18246,108.0067960100844,0.925867664759384,0.12107916666666667,0.3431518333333333,2712.67696754878,957.1525918313127,0.9201953776563805,7.980462234361951,13.689687795648064,2,1.0776695688082867,0.32295810746554854,0.6691622539409116,33.08377460590884,25.006165228113442,6,13.3606621012423,1.8115931188866348
domain,synthetic_traversal,zlpng,2,8,6,1970692,18246,108.0067960100844,0.925867664759384,0.11939616666666668,0.2509578333333333,2750.91467202325,1308.7802931036888,0.9201953776563805,7.980462234361951,13.689687795648064,2,1.0928603235447258,0.4416027393712224,0.6691622539409116,33.08377460590884,25.006165228113442,6,13.548993058124424,2.477115345406632
domain,synthetic_traversal,zlpng,3,1,6,1970692,16928,116.41611531190927,0.8589876043542065,0.12574483333333333,0.3418778333333333,2612.0251461624002,960.7193992785922,0.8327025527308161,16.729744726918394,19.92431409649953,2,1.0376834568418318,0.32416160353576595,0.6055378353093382,39.44621646906617,30.423345663789558,6,12.864924867688401,1.8183439795989502
domain,synthetic_traversal,zlpng,3,8,6,1970692,16928,116.41611531190927,0.8589876043542065,0.12608483333333334,0.26917383333333333,2604.981566643622,1220.2102358884563,0.8327025527308161,16.729744726918394,19.92431409649953,2,1.034885242607821,0.4117178304230909,0.6055378353093382,39.44621646906617,30.423345663789558,6,12.830233348182242,2.3094796856801953
domain,synthetic_traversal,zlpng,4,1,6,1970692,16933,116.38173979802752,0.8592413223375343,0.12995716666666668,0.3414693333333333,2527.360938155264,961.8687085614325,0.7796323601497284,22.036763985027164,19.900662251655632,3,1.0040487699152156,0.32454939828662016,0.5669454118447858,43.305458815521426,30.402794903411422,6,12.447930920829043,1.8205192657612983
domain,synthetic_traversal,zlpng,4,8,6,1970692,16933,116.38173979802752,0.8592413223375343,0.14385483333333335,0.23498533333333335,2283.1952118397135,1397.7411356169746,0.7796323601497284,22.036763985027164,19.900662251655632,3,0.907048656689788,0.47161950533082914,0.5669454118447858,43.305458815521426,30.402794903411422,6,11.245349188823456,2.645490640550616
domain,synthetic_traversal,zlpng,5,1,6,1970692,17381,113.3819688165238,0.8819744536436948,0.3611823333333333,0.33967816666666667,909.3707979441593,966.9407659897678,0.7707292361918601,22.927076380813993,17.781456953642383,5,0.3612672085290255,0.32626078901155947,0.5604710971074788,43.952890289252124,28.56144677353062,6,4.478895239431238,1.830119098028575
domain,synthetic_traversal,zlpng,5,8,6,1970692,17381,113.3819688165238,0.8819744536436948,0.3127845,0.2339205,1050.0797407373661,1404.1038158975664,0.7707292361918601,22.927076380813993,17.781456953642383,5,0.41716687794098917,0.4737663721934019,0.5604710971074788,43.952890289252124,28.56144677353062,6,5.171924546559479,2.6575332217569643
domain,synthetic_traversal,zlpng,6,1,6,1970692,15215,129.52297075254683,0.7720638232661421,0.3656658333333333,0.337565,898.2208254804592,972.9938431610702,0.625000702876901,37.4999297123099,28.027436140018924,5,0.3568376409244324,0.32830319099037714,0.45449791338545,54.550208661455,37.464036169338264,6,4.423978632585762,1.8415756965325196
domain,synthetic_traversal,zlpng,6,8,6,1970692,15215,129.52297075254683,0.7720638232661421,0.3069536666666667,0.26223183333333333,1070.0268553017231,1252.5125668063438,0.625000702876901,37.4999297123099,28.027436140018924,5,0.42509130042427684,0.42261713712611804,0.45449791338545,54.550208661455,37.464036169338264,6,5.2701694392530465,2.3706179837052583
domain,synthetic_traversal,zlpng,7,1,6,1970692,14089,139.87451203066223,0.7149265334207476,0.393172,0.336046,835.3816311097094,977.3919840339319,0.5767080636830634,42.32919363169366,33.353831598864716,5,0.3318734124844428,0.32978719183286415,0.4193797068867308,58.06202931132691,42.09206740649404,6,4.114478735345684,1.8499000136886021
domain,synthetic_traversal,zlpng,7,8,6,1970692,14089,139.87451203066223,0.7149265334207476,0.3644306666666667,0.26193933333333336,901.2651697808088,1253.9112109928762,0.5767080636830634,42.32919363169366,33.353831598864716,5,0.3580470725112779,0.4230890613348129,0.4193797068867308,58.06202931132691,42.09206740649404,6,4.438972845314884,2.373265183541227
domain,synthetic_traversal,zlpng,8,1,6,1970692,9881,199.44256654184798,0.5013974786521689,2.2189911666666666,0.3364566666666667,148.017113182139,976.19901522732,0.44798776755395436,55.20122324460457,53.25922421948912,6,0.058802998089146664,0.3293846656825545,0.32577484255338646,67.42251574466135,59.387587340731606,6,0.7290240076815688,1.8476420935831261
domain,synthetic_traversal,zlpng,8,8,6,1970692,9881,199.44256654184798,0.5013974786521689,1.5362951666666667,0.22617883333333336,213.79268371930698,1452.163590315333,0.44798776755395436,55.20122324460457,53.25922421948912,6,0.08493376544069059,0.48998248436156344,0.32577484255338646,67.42251574466135,59.387587340731606,6,1.0529863456143573,2.748495475188144
domain,texture,original_zpng,0,1,3,786432,573149,1.372124875032496,72.87966410319011,0.42286,0.19979433333333335,619.9309464125242,1312.0692445398017,1.0,0.0,0.0,0,1.0,1.0,1.1337143849520335,-13.371438495203346,-10.562002793231429,0,24.808135080168377,7.866190732803567
domain,texture,png,0,1,3,786432,518396,1.5170487426600514,65.91746012369792,10.490368,1.5716203333333332,24.98901849773049,166.79855461274468,0.8820563744036019,11.794362559639815,9.55301326531146,3,0.040309358070184,0.1271263352196385,1.0,0.0,0.0,0,1.0,1.0
domain,texture,zlpng,1,1,3,786432,517130,1.5207626708951327,65.75647989908855,0.3322003333333333,0.371626,789.1141991629548,705.3973618638094,0.8791450361208604,12.085496387913963,9.773898235886303,3,1.2729066095659145,0.5376220537135005,0.9966993739093943,0.3300626090605663,0.24421484733678778,2,31.578439114550356,4.229037616671959
domain,texture,zlpng,1,8,3,786432,517130,1.5207626708951327,65.75647989908855,0.3285446666666667,0.372511,797.8945531505609,703.7215008415859,0.8791450361208604,12.085496387913963,9.773898235886303,3,1.28707004831408,0.536344788028631,0.9966993739093943,0.3300626090605663,0.24421484733678778,2,31.92980761621454,4.21899040117831
domain,texture,zlpng,2,1,3,786432,516806,1.5217160791476878,65.7152811686198,0.313078,0.4377126666666667,837.31210752592,598.8951656261565,0.879989191307737,12.0010808692263,9.830428038782236,3,1.350653830674784,0.4564508833039635,0.9976564047878883,0.23435952121116932,0.3067153295935876,1,33.507202677926905,3.5905297082256395
domain,texture,zlpng,2,8,3,786432,516806,1.5217160791476878,65.7152811686198,0.313131,0.4375026666666667,837.1703855574823,599.1826335534716,0.879989191307737,12.0010808692263,9.830428038782236,3,1.3504252213929633,0.45666997839251267,0.9976564047878883,0.23435952121116932,0.3067153295935876,1,33.50153130798292,3.592253151980788
domain,texture,zlpng,3,1,3,786432,519671,1.5133267009319358,66.07958475748698,0.39188666666666666,0.4384733333333333,668.9280914550125,597.8561980204041,0.8876246897271162,11.237531027288384,9.330558022433955,3,1.0790364561182655,0.45565902905535877,1.006312879182217,-0.6312879182216902,-0.24595097184392234,1,26.768882159808108,3.584300831673534
domain,texture,zlpng,3,8,3,786432,519671,1.5133267009319358,66.07958475748698,0.392571,0.4393416666666667,667.762009929414,596.6745699057302,0.8876246897271162,11.237531027288384,9.330558022433955,3,1.0771554699659425,0.45475844540126326,1.006312879182217,-0.6312879182216902,-0.24595097184392234,1,26.72221840125735,3.5772166688795735
domain,texture,zlpng,4,1,3,786432,527624,1.4905159734962776,67.09086100260417,0.6473183333333333,0.4679546666666667,404.9692191631629,560.1910156539379,0.9057593251855006,9.424067481449939,7.942960730979209,3,0.6532489166844752,0.42695232586632326,1.0268723762672487,-2.68723762672487,-1.7801063279809348,1,16.20588736608212,3.3584884290786
domain,texture,zlpng,4,8,3,786432,527624,1.4905159734962776,67.09086100260417,0.6484133333333334,0.47021466666666667,404.2853324011433,557.4985609409603,0.9057593251855006,9.424067481449939,7.942960730979209,3,0.6521457506528757,0.42490025832173106,1.0268723762672487,-2.68723762672487,-1.7801063279809348,1,16.178519874154347,3.3423464743762423
domain,texture,zlpng,5,1,3,786432,519011,1.5152511218452018,65.99566141764323,0.703279,0.442563,372.74538270018013,592.3314872684792,0.8858773768778945,11.412262312210553,9.445711324629368,3,0.6012691975730826,0.45144834370097214,1.0043319254700427,-0.43319254700426857,-0.11863517465413587,1,14.916367472937482,3.5511787775601062
domain,texture,zlpng,5,8,3,786432,519011,1.5152511218452018,65.99566141764323,0.7018036666666666,0.442673,373.52896892815704,592.1842985680174,0.8858773768778945,11.412262312210553,9.445711324629368,3,0.6025331871069354,0.45133616311212416,1.0043319254700427,-0.43319254700426857,-0.11863517465413587,1,14.947724696033221,3.5502963436517097
domain,texture,zlpng,6,1,3,786432,518111,1.517883233515598,65.88122049967448,0.9133353333333334,0.4400496666666667,287.0183495948549,595.7145746427108,0.883483511786523,11.651648821347704,9.60273855489585,3,0.46298438762542854,0.45402678031040433,1.0016179661803204,-0.1617966180320396,0.05497727605923153,1,11.485779228220668,3.5714612517223436
domain,texture,zlpng,6,8,3,786432,518111,1.517883233515598,65.88122049967448,0.9128513333333333,0.4390713333333333,287.1705286804642,597.0419385156854,0.883483511786523,11.651648821347704,9.60273855489585,3,0.46322986510399283,0.45503843718636455,1.0016179661803204,-0.1617966180320396,0.05497727605923153,1,11.49186906666803,3.579419137664799
domain,texture,zlpng,7,1,3,786432,517585,1.5194257947969898,65.81433614095052,0.984159,0.4399126666666667,266.36346362732036,595.9000953219503,0.882078402766013,11.792159723398699,9.694512247251586,3,0.4296663445642422,0.4541681758045915,1.0000249738713425,-0.0024973871342481857,0.1564441083650392,1,10.65922071535189,3.5725734956483786
domain,texture,zlpng,7,8,3,786432,517585,1.5194257947969898,65.81433614095052,0.9830433333333334,0.4399093333333333,266.6657624451957,595.9046106470424,0.882078402766013,11.792159723398699,9.694512247251586,3,0.4301539776137369,0.4541716171817223,1.0000249738713425,-0.0024973871342481857,0.1564441083650392,1,10.67131798191331,3.572600566177273
domain,texture,zlpng,8,1,3,786432,507302,1.550224521093944,64.5067850748698,5.222134333333333,0.7612866666666667,50.19863206633967,344.34334854150427,0.8533606690727465,14.663933092725346,11.488635590396212,3,0.0809745542738815,0.2624429693588924,0.9674672660800646,3.2532733919935386,2.1400628091266083,2,2.0088276804828777,2.06442645346037
domain,texture,zlpng,8,8,3,786432,507302,1.550224521093944,64.5067850748698,5.207415666666667,0.7623816666666666,50.34051759647636,343.84877215917663,0.8533606690727465,14.663933092725346,11.488635590396212,3,0.08120342739427945,0.2620660255471341,0.9674672660800646,3.2532733919935386,2.1400628091266083,2,2.01450559576993,2.061461341541529
split,confirmation,original_zpng,0,1,36,60249018,29823400,2.0201928016255692,49.50022587920022,2.1762336666666666,1.2302079444444445,769.0276365849807,1360.4072717065042,1.0,0.0,0.0,0,1.0,1.0,0.9190284221195738,8.097157788042619,-0.2816409249862817,15,36.99894103487559,4.658563143548045
split,confirmation,png,0,1,36,60249018,29739641,2.0258824913185736,49.361204526188295,80.5183411111111,5.731001388888889,20.785125602921635,292.022932777164,1.0881056297406775,-8.810562974067748,0.2808499366269479,21,0.02702780058103256,0.21465846210219708,1.0,0.0,0.0,0,1.0,1.0
split,confirmation,zlpng,1,1,36,60249018,29525886,2.0405490287404078,49.006418660632775,1.708695138888889,1.2831297777777777,979.4513926115648,1304.2981795900441,0.996277698501279,0.37223014987209924,0.9975857883406936,21,1.273623139164429,0.9587556658337496,0.915607521246551,8.439247875344902,0.7187544731962259,17,47.12270742659786,4.466423808520971
split,confirmation,zlpng,1,8,36,60249018,29525886,2.0405490287404078,49.006418660632775,0.5659066388888889,0.36796805555555556,2957.3497081060536,4548.176962825124,0.996277698501279,0.37223014987209924,0.9975857883406936,21,3.845570129623364,3.3432465831499565,0.915607521246551,8.439247875344902,0.7187544731962259,17,142.28202247141374,15.57472531205532
split,confirmation,zlpng,2,1,36,60249018,24108352,2.4990931773353897,40.01451442743847,5.078415444444444,1.9717705,329.5484293558846,848.7721229896346,0.8218205782165583,17.817942178344172,19.16296599314632,26,0.42852612010058516,0.6239103102741644,0.7552764692637594,24.472353073624063,18.93529582283794,29,15.855012649505568,2.9065255763228475
split,confirmation,zlpng,2,8,36,60249018,24108352,2.4990931773353897,40.01451442743847,1.2044879166666667,0.5387855277777778,1389.4567227912553,3106.215269433895,0.8218205782165583,17.817942178344172,19.16296599314632,26,1.8067708580167714,2.283298049074258,0.7552764692637594,24.472353073624063,18.93529582283794,29,66.84860843929411,10.636888137152493
split,confirmation,zlpng,3,1,36,60249018,24044004,2.5057813998034604,39.90771102692495,6.129158916666667,1.8985582777777779,273.0527721809356,881.5024816052672,0.7879590839484145,21.20409160515855,19.378729454052856,27,0.3550623660203948,0.6479695455460955,0.7241567936158961,27.584320638410386,19.151666961951562,29,13.136931544092004,3.0186070430226164
split,confirmation,zlpng,3,8,36,60249018,24044004,2.5057813998034604,39.90771102692495,1.4711565,0.5295878611111111,1137.5974162730704,3160.162753394765,0.7879590839484145,21.20409160515855,19.378729454052856,27,1.479267274872977,2.32295344131073,0.7241567936158961,27.584320638410386,19.151666961951562,29,54.73132267784638,10.821625285868262
split,confirmation,zlpng,4,1,36,60249018,24099449,2.500016411163591,39.99973742310622,6.284948277777778,1.8921485833333334,266.28442420930736,884.4885904176923,0.7910041403071836,20.89958596928164,19.192818390927926,24,0.3462611895091261,0.6501645564627009,0.7269552869565609,27.304471304343913,18.965232297188795,29,12.81129733331404,3.0288326399783996
split,confirmation,zlpng,4,8,36,60249018,24099449,2.500016411163591,39.99973742310622,1.4769990555555554,0.5169846388888889,1133.097429574073,3237.2022444036725,0.7910041403071836,20.89958596928164,19.192818390927926,24,1.4734157469370233,2.3795831672840912,0.7269552869565609,27.304471304343913,18.965232297188795,29,54.5148223407801,11.085438440116988
split,confirmation,zlpng,5,1,36,60249018,23835231,2.527729561337165,39.561194175812126,10.420857194444444,1.8857535277777777,160.5994403440777,887.4881094909201,0.7335464624459531,26.645353755404688,20.078760302312947,27,0.20883441986201076,0.6523694249132093,0.6741500479330995,32.584995206690046,19.853669383567873,30,7.726652386526989,3.03910415887831
split,confirmation,zlpng,5,8,36,60249018,23835231,2.527729561337165,39.561194175812126,2.870196388888889,0.5470619722222223,583.0903557025279,3059.221657347271,0.7335464624459531,26.645353755404688,20.078760302312947,27,0.7582176868075327,2.248754267176007,0.6741500479330995,32.584995206690046,19.853669383567873,30,28.05325148579167,10.475963747962538
split,confirmation,zlpng,6,1,36,60249018,23781811,2.533407485241557,39.472528830262426,11.706996861111111,1.8879142777777778,142.95586248021712,886.4723642554745,0.7179774920713125,28.202250792868753,20.257881395146093,29,0.18589171010165628,0.6516227770110914,0.6598417216556671,34.01582783443329,20.033294954703727,31,6.877796420923369,3.035625852480296
split,confirmation,zlpng,6,8,36,60249018,23781811,2.533407485241557,39.472528830262426,3.067577277777778,0.51925925,545.5718574580508,3223.021705118076,0.7179774920713125,28.202250792868753,20.257881395146093,29,0.7094307558058258,2.369159421703984,0.6598417216556671,34.01582783443329,20.033294954703727,31,26.248186702386977,11.036878763139779
split,confirmation,zlpng,7,1,36,60249018,23739500,2.537922786916321,39.40230195951077,12.813247416666666,1.8765434722222223,130.6135578991818,891.8438917652454,0.7124248148787361,28.75751851212639,20.39975321391927,30,0.16984247598590493,0.655571247165204,0.6547386534968344,34.526134650316564,20.175566342579586,31,6.2839917542197705,3.0540200500136443
split,confirmation,zlpng,7,8,36,60249018,23739500,2.537922786916321,39.40230195951077,3.326345388888889,0.5460940277777777,503.12990314345154,3064.6440872896073,0.7124248148787361,28.75751851212639,20.39975321391927,30,0.6542416412727368,2.25274015438428,0.6547386534968344,34.526134650316564,20.175566342579586,31,24.20624790801022,10.494532255205339
split,confirmation,zlpng,8,1,36,60249018,24617462,2.447409810158334,40.859524050665854,23.23339208333333,2.976286222222222,72.03355529534977,562.3060782385924,0.6647426020262535,33.525739797374655,17.455883634998028,31,0.09366835711552451,0.4133365720202537,0.6109173446558476,38.90826553441524,17.223405622145872,32,3.4656300217509615,1.9255545202940458
split,confirmation,zlpng,8,8,36,60249018,24617462,2.447409810158334,40.859524050665854,5.841509555555556,0.7665906388888889,286.4985184765597,2183.151930682401,0.6647426020262535,33.525739797374655,17.455883634998028,31,0.37254645327027913,1.6047781984756966,0.6109173446558476,38.90826553441524,17.223405622145872,32,13.783824257299093,7.475960568988309
split,continuity,original_zpng,0,1,83,245420467,134174820,1.829109716711377,54.67140603232574,4.658763843373494,2.576149,634.690487819279,1147.788072966875,1.0,0.0,0.0,0,1.0,1.0,0.8428169320694223,15.718306793057767,-5.705239478761515,58,29.81069566209635,5.354611237759217
split,continuity,png,0,1,83,245420467,126932989,1.9334648063790572,51.7206207581701,138.88099109638554,13.794276385542169,21.290696970425756,214.35507117173987,1.1864972830394331,-18.649728303943313,5.397310016886925,25,0.03354500717913397,0.1867549212440075,1.0,0.0,0.0,0,1.0,1.0
split,continuity,zlpng,1,1,83,245420467,123080313,1.9939863737590593,50.15079406559845,3.6843826746987953,2.314545493975904,802.5423408623731,1277.517812495556,1.034241494851044,-3.4241494851044108,8.268695273822612,53,1.264462531366766,1.1130258647777609,0.8716762437092501,12.832375629074988,3.035204662201718,58,37.694507698698615,5.959820803455669
split,continuity,zlpng,1,8,83,245420467,123080313,1.9939863737590593,50.15079406559845,0.9280546746987952,0.5594483493975904,3186.0979498273746,5285.337063858496,1.034241494851044,-3.4241494851044108,8.268695273822612,53,5.019923901450655,4.604802217709602,0.8716762437092501,12.832375629074988,3.035204662201718,58,149.6474236730288,24.656925702606394
split,continuity,zlpng,2,1,83,245420467,123056609,1.9943704689603465,50.14113553944138,4.416616746987952,3.0335682289156627,669.4882680056115,974.7178481765894,0.9983559281366121,0.1644071863387886,8.286361777865626,64,1.0548263773510984,0.8492141285778282,0.84143128046542,15.856871953457997,3.053879082607913,69,31.445108111565197,4.5472115161467395
split,continuity,zlpng,2,8,83,245420467,123056609,1.9943704689603465,50.14113553944138,1.188749686746988,0.7264338795180723,2487.3807575731284,4070.395365297635,0.9983559281366121,0.1644071863387886,8.286361777865626,64,3.9190452753112353,3.5462952274597352,0.84143128046542,15.856871953457997,3.053879082607913,69,116.82946598827984,18.989032277367777
split,continuity,zlpng,3,1,83,245420467,124646408,1.9689333285881772,50.788921365714785,7.137155277108434,3.166378734939759,414.2929474813805,933.8343084980949,0.9874359342233682,1.2564065776631828,7.101490428681034,63,0.6527480014783926,0.8135947135992283,0.832227724697243,16.777227530275695,1.801407985437098,67,19.458872016113983,4.356483396419919
split,continuity,zlpng,3,8,83,245420467,124646408,1.9689333285881772,50.788921365714785,1.661629843373494,0.760265951807229,1779.5016791359524,3889.261500343079,0.9874359342233682,1.2564065776631828,7.101490428681034,63,2.803731445936914,3.3884839823172848,0.832227724697243,16.777227530275695,1.801407985437098,67,83.58118485307469,18.144014410683237
split,continuity,zlpng,4,1,83,245420467,129167872,1.9000116917618648,52.63125507784157,10.241941638554218,3.5352124698795184,288.70239655094764,836.4060495878241,1.0229699077729146,-2.2969907772914633,3.731659934404985,58,0.45487115703103526,0.7287112222954443,0.8621763592685078,13.782364073149223,-1.760679408565724,64,13.560025627717831,3.9019652999844405
split,continuity,zlpng,4,8,83,245420467,129167872,1.9000116917618648,52.63125507784157,2.1348842771084335,0.8094503373493976,1385.027342273765,3652.939482449328,1.0229699077729146,-2.2969907772914633,3.731659934404985,58,2.1822090749028775,3.1825905569893047,0.8621763592685078,13.782364073149223,-1.760679408565724,64,65.05317060299451,17.041535161641296
split,continuity,zlpng,5,1,83,245420467,124511049,1.9710738040605538,50.73376744898786,15.841114361445783,3.2948887108433738,186.65814973105685,897.4121300833522,0.9628150575979676,3.7184942402032406,7.202372993680928,66,0.29409318922108324,0.7818622193587225,0.8114768329949631,18.852316700503692,1.9080461423625628,72,8.767122560165028,4.186568226157577
split,continuity,zlpng,5,8,83,245420467,124511049,1.9710738040605538,50.73376744898786,3.2436506385542168,0.7805331325301205,911.5880302397488,3788.2736467582786,0.9628150575979676,3.7184942402032406,7.202372993680928,66,1.4362717698383298,3.3004992262779917,0.8114768329949631,18.852316700503692,1.9080461423625628,72,42.81626061871095,17.672890247243735
split,continuity,zlpng,6,1,83,245420467,124275342,1.9748122439284859,50.6377253369011,18.92680009638554,3.2499644578313256,156.22678325588788,909.8170563867149,0.9444386347622566,5.556136523774335,7.378044554112318,69,0.2461464071923695,0.7926698994483906,0.7959888726781588,20.401112732184124,2.093740186012638,71,7.337795633130171,4.2444391514198205
split,continuity,zlpng,6,8,83,245420467,124275342,1.9748122439284859,50.6377253369011,3.8319578674698795,0.7672260240963856,771.6350749800577,3853.979145021903,0.9444386347622566,5.556136523774335,7.378044554112318,69,1.2157659359781865,3.357744548660359,0.7959888726781588,20.401112732184124,2.093740186012638,71,36.24282831378944,17.97941669378151
split,continuity,zlpng,7,1,83,245420467,124148549,1.9768291210556155,50.58606175661788,20.675065240963853,3.265192493975904,143.01638528941808,905.5738985804992,0.9367999799970415,6.320002000295855,7.472542910808455,70,0.22533248572986395,0.7889730865034297,0.7895508851038027,21.044911489619732,2.1936299002617843,73,6.717318154876643,4.224644155280839
split,continuity,zlpng,7,8,83,245420467,124148549,1.9768291210556155,50.58606175661788,4.232186204819277,0.7577900120481927,698.6632802258299,3901.968948354911,0.9367999799970415,6.320002000295855,7.472542910808455,70,1.10079368390466,3.3995552317152553,0.7895508851038027,21.044911489619732,2.1936299002617843,73,32.81542549763971,18.203296647125644
split,continuity,zlpng,8,1,83,245420467,118974803,2.0627936404315794,48.47794662537253,46.652584445783134,4.541932734939759,63.38069222771237,651.0164876813747,0.8384591513969719,16.15408486030281,11.328516781315601,75,0.09986078796529768,0.5671922395905249,0.7066675696459271,29.333243035407286,6.269596314319836,77,2.976919558610623,3.037093940081243
split,continuity,zlpng,8,8,83,245420467,118974803,2.0627936404315794,48.47794662537253,10.001502048192771,1.138977626506024,295.64290264979115,2596.0765405516972,0.8384591513969719,16.15408486030281,11.328516781315601,75,0.4658064179685203,2.2618082568511055,0.7066675696459271,29.333243035407286,6.269596314319836,77,13.88601336351081,12.111103909791515
split,dev,original_zpng,0,1,205,588325102,259131915,2.2703691361212686,44.045700943081634,4.294023575609756,2.394241604878049,668.3425220677642,1198.6587069969662,1.0,0.0,0.0,0,1.0,1.0,0.8494231964068829,15.057680359311709,0.669095815052001,135,32.14391767917327,5.340556259732689
split,dev,png,0,1,205,588325102,260877435,2.255178191245249,44.342394045936864,138.02674032682924,12.786581990243903,20.792192437102887,224.44454260967993,1.1772694744269607,-17.726947442696073,-0.6736028636225688,70,0.03111008465056894,0.18724641242709295,1.0,0.0,0.0,0,1.0,1.0
split,dev,zlpng,1,1,205,588325102,247903953,2.373197744047268,42.13723877448969,3.5943559902439026,2.063323131707317,798.4402641616814,1390.9011643594351,1.0205802487720312,-2.058024877203124,4.3329136050262225,122,1.1946572869423477,1.1603813130796,0.8669045371016705,13.309546289832952,4.973018076477176,135,38.400965486299306,6.197081685244094
split,dev,zlpng,1,8,205,588325102,247903953,2.373197744047268,42.13723877448969,0.8793882682926829,0.4915113804878049,3263.494237776543,5838.8852430908655,1.0205802487720312,-2.058024877203124,4.3329136050262225,122,4.882966637645199,4.871182438343263,0.8669045371016705,13.309546289832952,4.973018076477176,135,156.9576776306168,26.014823863394057
split,dev,zlpng,2,1,205,588325102,233073370,2.524205583846838,39.616424525771805,5.992361229268293,2.774644117073171,478.9228213286292,1034.3231150554727,0.9512960064641174,4.870399353588262,10.056092473210022,155,0.7165828980129899,0.8629004311383944,0.8080528945398534,19.194710546014658,10.65790339436602,158,23.033781684032967,4.608368299042189
split,dev,zlpng,2,8,205,588325102,233073370,2.524205583846838,39.616424525771805,1.2696717951219512,0.6381602487804878,2260.331022054257,4497.112679496642,0.9512960064641174,4.870399353588262,10.056092473210022,155,3.3819949313730464,3.7517874381135448,0.8080528945398534,19.194710546014658,10.65790339436602,158,108.71056666543646,20.03663188780376
split,dev,zlpng,3,1,205,588325102,236946601,2.482943834252343,40.27477328342859,8.443323419512195,2.823590024390244,339.8991609997178,1016.3934996056007,0.9121037765080623,8.78962234919377,8.561397773022284,152,0.5085703060582084,0.8479423656396742,0.7747621052962675,22.523789470373245,9.173209633865032,157,16.347442052007008,4.528483908709506
split,dev,zlpng,3,8,205,588325102,236946601,2.482943834252343,40.27477328342859,1.6627269121951218,0.6373164780487804,1726.00715444767,4503.066600643898,0.9121037765080623,8.78962234919377,8.561397773022284,152,2.582518839453204,3.756754591075852,0.7747621052962675,22.523789470373245,9.173209633865032,157,83.0122729802979,20.06315924764966
split,dev,zlpng,4,1,205,588325102,244574990,2.405499850986399,41.57140145279744,10.29416820487805,3.085615580487805,278.7868324301839,930.0829839236695,0.9219907153975377,7.800928460246226,5.617573196261838,135,0.41713167010181235,0.7759364517142939,0.7831603005304452,21.683969946955482,6.249082064150158,153,13.408246065128719,4.143932274357544
split,dev,zlpng,4,8,205,588325102,244574990,2.405499850986399,41.57140145279744,1.970472068292683,0.6936999414634146,1456.442135121495,4137.060384187475,0.9219907153975377,7.800928460246226,5.617573196261838,135,2.1791852037417185,3.4514081114483126,0.7831603005304452,21.683969946955482,6.249082064150158,153,70.04754979674624,18.43243919448746
split,dev,zlpng,5,1,205,588325102,234995949,2.5035542293539708,39.943213063854614,15.32966307804878,2.8441165024390243,187.2108037684774,1009.0580128768798,0.8989667202738351,10.103327972616494,9.314161862308623,159,0.28011206467796135,0.8418226197220905,0.7636031849984133,23.639681500158673,9.920937010132747,160,9.00389914795165,4.495801061341381
split,dev,zlpng,5,8,205,588325102,234995949,2.5035542293539708,39.943213063854614,2.9839557707317073,0.6563813707317073,961.7698005080449,4372.273002114974,0.8989667202738351,10.103327972616494,9.314161862308623,159,1.4390372731821028,3.6476379611582295,0.7636031849984133,23.639681500158673,9.920937010132747,160,46.256295646427496,19.480415746702164
split,dev,zlpng,6,1,205,588325102,234513902,2.508700324298898,39.86127758322303,18.353866307317073,2.8122338975609753,156.36370551513383,1020.4978145062836,0.8849173167508464,11.50826832491536,9.500185648687854,164,0.23395744001349036,0.8513664553131773,0.751669295750306,24.833070424969396,10.105716119142304,165,7.520308692223753,4.54677045224922
split,dev,zlpng,6,8,205,588325102,234513902,2.508700324298898,39.86127758322303,3.4935062195121955,0.6515794878048781,821.4894624524785,4404.494923573894,0.8849173167508464,11.50826832491536,9.500185648687854,164,1.2291443912784386,3.6745196091793306,0.751669295750306,24.833070424969396,10.105716119142304,165,39.50951612907167,19.623978700313188
split,dev,zlpng,7,1,205,588325102,233980696,2.514417266285933,39.77064640019388,21.112705321951218,2.8079047999999998,135.93135046306,1022.0711707681342,0.8518946969636005,14.810530303639947,9.705951889407372,166,0.20338575801298145,0.8526790526794387,0.7236191164968945,27.638088350310554,10.310105586556384,167,6.537615062685531,4.553780452330115
split,dev,zlpng,7,8,205,588325102,233980696,2.514417266285933,39.77064640019388,3.994855931707317,0.6577788243902438,718.3935028953442,4362.984091197857,0.8518946969636005,14.810530303639947,9.705951889407372,166,1.0748882185031843,3.6398885401905314,0.7236191164968945,27.638088350310554,10.310105586556384,167,34.551118409879564,19.43902952804382
split,dev,zlpng,8,1,205,588325102,223468882,2.632693629352833,37.98391080719177,46.62929304878049,4.1093900048780485,61.5466879015126,698.3709365464889,0.761622084703874,23.837791529612595,13.7625012341687,175,0.09208854123346095,0.5826270083968583,0.6469394656432385,35.306053435676155,14.339512729416404,185,2.9600864886035225,3.111552316783172
split,dev,zlpng,8,8,205,588325102,223468882,2.632693629352833,37.98391080719177,9.675944897560976,1.0361166780487805,296.5993064992419,2769.8410875366194,0.761622084703874,23.837791529612595,13.7625012341687,175,0.4437833845759244,2.3107837713672317,0.6469394656432385,35.306053435676155,14.339512729416404,185,14.264936581193409,12.34087073506398
